2026/09/15 14:35:56.897, 0, NVIDIA RTX PRO 6000 Blackwell Server Edition, P0, 0, 0, 0, 97887, 91.10, 36, 2355, 12481
2026/09/15 14:35:56.900, 1, NVIDIA RTX PRO 6000 Blackwell Server Edition, P0, 0, 0, 0, 97887, 49.08, 34, 180, 12481
2026/09/15 14:35:56.903, 2, NVIDIA RTX PRO 6000 Blackwell Server Edition, P0, 0, 0, 0, 97887, 50.77, 34, 180, 12481
2026/09/15 14:35:56.906, 3, NVIDIA RTX PRO 6000 Blackwell Server Edition, P0, 0, 0, 0, 97887, 48.61, 34, 180, 12481
2026/09/15 14:35:56.909, 4, NVIDIA RTX PRO 6000 Blackwell Server Edition, P0, 0, 0, 0, 97887, 48.18, 34, 180, 12481
2026/09/15 14:35:56.913, 5, NVIDIA RTX PRO 6000 Blackwell Server Edition, P0, 0, 0, 0, 97887, 48.84, 34, 180, 12481
2026/09/15 14:35:56.916, 6, NVIDIA RTX PRO 6000 Blackwell Server Edition, P0, 0, 0, 0, 97887, 48.54, 34, 180, 12481
2026/09/15 14:35:56.920, 7, NVIDIA RTX PRO 6000 Blackwell Server Edition, P0, 0, 0, 0, 97887, 47.10, 34, 180, 12481
2026/09/15 14:35:57.996, 0, NVIDIA RTX PRO 6000 Blackwell Server Edition, P0, 0, 0, 0, 97887, 88.58, 36, 2287, 12481
2026/09/15 14:35:57.998, 1, NVIDIA RTX PRO 6000 Blackwell Server Edition, P0, 0, 0, 0, 97887, 49.02, 34, 180, 12481
2026/09/15 14:35:58.000, 2, NVIDIA RTX PRO 6000 Blackwell Server Edition, P0, 0, 0, 0, 97887, 50.76, 34, 180, 12481
2026/09/15 14:35:58.003, 3, NVIDIA RTX PRO 6000 Blackwell Server Edition, P0, 0, 0, 0, 97887, 48.60, 34, 180, 12481
2026/09/15 14:35:58.005, 4, NVIDIA RTX PRO 6000 Blackwell Server Edition, P0, 0, 0, 0, 97887, 48.16, 34, 180, 12481
2026/09/15 14:35:58.007, 5, NVIDIA RTX PRO 6000 Blackwell Server Edition, P0, 0, 0, 0, 97887, 48.73, 34, 180, 12481
2026/09/15 14:35:58.009, 6, NVIDIA RTX PRO 6000 Blackwell Server Edition, P0, 0, 0, 0, 97887, 48.52, 34, 180, 12481
2026/09/15 14:35:58.011, 7, NVIDIA RTX PRO 6000 Blackwell Server Edition, P0, 0, 0, 0, 97887, 47.09, 34, 180, 12481
2026/09/15 14:35:59.081, 0, NVIDIA RTX PRO 6000 Blackwell Server Edition, P0, 0, 0, 0, 97887, 51.07, 35, 570, 12481
2026/09/15 14:35:59.083, 1, NVIDIA RTX PRO 6000 Blackwell Server Edition, P0, 0, 0, 0, 97887, 49.02, 34, 180, 12481
2026/09/15 14:35:59.085, 2, NVIDIA RTX PRO 6000 Blackwell Server Edition, P0, 0, 0, 0, 97887, 50.73, 34, 180, 12481
2026/09/15 14:35:59.087, 3, NVIDIA RTX PRO 6000 Blackwell Server Edition, P0, 0, 0, 0, 97887, 48.60, 34, 180, 12481
2026/09/15 14:35:59.090, 4, NVIDIA RTX PRO 6000 Blackwell Server Edition, P0, 0, 0, 0, 97887, 48.15, 34, 180, 12481
2026/09/15 14:35:59.092, 5, NVIDIA RTX PRO 6000 Blackwell Server Edition, P0, 0, 0, 0, 97887, 48.75, 34, 180, 12481
2026/09/15 14:35:59.094, 6, NVIDIA RTX PRO 6000 Blackwell Server Edition, P0, 0, 0, 0, 97887, 48.53, 34, 180, 12481
2026/09/15 14:35:59.096, 7, NVIDIA RTX PRO 6000 Blackwell Server Edition, P0, 0, 0, 0, 97887, 47.08, 34, 180, 12481
2026/09/15 14:36:00.166, 0, NVIDIA RTX PRO 6000 Blackwell Server Edition, P0, 0, 0, 0, 97887, 49.92, 35, 352, 12481
2026/09/15 14:36:00.168, 1, NVIDIA RTX PRO 6000 Blackwell Server Edition, P0, 0, 0, 0, 97887, 49.02, 34, 180, 12481
2026/09/15 14:36:00.171, 2, NVIDIA RTX PRO 6000 Blackwell Server Edition, P0, 0, 0, 0, 97887, 50.83, 34, 180, 12481
2026/09/15 14:36:00.173, 3, NVIDIA RTX PRO 6000 Blackwell Server Edition, P0, 0, 0, 0, 97887, 48.60, 34, 180, 12481
2026/09/15 14:36:00.175, 4, NVIDIA RTX PRO 6000 Blackwell Server Edition, P0, 0, 0, 0, 97887, 48.15, 34, 180, 12481
2026/09/15 14:36:00.177, 5, NVIDIA RTX PRO 6000 Blackwell Server Edition, P0, 0, 0, 0, 97887, 48.73, 34, 180, 12481
2026/09/15 14:36:00.179, 6, NVIDIA RTX PRO 6000 Blackwell Server Edition, P0, 0, 0, 0, 97887, 48.53, 34, 180, 12481
2026/09/15 14:36:00.182, 7, NVIDIA RTX PRO 6000 Blackwell Server Edition, P0, 0, 0, 0, 97887, 47.08, 34, 180, 12481
2026/09/15 14:36:01.252, 0, NVIDIA RTX PRO 6000 Blackwell Server Edition, P0, 0, 0, 0, 97887, 49.39, 35, 202, 12481
2026/09/15 14:36:01.254, 1, NVIDIA RTX PRO 6000 Blackwell Server Edition, P0, 0, 0, 0, 97887, 49.02, 34, 180, 12481
2026/09/15 14:36:01.256, 2, NVIDIA RTX PRO 6000 Blackwell Server Edition, P0, 0, 0, 0, 97887, 50.75, 34, 180, 12481
2026/09/15 14:36:01.259, 3, NVIDIA RTX PRO 6000 Blackwell Server Edition, P0, 0, 0, 0, 97887, 48.60, 34, 180, 12481
2026/09/15 14:36:01.261, 4, NVIDIA RTX PRO 6000 Blackwell Server Edition, P0, 0, 0, 0, 97887, 48.16, 34, 180, 12481
2026/09/15 14:36:01.263, 5, NVIDIA RTX PRO 6000 Blackwell Server Edition, P0, 0, 0, 0, 97887, 48.76, 34, 180, 12481
2026/09/15 14:36:01.265, 6, NVIDIA RTX PRO 6000 Blackwell Server Edition, P0, 0, 0, 0, 97887, 48.51, 34, 180, 12481
2026/09/15 14:36:01.267, 7, NVIDIA RTX PRO 6000 Blackwell Server Edition, P0, 0, 0, 0, 97887, 47.08, 34, 180, 12481
2026/09/15 14:36:02.338, 0, NVIDIA RTX PRO 6000 Blackwell Server Edition, P0, 0, 0, 0, 97887, 49.05, 35, 180, 12481
2026/09/15 14:36:02.341, 1, NVIDIA RTX PRO 6000 Blackwell Server Edition, P0, 0, 0, 0, 97887, 49.02, 34, 180, 12481
2026/09/15 14:36:02.344, 2, NVIDIA RTX PRO 6000 Blackwell Server Edition, P0, 0, 0, 0, 97887, 50.76, 34, 180, 12481
2026/09/15 14:36:02.346, 3, NVIDIA RTX PRO 6000 Blackwell Server Edition, P0, 0, 0, 0, 97887, 48.59, 34, 180, 12481
2026/09/15 14:36:02.348, 4, NVIDIA RTX PRO 6000 Blackwell Server Edition, P0, 0, 0, 0, 97887, 48.16, 34, 180, 12481
2026/09/15 14:36:02.350, 5, NVIDIA RTX PRO 6000 Blackwell Server Edition, P0, 0, 0, 0, 97887, 48.74, 34, 180, 12481
2026/09/15 14:36:02.353, 6, NVIDIA RTX PRO 6000 Blackwell Server Edition, P0, 0, 0, 0, 97887, 48.53, 34, 180, 12481
2026/09/15 14:36:02.355, 7, NVIDIA RTX PRO 6000 Blackwell Server Edition, P0, 0, 0, 0, 97887, 47.08, 34, 180, 12481
2026/09/15 14:36:03.425, 0, NVIDIA RTX PRO 6000 Blackwell Server Edition, P0, 0, 0, 0, 97887, 49.05, 35, 180, 12481
2026/09/15 14:36:03.428, 1, NVIDIA RTX PRO 6000 Blackwell Server Edition, P0, 0, 0, 0, 97887, 49.02, 34, 180, 12481
2026/09/15 14:36:03.430, 2, NVIDIA RTX PRO 6000 Blackwell Server Edition, P0, 0, 0, 0, 97887, 50.77, 34, 180, 12481
2026/09/15 14:36:03.432, 3, NVIDIA RTX PRO 6000 Blackwell Server Edition, P0, 0, 0, 0, 97887, 48.60, 34, 180, 12481
2026/09/15 14:36:03.434, 4, NVIDIA RTX PRO 6000 Blackwell Server Edition, P0, 0, 0, 0, 97887, 48.16, 34, 180, 12481
2026/09/15 14:36:03.436, 5, NVIDIA RTX PRO 6000 Blackwell Server Edition, P0, 0, 0, 0, 97887, 48.72, 34, 180, 12481
2026/09/15 14:36:03.439, 6, NVIDIA RTX PRO 6000 Blackwell Server Edition, P0, 0, 0, 0, 97887, 48.55, 34, 180, 12481
2026/09/15 14:36:03.441, 7, NVIDIA RTX PRO 6000 Blackwell Server Edition, P0, 0, 0, 0, 97887, 47.08, 34, 180, 12481
2026/09/15 14:36:04.509, 0, NVIDIA RTX PRO 6000 Blackwell Server Edition, P0, 0, 0, 0, 97887, 49.05, 35, 180, 12481
2026/09/15 14:36:04.512, 1, NVIDIA RTX PRO 6000 Blackwell Server Edition, P0, 0, 0, 0, 97887, 49.02, 34, 180, 12481
2026/09/15 14:36:04.514, 2, NVIDIA RTX PRO 6000 Blackwell Server Edition, P0, 0, 0, 0, 97887, 50.75, 34, 180, 12481
2026/09/15 14:36:04.516, 3, NVIDIA RTX PRO 6000 Blackwell Server Edition, P0, 0, 0, 0, 97887, 48.59, 34, 180, 12481
2026/09/15 14:36:04.518, 4, NVIDIA RTX PRO 6000 Blackwell Server Edition, P0, 0, 0, 0, 97887, 48.15, 34, 180, 12481
2026/09/15 14:36:04.520, 5, NVIDIA RTX PRO 6000 Blackwell Server Edition, P0, 0, 0, 0, 97887, 48.74, 34, 180, 12481
2026/09/15 14:36:04.523, 6, NVIDIA RTX PRO 6000 Blackwell Server Edition, P0, 0, 0, 0, 97887, 48.53, 34, 180, 12481
2026/09/15 14:36:04.525, 7, NVIDIA RTX PRO 6000 Blackwell Server Edition, P0, 0, 0, 0, 97887, 47.08, 34, 180, 12481
2026/09/15 14:36:05.596, 0, NVIDIA RTX PRO 6000 Blackwell Server Edition, P0, 0, 0, 0, 97887, 49.05, 35, 180, 12481
2026/09/15 14:36:05.599, 1, NVIDIA RTX PRO 6000 Blackwell Server Edition, P0, 0, 0, 0, 97887, 49.02, 34, 180, 12481
2026/09/15 14:36:05.601, 2, NVIDIA RTX PRO 6000 Blackwell Server Edition, P0, 0, 0, 0, 97887, 50.78, 34, 180, 12481
2026/09/15 14:36:05.603, 3, NVIDIA RTX PRO 6000 Blackwell Server Edition, P0, 0, 0, 0, 97887, 48.60, 34, 180, 12481
2026/09/15 14:36:05.606, 4, NVIDIA RTX PRO 6000 Blackwell Server Edition, P0, 0, 0, 0, 97887, 48.16, 34, 180, 12481
2026/09/15 14:36:05.608, 5, NVIDIA RTX PRO 6000 Blackwell Server Edition, P0, 0, 0, 0, 97887, 48.77, 34, 172, 12481
2026/09/15 14:36:05.610, 6, NVIDIA RTX PRO 6000 Blackwell Server Edition, P0, 0, 0, 0, 97887, 48.54, 34, 180, 12481
2026/09/15 14:36:05.612, 7, NVIDIA RTX PRO 6000 Blackwell Server Edition, P0, 0, 0, 0, 97887, 47.09, 34, 180, 12481
2026/09/15 14:36:06.683, 0, NVIDIA RTX PRO 6000 Blackwell Server Edition, P0, 0, 0, 0, 97887, 49.04, 35, 180, 12481
2026/09/15 14:36:06.685, 1, NVIDIA RTX PRO 6000 Blackwell Server Edition, P0, 0, 0, 0, 97887, 49.02, 34, 180, 12481
2026/09/15 14:36:06.687, 2, NVIDIA RTX PRO 6000 Blackwell Server Edition, P0, 0, 0, 0, 97887, 50.83, 34, 180, 12481
2026/09/15 14:36:06.690, 3, NVIDIA RTX PRO 6000 Blackwell Server Edition, P0, 0, 0, 0, 97887, 48.60, 34, 180, 12481
2026/09/15 14:36:06.692, 4, NVIDIA RTX PRO 6000 Blackwell Server Edition, P0, 0, 0, 0, 97887, 48.15, 34, 180, 12481
2026/09/15 14:36:06.694, 5, NVIDIA RTX PRO 6000 Blackwell Server Edition, P0, 0, 0, 0, 97887, 48.73, 34, 180, 12481
2026/09/15 14:36:06.696, 6, NVIDIA RTX PRO 6000 Blackwell Server Edition, P0, 0, 0, 0, 97887, 48.52, 34, 180, 12481
2026/09/15 14:36:06.698, 7, NVIDIA RTX PRO 6000 Blackwell Server Edition, P0, 0, 0, 0, 97887, 47.08, 34, 180, 12481
2026/09/15 14:36:07.769, 0, NVIDIA RTX PRO 6000 Blackwell Server Edition, P0, 0, 0, 0, 97887, 49.05, 35, 180, 12481
2026/09/15 14:36:07.771, 1, NVIDIA RTX PRO 6000 Blackwell Server Edition, P0, 0, 0, 0, 97887, 49.02, 34, 180, 12481
2026/09/15 14:36:07.773, 2, NVIDIA RTX PRO 6000 Blackwell Server Edition, P0, 0, 0, 0, 97887, 50.75, 34, 180, 12481
2026/09/15 14:36:07.775, 3, NVIDIA RTX PRO 6000 Blackwell Server Edition, P0, 0, 0, 0, 97887, 48.60, 34, 180, 12481
2026/09/15 14:36:07.777, 4, NVIDIA RTX PRO 6000 Blackwell Server Edition, P0, 0, 0, 0, 97887, 48.15, 34, 180, 12481
2026/09/15 14:36:07.780, 5, NVIDIA RTX PRO 6000 Blackwell Server Edition, P0, 0, 0, 0, 97887, 48.75, 34, 180, 12481
2026/09/15 14:36:07.782, 6, NVIDIA RTX PRO 6000 Blackwell Server Edition, P0, 0, 0, 0, 97887, 48.53, 34, 180, 12481
2026/09/15 14:36:07.784, 7, NVIDIA RTX PRO 6000 Blackwell Server Edition, P0, 0, 0, 0, 97887, 47.08, 34, 180, 12481
2026/09/15 14:36:08.853, 0, NVIDIA RTX PRO 6000 Blackwell Server Edition, P0, 0, 0, 0, 97887, 49.03, 35, 180, 12481
2026/09/15 14:36:08.855, 1, NVIDIA RTX PRO 6000 Blackwell Server Edition, P0, 0, 0, 0, 97887, 49.02, 34, 180, 12481
2026/09/15 14:36:08.857, 2, NVIDIA RTX PRO 6000 Blackwell Server Edition, P0, 0, 0, 0, 97887, 50.76, 34, 180, 12481
2026/09/15 14:36:08.860, 3, NVIDIA RTX PRO 6000 Blackwell Server Edition, P0, 0, 0, 0, 97887, 48.60, 34, 180, 12481
2026/09/15 14:36:08.862, 4, NVIDIA RTX PRO 6000 Blackwell Server Edition, P0, 0, 0, 0, 97887, 48.16, 34, 180, 12481
2026/09/15 14:36:08.864, 5, NVIDIA RTX PRO 6000 Blackwell Server Edition, P0, 0, 0, 0, 97887, 48.71, 34, 180, 12481
2026/09/15 14:36:08.866, 6, NVIDIA RTX PRO 6000 Blackwell Server Edition, P0, 0, 0, 0, 97887, 48.52, 34, 180, 12481
2026/09/15 14:36:08.868, 7, NVIDIA RTX PRO 6000 Blackwell Server Edition, P0, 0, 0, 0, 97887, 47.08, 34, 180, 12481
2026/09/15 14:36:09.937, 0, NVIDIA RTX PRO 6000 Blackwell Server Edition, P0, 0, 0, 0, 97887, 49.04, 35, 180, 12481
2026/09/15 14:36:09.939, 1, NVIDIA RTX PRO 6000 Blackwell Server Edition, P0, 0, 0, 0, 97887, 49.02, 34, 180, 12481
2026/09/15 14:36:09.941, 2, NVIDIA RTX PRO 6000 Blackwell Server Edition, P0, 0, 0, 0, 97887, 50.72, 34, 180, 12481
2026/09/15 14:36:09.943, 3, NVIDIA RTX PRO 6000 Blackwell Server Edition, P0, 0, 0, 0, 97887, 48.60, 34, 180, 12481
2026/09/15 14:36:09.946, 4, NVIDIA RTX PRO 6000 Blackwell Server Edition, P0, 0, 0, 0, 97887, 48.16, 34, 180, 12481
2026/09/15 14:36:09.948, 5, NVIDIA RTX PRO 6000 Blackwell Server Edition, P0, 0, 0, 0, 97887, 48.72, 34, 180, 12481
2026/09/15 14:36:09.950, 6, NVIDIA RTX PRO 6000 Blackwell Server Edition, P0, 0, 0, 0, 97887, 48.51, 34, 180, 12481
2026/09/15 14:36:09.952, 7, NVIDIA RTX PRO 6000 Blackwell Server Edition, P0, 0, 0, 0, 97887, 47.08, 34, 180, 12481
2026/09/15 14:36:11.022, 0, NVIDIA RTX PRO 6000 Blackwell Server Edition, P0, 0, 0, 0, 97887, 49.04, 35, 180, 12481
2026/09/15 14:36:11.024, 1, NVIDIA RTX PRO 6000 Blackwell Server Edition, P0, 0, 0, 0, 97887, 49.03, 34, 180, 12481
2026/09/15 14:36:11.026, 2, NVIDIA RTX PRO 6000 Blackwell Server Edition, P0, 0, 0, 0, 97887, 50.77, 34, 180, 12481
2026/09/15 14:36:11.028, 3, NVIDIA RTX PRO 6000 Blackwell Server Edition, P0, 0, 0, 0, 97887, 48.60, 34, 180, 12481
2026/09/15 14:36:11.031, 4, NVIDIA RTX PRO 6000 Blackwell Server Edition, P0, 0, 0, 0, 97887, 48.15, 34, 180, 12481
2026/09/15 14:36:11.033, 5, NVIDIA RTX PRO 6000 Blackwell Server Edition, P0, 0, 0, 0, 97887, 48.74, 34, 180, 12481
2026/09/15 14:36:11.035, 6, NVIDIA RTX PRO 6000 Blackwell Server Edition, P0, 0, 0, 0, 97887, 48.52, 34, 180, 12481
2026/09/15 14:36:11.037, 7, NVIDIA RTX PRO 6000 Blackwell Server Edition, P0, 0, 0, 0, 97887, 47.08, 34, 180, 12481
2026/09/15 14:36:12.109, 0, NVIDIA RTX PRO 6000 Blackwell Server Edition, P0, 0, 0, 0, 97887, 49.04, 35, 180, 12481
2026/09/15 14:36:12.112, 1, NVIDIA RTX PRO 6000 Blackwell Server Edition, P0, 0, 0, 0, 97887, 49.01, 34, 180, 12481
2026/09/15 14:36:12.114, 2, NVIDIA RTX PRO 6000 Blackwell Server Edition, P0, 0, 0, 0, 97887, 50.73, 34, 180, 12481
2026/09/15 14:36:12.116, 3, NVIDIA RTX PRO 6000 Blackwell Server Edition, P0, 0, 0, 0, 97887, 48.60, 34, 180, 12481
2026/09/15 14:36:12.118, 4, NVIDIA RTX PRO 6000 Blackwell Server Edition, P0, 0, 0, 0, 97887, 48.15, 34, 172, 12481
2026/09/15 14:36:12.120, 5, NVIDIA RTX PRO 6000 Blackwell Server Edition, P0, 0, 0, 0, 97887, 48.72, 34, 180, 12481
2026/09/15 14:36:12.123, 6, NVIDIA RTX PRO 6000 Blackwell Server Edition, P0, 0, 0, 0, 97887, 48.50, 34, 180, 12481
2026/09/15 14:36:12.125, 7, NVIDIA RTX PRO 6000 Blackwell Server Edition, P0, 0, 0, 0, 97887, 47.08, 34, 180, 12481
2026/09/15 14:36:13.194, 0, NVIDIA RTX PRO 6000 Blackwell Server Edition, P0, 0, 0, 0, 97887, 49.03, 35, 180, 12481
2026/09/15 14:36:13.197, 1, NVIDIA RTX PRO 6000 Blackwell Server Edition, P0, 0, 0, 0, 97887, 49.01, 34, 180, 12481
2026/09/15 14:36:13.199, 2, NVIDIA RTX PRO 6000 Blackwell Server Edition, P0, 0, 0, 0, 97887, 50.81, 34, 180, 12481
2026/09/15 14:36:13.201, 3, NVIDIA RTX PRO 6000 Blackwell Server Edition, P0, 0, 0, 0, 97887, 48.59, 34, 180, 12481
2026/09/15 14:36:13.203, 4, NVIDIA RTX PRO 6000 Blackwell Server Edition, P0, 0, 0, 0, 97887, 48.17, 34, 180, 12481
2026/09/15 14:36:13.205, 5, NVIDIA RTX PRO 6000 Blackwell Server Edition, P0, 0, 0, 0, 97887, 48.77, 34, 180, 12481
2026/09/15 14:36:13.208, 6, NVIDIA RTX PRO 6000 Blackwell Server Edition, P0, 0, 0, 0, 97887, 48.53, 34, 180, 12481
2026/09/15 14:36:13.210, 7, NVIDIA RTX PRO 6000 Blackwell Server Edition, P0, 0, 0, 0, 97887, 47.08, 34, 180, 12481
2026/09/15 14:36:14.279, 0, NVIDIA RTX PRO 6000 Blackwell Server Edition, P0, 0, 0, 0, 97887, 49.03, 35, 180, 12481
2026/09/15 14:36:14.281, 1, NVIDIA RTX PRO 6000 Blackwell Server Edition, P0, 0, 0, 0, 97887, 49.02, 34, 180, 12481
2026/09/15 14:36:14.284, 2, NVIDIA RTX PRO 6000 Blackwell Server Edition, P0, 0, 0, 0, 97887, 50.78, 34, 180, 12481
2026/09/15 14:36:14.286, 3, NVIDIA RTX PRO 6000 Blackwell Server Edition, P0, 0, 0, 0, 97887, 48.60, 34, 180, 12481
2026/09/15 14:36:14.288, 4, NVIDIA RTX PRO 6000 Blackwell Server Edition, P0, 0, 0, 0, 97887, 48.15, 34, 180, 12481
2026/09/15 14:36:14.290, 5, NVIDIA RTX PRO 6000 Blackwell Server Edition, P0, 0, 0, 0, 97887, 48.69, 34, 180, 12481
2026/09/15 14:36:14.292, 6, NVIDIA RTX PRO 6000 Blackwell Server Edition, P0, 0, 0, 0, 97887, 48.53, 34, 180, 12481
2026/09/15 14:36:14.295, 7, NVIDIA RTX PRO 6000 Blackwell Server Edition, P0, 0, 0, 0, 97887, 47.08, 34, 180, 12481
2026/09/15 14:36:15.363, 0, NVIDIA RTX PRO 6000 Blackwell Server Edition, P0, 0, 0, 0, 97887, 49.03, 35, 180, 12481
2026/09/15 14:36:15.366, 1, NVIDIA RTX PRO 6000 Blackwell Server Edition, P0, 0, 0, 0, 97887, 49.02, 34, 180, 12481
2026/09/15 14:36:15.368, 2, NVIDIA RTX PRO 6000 Blackwell Server Edition, P0, 0, 0, 0, 97887, 50.78, 34, 180, 12481
2026/09/15 14:36:15.370, 3, NVIDIA RTX PRO 6000 Blackwell Server Edition, P0, 0, 0, 0, 97887, 48.60, 34, 180, 12481
2026/09/15 14:36:15.372, 4, NVIDIA RTX PRO 6000 Blackwell Server Edition, P0, 0, 0, 0, 97887, 48.16, 34, 180, 12481
2026/09/15 14:36:15.374, 5, NVIDIA RTX PRO 6000 Blackwell Server Edition, P0, 0, 0, 0, 97887, 48.73, 34, 180, 12481
2026/09/15 14:36:15.377, 6, NVIDIA RTX PRO 6000 Blackwell Server Edition, P0, 0, 0, 0, 97887, 48.53, 34, 180, 12481
2026/09/15 14:36:15.379, 7, NVIDIA RTX PRO 6000 Blackwell Server Edition, P0, 0, 0, 0, 97887, 47.09, 34, 180, 12481
2026/09/15 14:36:16.448, 0, NVIDIA RTX PRO 6000 Blackwell Server Edition, P0, 0, 0, 0, 97887, 49.03, 35, 180, 12481
2026/09/15 14:36:16.450, 1, NVIDIA RTX PRO 6000 Blackwell Server Edition, P0, 0, 0, 0, 97887, 49.02, 34, 180, 12481
2026/09/15 14:36:16.452, 2, NVIDIA RTX PRO 6000 Blackwell Server Edition, P0, 0, 0, 0, 97887, 50.77, 34, 180, 12481
2026/09/15 14:36:16.455, 3, NVIDIA RTX PRO 6000 Blackwell Server Edition, P0, 0, 0, 0, 97887, 48.59, 34, 180, 12481
2026/09/15 14:36:16.457, 4, NVIDIA RTX PRO 6000 Blackwell Server Edition, P0, 0, 0, 0, 97887, 48.15, 34, 180, 12481
2026/09/15 14:36:16.459, 5, NVIDIA RTX PRO 6000 Blackwell Server Edition, P0, 0, 0, 0, 97887, 48.74, 34, 180, 12481
2026/09/15 14:36:16.461, 6, NVIDIA RTX PRO 6000 Blackwell Server Edition, P0, 0, 0, 0, 97887, 48.53, 34, 180, 12481
2026/09/15 14:36:16.463, 7, NVIDIA RTX PRO 6000 Blackwell Server Edition, P0, 0, 0, 0, 97887, 47.08, 34, 180, 12481
2026/09/15 14:36:17.534, 0, NVIDIA RTX PRO 6000 Blackwell Server Edition, P0, 0, 0, 0, 97887, 49.03, 35, 180, 12481
2026/09/15 14:36:17.537, 1, NVIDIA RTX PRO 6000 Blackwell Server Edition, P0, 0, 0, 0, 97887, 49.02, 34, 180, 12481
2026/09/15 14:36:17.539, 2, NVIDIA RTX PRO 6000 Blackwell Server Edition, P0, 0, 0, 0, 97887, 50.77, 34, 180, 12481
2026/09/15 14:36:17.541, 3, NVIDIA RTX PRO 6000 Blackwell Server Edition, P0, 0, 0, 0, 97887, 48.60, 34, 180, 12481
2026/09/15 14:36:17.543, 4, NVIDIA RTX PRO 6000 Blackwell Server Edition, P0, 0, 0, 0, 97887, 48.17, 34, 180, 12481
2026/09/15 14:36:17.545, 5, NVIDIA RTX PRO 6000 Blackwell Server Edition, P0, 0, 0, 0, 97887, 48.73, 34, 180, 12481
2026/09/15 14:36:17.548, 6, NVIDIA RTX PRO 6000 Blackwell Server Edition, P0, 0, 0, 0, 97887, 48.53, 34, 180, 12481
2026/09/15 14:36:17.551, 7, NVIDIA RTX PRO 6000 Blackwell Server Edition, P0, 0, 0, 0, 97887, 47.08, 34, 180, 12481
2026/09/15 14:36:18.623, 0, NVIDIA RTX PRO 6000 Blackwell Server Edition, P0, 0, 0, 0, 97887, 49.04, 35, 180, 12481
2026/09/15 14:36:18.626, 1, NVIDIA RTX PRO 6000 Blackwell Server Edition, P0, 0, 0, 0, 97887, 49.02, 34, 180, 12481
2026/09/15 14:36:18.628, 2, NVIDIA RTX PRO 6000 Blackwell Server Edition, P0, 0, 0, 0, 97887, 50.77, 34, 180, 12481
2026/09/15 14:36:18.630, 3, NVIDIA RTX PRO 6000 Blackwell Server Edition, P0, 0, 0, 0, 97887, 48.60, 34, 180, 12481
2026/09/15 14:36:18.632, 4, NVIDIA RTX PRO 6000 Blackwell Server Edition, P0, 0, 0, 0, 97887, 48.15, 34, 180, 12481
2026/09/15 14:36:18.634, 5, NVIDIA RTX PRO 6000 Blackwell Server Edition, P0, 0, 0, 0, 97887, 48.76, 34, 180, 12481
2026/09/15 14:36:18.637, 6, NVIDIA RTX PRO 6000 Blackwell Server Edition, P0, 0, 0, 0, 97887, 48.53, 34, 180, 12481
2026/09/15 14:36:18.639, 7, NVIDIA RTX PRO 6000 Blackwell Server Edition, P0, 0, 0, 0, 97887, 47.08, 34, 180, 12481
2026/09/15 14:36:19.710, 0, NVIDIA RTX PRO 6000 Blackwell Server Edition, P0, 0, 0, 0, 97887, 49.04, 35, 180, 12481
2026/09/15 14:36:19.712, 1, NVIDIA RTX PRO 6000 Blackwell Server Edition, P0, 0, 0, 0, 97887, 49.02, 34, 180, 12481
2026/09/15 14:36:19.714, 2, NVIDIA RTX PRO 6000 Blackwell Server Edition, P0, 0, 0, 0, 97887, 50.83, 34, 180, 12481
2026/09/15 14:36:19.716, 3, NVIDIA RTX PRO 6000 Blackwell Server Edition, P0, 0, 0, 0, 97887, 48.60, 34, 180, 12481
2026/09/15 14:36:19.719, 4, NVIDIA RTX PRO 6000 Blackwell Server Edition, P0, 0, 0, 0, 97887, 48.16, 34, 180, 12481
2026/09/15 14:36:19.722, 5, NVIDIA RTX PRO 6000 Blackwell Server Edition, P0, 0, 0, 0, 97887, 48.74, 34, 180, 12481
2026/09/15 14:36:19.724, 6, NVIDIA RTX PRO 6000 Blackwell Server Edition, P0, 0, 0, 0, 97887, 48.52, 34, 180, 12481
2026/09/15 14:36:19.726, 7, NVIDIA RTX PRO 6000 Blackwell Server Edition, P0, 0, 0, 0, 97887, 47.08, 34, 180, 12481
2026/09/15 14:36:20.796, 0, NVIDIA RTX PRO 6000 Blackwell Server Edition, P0, 0, 0, 0, 97887, 49.03, 35, 180, 12481
2026/09/15 14:36:20.799, 1, NVIDIA RTX PRO 6000 Blackwell Server Edition, P0, 0, 0, 0, 97887, 49.01, 34, 180, 12481
2026/09/15 14:36:20.801, 2, NVIDIA RTX PRO 6000 Blackwell Server Edition, P0, 0, 0, 0, 97887, 50.75, 34, 180, 12481
2026/09/15 14:36:20.803, 3, NVIDIA RTX PRO 6000 Blackwell Server Edition, P0, 0, 0, 0, 97887, 48.60, 34, 180, 12481
2026/09/15 14:36:20.805, 4, NVIDIA RTX PRO 6000 Blackwell Server Edition, P0, 0, 0, 0, 97887, 48.15, 34, 180, 12481
2026/09/15 14:36:20.808, 5, NVIDIA RTX PRO 6000 Blackwell Server Edition, P0, 0, 0, 0, 97887, 48.73, 34, 180, 12481
2026/09/15 14:36:20.810, 6, NVIDIA RTX PRO 6000 Blackwell Server Edition, P0, 0, 0, 0, 97887, 48.53, 34, 180, 12481
2026/09/15 14:36:20.812, 7, NVIDIA RTX PRO 6000 Blackwell Server Edition, P0, 0, 0, 0, 97887, 47.08, 34, 180, 12481
2026/09/15 14:36:21.882, 0, NVIDIA RTX PRO 6000 Blackwell Server Edition, P0, 0, 0, 0, 97887, 49.03, 34, 180, 12481
2026/09/15 14:36:21.884, 1, NVIDIA RTX PRO 6000 Blackwell Server Edition, P0, 0, 0, 0, 97887, 49.02, 34, 180, 12481
2026/09/15 14:36:21.886, 2, NVIDIA RTX PRO 6000 Blackwell Server Edition, P0, 0, 0, 0, 97887, 50.78, 34, 180, 12481
2026/09/15 14:36:21.888, 3, NVIDIA RTX PRO 6000 Blackwell Server Edition, P0, 0, 0, 0, 97887, 48.60, 34, 180, 12481
2026/09/15 14:36:21.891, 4, NVIDIA RTX PRO 6000 Blackwell Server Edition, P0, 0, 0, 0, 97887, 48.18, 34, 180, 12481
2026/09/15 14:36:21.893, 5, NVIDIA RTX PRO 6000 Blackwell Server Edition, P0, 0, 0, 0, 97887, 48.74, 34, 180, 12481
2026/09/15 14:36:21.895, 6, NVIDIA RTX PRO 6000 Blackwell Server Edition, P0, 0, 0, 0, 97887, 48.54, 34, 180, 12481
2026/09/15 14:36:21.897, 7, NVIDIA RTX PRO 6000 Blackwell Server Edition, P0, 0, 0, 0, 97887, 47.08, 34, 180, 12481
2026/09/15 14:36:22.967, 0, NVIDIA RTX PRO 6000 Blackwell Server Edition, P0, 0, 0, 0, 97887, 49.03, 34, 180, 12481
2026/09/15 14:36:22.969, 1, NVIDIA RTX PRO 6000 Blackwell Server Edition, P0, 0, 0, 0, 97887, 49.02, 34, 180, 12481
2026/09/15 14:36:22.971, 2, NVIDIA RTX PRO 6000 Blackwell Server Edition, P0, 0, 0, 0, 97887, 50.77, 34, 180, 12481
2026/09/15 14:36:22.973, 3, NVIDIA RTX PRO 6000 Blackwell Server Edition, P0, 0, 0, 0, 97887, 48.60, 34, 180, 12481
2026/09/15 14:36:22.976, 4, NVIDIA RTX PRO 6000 Blackwell Server Edition, P0, 0, 0, 0, 97887, 48.13, 34, 180, 12481
2026/09/15 14:36:22.978, 5, NVIDIA RTX PRO 6000 Blackwell Server Edition, P0, 0, 0, 0, 97887, 48.75, 34, 180, 12481
2026/09/15 14:36:22.980, 6, NVIDIA RTX PRO 6000 Blackwell Server Edition, P0, 0, 0, 0, 97887, 48.53, 34, 180, 12481
2026/09/15 14:36:22.982, 7, NVIDIA RTX PRO 6000 Blackwell Server Edition, P0, 0, 0, 0, 97887, 47.08, 34, 180, 12481
2026/09/15 14:36:24.053, 0, NVIDIA RTX PRO 6000 Blackwell Server Edition, P0, 0, 0, 0, 97887, 49.03, 34, 180, 12481
2026/09/15 14:36:24.056, 1, NVIDIA RTX PRO 6000 Blackwell Server Edition, P0, 0, 0, 0, 97887, 49.02, 34, 180, 12481
2026/09/15 14:36:24.058, 2, NVIDIA RTX PRO 6000 Blackwell Server Edition, P0, 0, 0, 0, 97887, 50.77, 34, 180, 12481
2026/09/15 14:36:24.060, 3, NVIDIA RTX PRO 6000 Blackwell Server Edition, P0, 0, 0, 0, 97887, 48.60, 34, 180, 12481
2026/09/15 14:36:24.062, 4, NVIDIA RTX PRO 6000 Blackwell Server Edition, P0, 0, 0, 0, 97887, 48.15, 34, 180, 12481
2026/09/15 14:36:24.064, 5, NVIDIA RTX PRO 6000 Blackwell Server Edition, P0, 0, 0, 0, 97887, 48.72, 34, 180, 12481
2026/09/15 14:36:24.066, 6, NVIDIA RTX PRO 6000 Blackwell Server Edition, P0, 0, 0, 0, 97887, 48.53, 34, 180, 12481
2026/09/15 14:36:24.069, 7, NVIDIA RTX PRO 6000 Blackwell Server Edition, P0, 0, 0, 0, 97887, 47.08, 34, 180, 12481
2026/09/15 14:36:25.139, 0, NVIDIA RTX PRO 6000 Blackwell Server Edition, P0, 0, 0, 0, 97887, 49.04, 34, 180, 12481
2026/09/15 14:36:25.142, 1, NVIDIA RTX PRO 6000 Blackwell Server Edition, P0, 0, 0, 0, 97887, 49.02, 34, 180, 12481
2026/09/15 14:36:25.144, 2, NVIDIA RTX PRO 6000 Blackwell Server Edition, P0, 0, 0, 0, 97887, 50.76, 34, 180, 12481
2026/09/15 14:36:25.146, 3, NVIDIA RTX PRO 6000 Blackwell Server Edition, P0, 0, 0, 0, 97887, 48.60, 34, 180, 12481
2026/09/15 14:36:25.148, 4, NVIDIA RTX PRO 6000 Blackwell Server Edition, P0, 0, 0, 0, 97887, 48.16, 34, 180, 12481
2026/09/15 14:36:25.151, 5, NVIDIA RTX PRO 6000 Blackwell Server Edition, P0, 0, 0, 0, 97887, 48.71, 34, 180, 12481
2026/09/15 14:36:25.153, 6, NVIDIA RTX PRO 6000 Blackwell Server Edition, P0, 0, 0, 0, 97887, 48.54, 34, 180, 12481
2026/09/15 14:36:25.156, 7, NVIDIA RTX PRO 6000 Blackwell Server Edition, P0, 0, 0, 0, 97887, 47.08, 34, 180, 12481
2026/09/15 14:36:26.226, 0, NVIDIA RTX PRO 6000 Blackwell Server Edition, P0, 0, 0, 0, 97887, 49.03, 34, 180, 12481
2026/09/15 14:36:26.229, 1, NVIDIA RTX PRO 6000 Blackwell Server Edition, P0, 0, 0, 0, 97887, 49.02, 34, 180, 12481
2026/09/15 14:36:26.231, 2, NVIDIA RTX PRO 6000 Blackwell Server Edition, P0, 0, 0, 0, 97887, 50.81, 34, 180, 12481
2026/09/15 14:36:26.233, 3, NVIDIA RTX PRO 6000 Blackwell Server Edition, P0, 0, 0, 0, 97887, 48.60, 34, 180, 12481
2026/09/15 14:36:26.235, 4, NVIDIA RTX PRO 6000 Blackwell Server Edition, P0, 0, 0, 0, 97887, 48.15, 34, 172, 12481
2026/09/15 14:36:26.238, 5, NVIDIA RTX PRO 6000 Blackwell Server Edition, P0, 0, 0, 0, 97887, 48.74, 34, 180, 12481
2026/09/15 14:36:26.240, 6, NVIDIA RTX PRO 6000 Blackwell Server Edition, P0, 0, 0, 0, 97887, 48.53, 34, 180, 12481
2026/09/15 14:36:26.242, 7, NVIDIA RTX PRO 6000 Blackwell Server Edition, P0, 0, 0, 0, 97887, 47.08, 34, 180, 12481
2026/09/15 14:36:27.311, 0, NVIDIA RTX PRO 6000 Blackwell Server Edition, P0, 0, 0, 0, 97887, 49.03, 34, 180, 12481
2026/09/15 14:36:27.314, 1, NVIDIA RTX PRO 6000 Blackwell Server Edition, P0, 0, 0, 0, 97887, 49.02, 34, 180, 12481
2026/09/15 14:36:27.316, 2, NVIDIA RTX PRO 6000 Blackwell Server Edition, P0, 0, 0, 0, 97887, 50.75, 34, 180, 12481
2026/09/15 14:36:27.318, 3, NVIDIA RTX PRO 6000 Blackwell Server Edition, P0, 0, 0, 0, 97887, 48.59, 34, 180, 12481
2026/09/15 14:36:27.320, 4, NVIDIA RTX PRO 6000 Blackwell Server Edition, P0, 0, 0, 0, 97887, 48.16, 34, 180, 12481
2026/09/15 14:36:27.322, 5, NVIDIA RTX PRO 6000 Blackwell Server Edition, P0, 0, 0, 0, 97887, 48.72, 34, 180, 12481
2026/09/15 14:36:27.325, 6, NVIDIA RTX PRO 6000 Blackwell Server Edition, P0, 0, 0, 0, 97887, 48.53, 34, 180, 12481
2026/09/15 14:36:27.327, 7, NVIDIA RTX PRO 6000 Blackwell Server Edition, P0, 0, 0, 0, 97887, 47.08, 34, 180, 12481
2026/09/15 14:36:28.396, 0, NVIDIA RTX PRO 6000 Blackwell Server Edition, P0, 0, 0, 0, 97887, 49.03, 34, 180, 12481
2026/09/15 14:36:28.398, 1, NVIDIA RTX PRO 6000 Blackwell Server Edition, P0, 0, 0, 0, 97887, 49.02, 34, 180, 12481
2026/09/15 14:36:28.400, 2, NVIDIA RTX PRO 6000 Blackwell Server Edition, P0, 0, 0, 0, 97887, 50.76, 34, 180, 12481
2026/09/15 14:36:28.402, 3, NVIDIA RTX PRO 6000 Blackwell Server Edition, P0, 0, 0, 0, 97887, 48.60, 34, 180, 12481
2026/09/15 14:36:28.405, 4, NVIDIA RTX PRO 6000 Blackwell Server Edition, P0, 0, 0, 0, 97887, 48.16, 34, 180, 12481
2026/09/15 14:36:28.407, 5, NVIDIA RTX PRO 6000 Blackwell Server Edition, P0, 0, 0, 0, 97887, 48.78, 34, 180, 12481
2026/09/15 14:36:28.409, 6, NVIDIA RTX PRO 6000 Blackwell Server Edition, P0, 0, 0, 0, 97887, 48.54, 34, 180, 12481
2026/09/15 14:36:28.411, 7, NVIDIA RTX PRO 6000 Blackwell Server Edition, P0, 0, 0, 0, 97887, 47.09, 34, 180, 12481
2026/09/15 14:36:29.480, 0, NVIDIA RTX PRO 6000 Blackwell Server Edition, P0, 0, 0, 0, 97887, 49.04, 34, 180, 12481
2026/09/15 14:36:29.482, 1, NVIDIA RTX PRO 6000 Blackwell Server Edition, P0, 0, 0, 0, 97887, 49.02, 34, 180, 12481
2026/09/15 14:36:29.484, 2, NVIDIA RTX PRO 6000 Blackwell Server Edition, P0, 0, 0, 0, 97887, 50.65, 34, 180, 12481
2026/09/15 14:36:29.487, 3, NVIDIA RTX PRO 6000 Blackwell Server Edition, P0, 0, 0, 0, 97887, 48.60, 34, 180, 12481
2026/09/15 14:36:29.489, 4, NVIDIA RTX PRO 6000 Blackwell Server Edition, P0, 0, 0, 0, 97887, 48.16, 34, 180, 12481
2026/09/15 14:36:29.491, 5, NVIDIA RTX PRO 6000 Blackwell Server Edition, P0, 0, 0, 0, 97887, 48.75, 34, 180, 12481
2026/09/15 14:36:29.493, 6, NVIDIA RTX PRO 6000 Blackwell Server Edition, P0, 0, 0, 0, 97887, 48.53, 34, 180, 12481
2026/09/15 14:36:29.495, 7, NVIDIA RTX PRO 6000 Blackwell Server Edition, P0, 0, 0, 0, 97887, 47.08, 34, 180, 12481
2026/09/15 14:36:30.566, 0, NVIDIA RTX PRO 6000 Blackwell Server Edition, P0, 0, 0, 0, 97887, 49.04, 34, 180, 12481
2026/09/15 14:36:30.568, 1, NVIDIA RTX PRO 6000 Blackwell Server Edition, P0, 0, 0, 0, 97887, 49.02, 34, 180, 12481
2026/09/15 14:36:30.570, 2, NVIDIA RTX PRO 6000 Blackwell Server Edition, P0, 0, 0, 0, 97887, 50.77, 34, 180, 12481
2026/09/15 14:36:30.572, 3, NVIDIA RTX PRO 6000 Blackwell Server Edition, P0, 0, 0, 0, 97887, 48.61, 34, 180, 12481
2026/09/15 14:36:30.575, 4, NVIDIA RTX PRO 6000 Blackwell Server Edition, P0, 0, 0, 0, 97887, 48.16, 34, 180, 12481
2026/09/15 14:36:30.577, 5, NVIDIA RTX PRO 6000 Blackwell Server Edition, P0, 0, 0, 0, 97887, 48.72, 34, 180, 12481
2026/09/15 14:36:30.579, 6, NVIDIA RTX PRO 6000 Blackwell Server Edition, P0, 0, 0, 0, 97887, 48.53, 34, 180, 12481
2026/09/15 14:36:30.581, 7, NVIDIA RTX PRO 6000 Blackwell Server Edition, P0, 0, 0, 0, 97887, 47.08, 34, 180, 12481
2026/09/15 14:36:31.652, 0, NVIDIA RTX PRO 6000 Blackwell Server Edition, P0, 0, 0, 0, 97887, 49.03, 34, 180, 12481
2026/09/15 14:36:31.654, 1, NVIDIA RTX PRO 6000 Blackwell Server Edition, P0, 0, 0, 0, 97887, 49.02, 34, 180, 12481
2026/09/15 14:36:31.656, 2, NVIDIA RTX PRO 6000 Blackwell Server Edition, P0, 0, 0, 0, 97887, 50.72, 34, 180, 12481
2026/09/15 14:36:31.658, 3, NVIDIA RTX PRO 6000 Blackwell Server Edition, P0, 0, 0, 0, 97887, 48.60, 34, 180, 12481
2026/09/15 14:36:31.660, 4, NVIDIA RTX PRO 6000 Blackwell Server Edition, P0, 0, 0, 0, 97887, 48.17, 34, 180, 12481
2026/09/15 14:36:31.663, 5, NVIDIA RTX PRO 6000 Blackwell Server Edition, P0, 0, 0, 0, 97887, 48.70, 34, 180, 12481
2026/09/15 14:36:31.665, 6, NVIDIA RTX PRO 6000 Blackwell Server Edition, P0, 0, 0, 0, 97887, 48.53, 34, 180, 12481
2026/09/15 14:36:31.667, 7, NVIDIA RTX PRO 6000 Blackwell Server Edition, P0, 0, 0, 0, 97887, 47.08, 34, 180, 12481
2026/09/15 14:36:32.737, 0, NVIDIA RTX PRO 6000 Blackwell Server Edition, P0, 0, 0, 0, 97887, 49.03, 34, 180, 12481
2026/09/15 14:36:32.739, 1, NVIDIA RTX PRO 6000 Blackwell Server Edition, P0, 0, 0, 0, 97887, 49.02, 34, 180, 12481
2026/09/15 14:36:32.741, 2, NVIDIA RTX PRO 6000 Blackwell Server Edition, P0, 0, 0, 0, 97887, 50.69, 34, 180, 12481
2026/09/15 14:36:32.744, 3, NVIDIA RTX PRO 6000 Blackwell Server Edition, P0, 0, 0, 0, 97887, 48.60, 34, 180, 12481
2026/09/15 14:36:32.746, 4, NVIDIA RTX PRO 6000 Blackwell Server Edition, P0, 0, 0, 0, 97887, 48.18, 34, 180, 12481
2026/09/15 14:36:32.748, 5, NVIDIA RTX PRO 6000 Blackwell Server Edition, P0, 0, 0, 0, 97887, 48.72, 34, 180, 12481
2026/09/15 14:36:32.750, 6, NVIDIA RTX PRO 6000 Blackwell Server Edition, P0, 0, 0, 0, 97887, 48.53, 34, 180, 12481
2026/09/15 14:36:32.753, 7, NVIDIA RTX PRO 6000 Blackwell Server Edition, P0, 0, 0, 0, 97887, 47.09, 34, 180, 12481
2026/09/15 14:36:33.822, 0, NVIDIA RTX PRO 6000 Blackwell Server Edition, P0, 0, 0, 0, 97887, 49.03, 34, 180, 12481
2026/09/15 14:36:33.824, 1, NVIDIA RTX PRO 6000 Blackwell Server Edition, P0, 0, 0, 0, 97887, 49.03, 34, 180, 12481
2026/09/15 14:36:33.826, 2, NVIDIA RTX PRO 6000 Blackwell Server Edition, P0, 0, 0, 0, 97887, 50.69, 34, 180, 12481
2026/09/15 14:36:33.828, 3, NVIDIA RTX PRO 6000 Blackwell Server Edition, P0, 0, 0, 0, 97887, 48.60, 34, 180, 12481
2026/09/15 14:36:33.830, 4, NVIDIA RTX PRO 6000 Blackwell Server Edition, P0, 0, 0, 0, 97887, 48.17, 34, 180, 12481
2026/09/15 14:36:33.833, 5, NVIDIA RTX PRO 6000 Blackwell Server Edition, P0, 0, 0, 0, 97887, 48.70, 34, 180, 12481
2026/09/15 14:36:33.835, 6, NVIDIA RTX PRO 6000 Blackwell Server Edition, P0, 0, 0, 0, 97887, 48.53, 34, 180, 12481
2026/09/15 14:36:33.837, 7, NVIDIA RTX PRO 6000 Blackwell Server Edition, P0, 0, 0, 0, 97887, 47.08, 34, 180, 12481
2026/09/15 14:36:34.906, 0, NVIDIA RTX PRO 6000 Blackwell Server Edition, P0, 0, 0, 0, 97887, 49.03, 34, 180, 12481
2026/09/15 14:36:34.908, 1, NVIDIA RTX PRO 6000 Blackwell Server Edition, P0, 0, 0, 0, 97887, 49.02, 34, 180, 12481
2026/09/15 14:36:34.910, 2, NVIDIA RTX PRO 6000 Blackwell Server Edition, P0, 0, 0, 0, 97887, 50.71, 34, 180, 12481
2026/09/15 14:36:34.912, 3, NVIDIA RTX PRO 6000 Blackwell Server Edition, P0, 0, 0, 0, 97887, 48.61, 34, 180, 12481
2026/09/15 14:36:34.915, 4, NVIDIA RTX PRO 6000 Blackwell Server Edition, P0, 0, 0, 0, 97887, 48.17, 34, 180, 12481
2026/09/15 14:36:34.917, 5, NVIDIA RTX PRO 6000 Blackwell Server Edition, P0, 0, 0, 0, 97887, 48.71, 34, 180, 12481
2026/09/15 14:36:34.919, 6, NVIDIA RTX PRO 6000 Blackwell Server Edition, P0, 0, 0, 0, 97887, 48.53, 34, 180, 12481
2026/09/15 14:36:34.921, 7, NVIDIA RTX PRO 6000 Blackwell Server Edition, P0, 0, 0, 0, 97887, 47.08, 34, 180, 12481
2026/09/15 14:36:35.991, 0, NVIDIA RTX PRO 6000 Blackwell Server Edition, P0, 0, 0, 0, 97887, 49.01, 34, 180, 12481
2026/09/15 14:36:35.993, 1, NVIDIA RTX PRO 6000 Blackwell Server Edition, P0, 0, 0, 0, 97887, 49.02, 34, 180, 12481
2026/09/15 14:36:35.995, 2, NVIDIA RTX PRO 6000 Blackwell Server Edition, P0, 0, 0, 0, 97887, 50.71, 34, 180, 12481
2026/09/15 14:36:35.997, 3, NVIDIA RTX PRO 6000 Blackwell Server Edition, P0, 0, 0, 0, 97887, 48.61, 34, 180, 12481
2026/09/15 14:36:36.000, 4, NVIDIA RTX PRO 6000 Blackwell Server Edition, P0, 0, 0, 0, 97887, 48.15, 34, 180, 12481
2026/09/15 14:36:36.002, 5, NVIDIA RTX PRO 6000 Blackwell Server Edition, P0, 0, 0, 0, 97887, 48.71, 34, 180, 12481
2026/09/15 14:36:36.004, 6, NVIDIA RTX PRO 6000 Blackwell Server Edition, P0, 0, 0, 0, 97887, 48.53, 34, 180, 12481
2026/09/15 14:36:36.006, 7, NVIDIA RTX PRO 6000 Blackwell Server Edition, P0, 0, 0, 0, 97887, 47.08, 34, 180, 12481
2026/09/15 14:36:37.078, 0, NVIDIA RTX PRO 6000 Blackwell Server Edition, P0, 0, 0, 0, 97887, 49.03, 34, 180, 12481
2026/09/15 14:36:37.080, 1, NVIDIA RTX PRO 6000 Blackwell Server Edition, P0, 0, 0, 0, 97887, 49.02, 34, 180, 12481
2026/09/15 14:36:37.082, 2, NVIDIA RTX PRO 6000 Blackwell Server Edition, P0, 0, 0, 0, 97887, 50.73, 34, 180, 12481
2026/09/15 14:36:37.084, 3, NVIDIA RTX PRO 6000 Blackwell Server Edition, P0, 0, 0, 0, 97887, 48.60, 34, 180, 12481
2026/09/15 14:36:37.086, 4, NVIDIA RTX PRO 6000 Blackwell Server Edition, P0, 0, 0, 0, 97887, 48.16, 34, 180, 12481
2026/09/15 14:36:37.089, 5, NVIDIA RTX PRO 6000 Blackwell Server Edition, P0, 0, 0, 0, 97887, 48.70, 34, 180, 12481
2026/09/15 14:36:37.091, 6, NVIDIA RTX PRO 6000 Blackwell Server Edition, P0, 0, 0, 0, 97887, 48.53, 34, 180, 12481
2026/09/15 14:36:37.093, 7, NVIDIA RTX PRO 6000 Blackwell Server Edition, P0, 0, 0, 0, 97887, 47.08, 34, 172, 12481
2026/09/15 14:36:38.164, 0, NVIDIA RTX PRO 6000 Blackwell Server Edition, P0, 0, 0, 0, 97887, 49.01, 34, 180, 12481
2026/09/15 14:36:38.166, 1, NVIDIA RTX PRO 6000 Blackwell Server Edition, P0, 0, 0, 0, 97887, 49.02, 34, 180, 12481
2026/09/15 14:36:38.168, 2, NVIDIA RTX PRO 6000 Blackwell Server Edition, P0, 0, 0, 0, 97887, 50.76, 34, 172, 12481
2026/09/15 14:36:38.170, 3, NVIDIA RTX PRO 6000 Blackwell Server Edition, P0, 0, 0, 0, 97887, 48.61, 34, 180, 12481
2026/09/15 14:36:38.173, 4, NVIDIA RTX PRO 6000 Blackwell Server Edition, P0, 0, 0, 0, 97887, 48.16, 34, 180, 12481
2026/09/15 14:36:38.175, 5, NVIDIA RTX PRO 6000 Blackwell Server Edition, P0, 0, 0, 0, 97887, 48.71, 34, 180, 12481
2026/09/15 14:36:38.177, 6, NVIDIA RTX PRO 6000 Blackwell Server Edition, P0, 0, 0, 0, 97887, 48.55, 34, 180, 12481
2026/09/15 14:36:38.179, 7, NVIDIA RTX PRO 6000 Blackwell Server Edition, P0, 0, 0, 0, 97887, 47.08, 34, 180, 12481
2026/09/15 14:36:39.250, 0, NVIDIA RTX PRO 6000 Blackwell Server Edition, P0, 0, 0, 0, 97887, 49.03, 34, 180, 12481
2026/09/15 14:36:39.252, 1, NVIDIA RTX PRO 6000 Blackwell Server Edition, P0, 0, 0, 0, 97887, 49.02, 34, 180, 12481
2026/09/15 14:36:39.254, 2, NVIDIA RTX PRO 6000 Blackwell Server Edition, P0, 0, 0, 0, 97887, 50.70, 34, 180, 12481
2026/09/15 14:36:39.256, 3, NVIDIA RTX PRO 6000 Blackwell Server Edition, P0, 0, 0, 0, 97887, 48.60, 34, 180, 12481
2026/09/15 14:36:39.259, 4, NVIDIA RTX PRO 6000 Blackwell Server Edition, P0, 0, 0, 0, 97887, 48.16, 34, 180, 12481
2026/09/15 14:36:39.261, 5, NVIDIA RTX PRO 6000 Blackwell Server Edition, P0, 0, 0, 0, 97887, 48.72, 34, 180, 12481
2026/09/15 14:36:39.263, 6, NVIDIA RTX PRO 6000 Blackwell Server Edition, P0, 0, 0, 0, 97887, 48.54, 34, 180, 12481
2026/09/15 14:36:39.265, 7, NVIDIA RTX PRO 6000 Blackwell Server Edition, P0, 0, 0, 0, 97887, 47.08, 34, 180, 12481
2026/09/15 14:36:40.335, 0, NVIDIA RTX PRO 6000 Blackwell Server Edition, P0, 0, 0, 0, 97887, 49.03, 34, 180, 12481
2026/09/15 14:36:40.337, 1, NVIDIA RTX PRO 6000 Blackwell Server Edition, P0, 0, 0, 0, 97887, 49.02, 34, 180, 12481
2026/09/15 14:36:40.339, 2, NVIDIA RTX PRO 6000 Blackwell Server Edition, P0, 0, 0, 0, 97887, 50.70, 34, 180, 12481
2026/09/15 14:36:40.341, 3, NVIDIA RTX PRO 6000 Blackwell Server Edition, P0, 0, 0, 0, 97887, 48.60, 34, 180, 12481
2026/09/15 14:36:40.344, 4, NVIDIA RTX PRO 6000 Blackwell Server Edition, P0, 0, 0, 0, 97887, 48.17, 34, 180, 12481
2026/09/15 14:36:40.346, 5, NVIDIA RTX PRO 6000 Blackwell Server Edition, P0, 0, 0, 0, 97887, 48.73, 34, 180, 12481
2026/09/15 14:36:40.348, 6, NVIDIA RTX PRO 6000 Blackwell Server Edition, P0, 0, 0, 0, 97887, 48.53, 34, 180, 12481
2026/09/15 14:36:40.350, 7, NVIDIA RTX PRO 6000 Blackwell Server Edition, P0, 0, 0, 0, 97887, 47.08, 34, 180, 12481
2026/09/15 14:36:41.419, 0, NVIDIA RTX PRO 6000 Blackwell Server Edition, P0, 0, 0, 0, 97887, 49.01, 34, 180, 12481
2026/09/15 14:36:41.421, 1, NVIDIA RTX PRO 6000 Blackwell Server Edition, P0, 0, 0, 0, 97887, 49.02, 34, 180, 12481
2026/09/15 14:36:41.423, 2, NVIDIA RTX PRO 6000 Blackwell Server Edition, P0, 0, 0, 0, 97887, 50.78, 34, 180, 12481
2026/09/15 14:36:41.426, 3, NVIDIA RTX PRO 6000 Blackwell Server Edition, P0, 0, 0, 0, 97887, 48.60, 34, 172, 12481
2026/09/15 14:36:41.430, 4, NVIDIA RTX PRO 6000 Blackwell Server Edition, P0, 0, 0, 0, 97887, 48.17, 34, 180, 12481
2026/09/15 14:36:41.432, 5, NVIDIA RTX PRO 6000 Blackwell Server Edition, P0, 0, 0, 0, 97887, 48.77, 34, 180, 12481
2026/09/15 14:36:41.435, 6, NVIDIA RTX PRO 6000 Blackwell Server Edition, P0, 0, 0, 0, 97887, 48.52, 34, 180, 12481
2026/09/15 14:36:41.437, 7, NVIDIA RTX PRO 6000 Blackwell Server Edition, P0, 0, 0, 0, 97887, 47.08, 34, 180, 12481
2026/09/15 14:36:42.506, 0, NVIDIA RTX PRO 6000 Blackwell Server Edition, P0, 0, 0, 0, 97887, 49.03, 34, 180, 12481
2026/09/15 14:36:42.508, 1, NVIDIA RTX PRO 6000 Blackwell Server Edition, P0, 0, 0, 0, 97887, 49.02, 34, 180, 12481
2026/09/15 14:36:42.510, 2, NVIDIA RTX PRO 6000 Blackwell Server Edition, P0, 0, 0, 0, 97887, 50.70, 34, 180, 12481
2026/09/15 14:36:42.512, 3, NVIDIA RTX PRO 6000 Blackwell Server Edition, P0, 0, 0, 0, 97887, 48.60, 34, 180, 12481
2026/09/15 14:36:42.515, 4, NVIDIA RTX PRO 6000 Blackwell Server Edition, P0, 0, 0, 0, 97887, 48.16, 34, 180, 12481
2026/09/15 14:36:42.517, 5, NVIDIA RTX PRO 6000 Blackwell Server Edition, P0, 0, 0, 0, 97887, 48.72, 34, 180, 12481
2026/09/15 14:36:42.519, 6, NVIDIA RTX PRO 6000 Blackwell Server Edition, P0, 0, 0, 0, 97887, 48.53, 34, 180, 12481
2026/09/15 14:36:42.521, 7, NVIDIA RTX PRO 6000 Blackwell Server Edition, P0, 0, 0, 0, 97887, 47.08, 34, 180, 12481
2026/09/15 14:36:43.591, 0, NVIDIA RTX PRO 6000 Blackwell Server Edition, P0, 0, 0, 0, 97887, 49.01, 34, 180, 12481
2026/09/15 14:36:43.593, 1, NVIDIA RTX PRO 6000 Blackwell Server Edition, P0, 0, 0, 0, 97887, 49.03, 34, 180, 12481
2026/09/15 14:36:43.595, 2, NVIDIA RTX PRO 6000 Blackwell Server Edition, P0, 0, 0, 0, 97887, 50.78, 34, 180, 12481
2026/09/15 14:36:43.597, 3, NVIDIA RTX PRO 6000 Blackwell Server Edition, P0, 0, 0, 0, 97887, 48.60, 34, 180, 12481
2026/09/15 14:36:43.600, 4, NVIDIA RTX PRO 6000 Blackwell Server Edition, P0, 0, 0, 0, 97887, 48.15, 34, 180, 12481
2026/09/15 14:36:43.602, 5, NVIDIA RTX PRO 6000 Blackwell Server Edition, P0, 0, 0, 0, 97887, 48.76, 34, 180, 12481
2026/09/15 14:36:43.604, 6, NVIDIA RTX PRO 6000 Blackwell Server Edition, P0, 0, 0, 0, 97887, 48.53, 34, 180, 12481
2026/09/15 14:36:43.606, 7, NVIDIA RTX PRO 6000 Blackwell Server Edition, P0, 0, 0, 0, 97887, 47.08, 34, 180, 12481
2026/09/15 14:36:44.675, 0, NVIDIA RTX PRO 6000 Blackwell Server Edition, P0, 0, 0, 0, 97887, 49.03, 34, 180, 12481
2026/09/15 14:36:44.677, 1, NVIDIA RTX PRO 6000 Blackwell Server Edition, P0, 0, 0, 0, 97887, 49.02, 34, 180, 12481
2026/09/15 14:36:44.680, 2, NVIDIA RTX PRO 6000 Blackwell Server Edition, P0, 0, 0, 0, 97887, 50.78, 34, 180, 12481
2026/09/15 14:36:44.682, 3, NVIDIA RTX PRO 6000 Blackwell Server Edition, P0, 0, 0, 0, 97887, 48.60, 34, 180, 12481
2026/09/15 14:36:44.684, 4, NVIDIA RTX PRO 6000 Blackwell Server Edition, P0, 0, 0, 0, 97887, 48.15, 34, 180, 12481
2026/09/15 14:36:44.686, 5, NVIDIA RTX PRO 6000 Blackwell Server Edition, P0, 0, 0, 0, 97887, 48.75, 34, 180, 12481
2026/09/15 14:36:44.688, 6, NVIDIA RTX PRO 6000 Blackwell Server Edition, P0, 0, 0, 0, 97887, 48.54, 34, 180, 12481
2026/09/15 14:36:44.691, 7, NVIDIA RTX PRO 6000 Blackwell Server Edition, P0, 0, 0, 0, 97887, 47.09, 34, 180, 12481
2026/09/15 14:36:45.759, 0, NVIDIA RTX PRO 6000 Blackwell Server Edition, P0, 0, 0, 0, 97887, 49.03, 34, 180, 12481
2026/09/15 14:36:45.762, 1, NVIDIA RTX PRO 6000 Blackwell Server Edition, P0, 0, 0, 0, 97887, 49.02, 34, 180, 12481
2026/09/15 14:36:45.764, 2, NVIDIA RTX PRO 6000 Blackwell Server Edition, P0, 0, 0, 0, 97887, 50.76, 34, 180, 12481
2026/09/15 14:36:45.766, 3, NVIDIA RTX PRO 6000 Blackwell Server Edition, P0, 0, 0, 0, 97887, 48.60, 34, 180, 12481
2026/09/15 14:36:45.768, 4, NVIDIA RTX PRO 6000 Blackwell Server Edition, P0, 0, 0, 0, 97887, 48.15, 34, 180, 12481
2026/09/15 14:36:45.770, 5, NVIDIA RTX PRO 6000 Blackwell Server Edition, P0, 0, 0, 0, 97887, 48.76, 34, 180, 12481
2026/09/15 14:36:45.773, 6, NVIDIA RTX PRO 6000 Blackwell Server Edition, P0, 0, 0, 0, 97887, 48.52, 34, 180, 12481
2026/09/15 14:36:45.775, 7, NVIDIA RTX PRO 6000 Blackwell Server Edition, P0, 0, 0, 0, 97887, 47.08, 34, 180, 12481
2026/09/15 14:36:46.844, 0, NVIDIA RTX PRO 6000 Blackwell Server Edition, P0, 0, 0, 0, 97887, 49.00, 34, 180, 12481
2026/09/15 14:36:46.846, 1, NVIDIA RTX PRO 6000 Blackwell Server Edition, P0, 0, 0, 0, 97887, 49.01, 34, 180, 12481
2026/09/15 14:36:46.848, 2, NVIDIA RTX PRO 6000 Blackwell Server Edition, P0, 0, 0, 0, 97887, 50.75, 34, 180, 12481
2026/09/15 14:36:46.851, 3, NVIDIA RTX PRO 6000 Blackwell Server Edition, P0, 0, 0, 0, 97887, 48.60, 34, 180, 12481
2026/09/15 14:36:46.853, 4, NVIDIA RTX PRO 6000 Blackwell Server Edition, P0, 0, 0, 0, 97887, 48.15, 34, 180, 12481
2026/09/15 14:36:46.856, 5, NVIDIA RTX PRO 6000 Blackwell Server Edition, P0, 0, 0, 0, 97887, 48.75, 34, 180, 12481
2026/09/15 14:36:46.858, 6, NVIDIA RTX PRO 6000 Blackwell Server Edition, P0, 0, 0, 0, 97887, 48.54, 34, 180, 12481
2026/09/15 14:36:46.861, 7, NVIDIA RTX PRO 6000 Blackwell Server Edition, P0, 0, 0, 0, 97887, 47.08, 34, 180, 12481
2026/09/15 14:36:47.932, 0, NVIDIA RTX PRO 6000 Blackwell Server Edition, P0, 0, 0, 0, 97887, 48.99, 34, 180, 12481
2026/09/15 14:36:47.935, 1, NVIDIA RTX PRO 6000 Blackwell Server Edition, P0, 0, 0, 0, 97887, 49.02, 34, 180, 12481
2026/09/15 14:36:47.937, 2, NVIDIA RTX PRO 6000 Blackwell Server Edition, P0, 0, 0, 0, 97887, 50.75, 34, 180, 12481
2026/09/15 14:36:47.939, 3, NVIDIA RTX PRO 6000 Blackwell Server Edition, P0, 0, 0, 0, 97887, 48.60, 34, 180, 12481
2026/09/15 14:36:47.941, 4, NVIDIA RTX PRO 6000 Blackwell Server Edition, P0, 0, 0, 0, 97887, 48.16, 34, 180, 12481
2026/09/15 14:36:47.943, 5, NVIDIA RTX PRO 6000 Blackwell Server Edition, P0, 0, 0, 0, 97887, 48.73, 34, 172, 12481
2026/09/15 14:36:47.946, 6, NVIDIA RTX PRO 6000 Blackwell Server Edition, P0, 0, 0, 0, 97887, 48.53, 34, 180, 12481
2026/09/15 14:36:47.948, 7, NVIDIA RTX PRO 6000 Blackwell Server Edition, P0, 0, 0, 0, 97887, 47.08, 34, 180, 12481
2026/09/15 14:36:49.019, 0, NVIDIA RTX PRO 6000 Blackwell Server Edition, P0, 0, 0, 0, 97887, 49.01, 34, 180, 12481
2026/09/15 14:36:49.021, 1, NVIDIA RTX PRO 6000 Blackwell Server Edition, P0, 0, 0, 0, 97887, 49.02, 34, 172, 12481
2026/09/15 14:36:49.023, 2, NVIDIA RTX PRO 6000 Blackwell Server Edition, P0, 0, 0, 0, 97887, 50.65, 34, 180, 12481
2026/09/15 14:36:49.026, 3, NVIDIA RTX PRO 6000 Blackwell Server Edition, P0, 0, 0, 0, 97887, 48.60, 34, 180, 12481
2026/09/15 14:36:49.028, 4, NVIDIA RTX PRO 6000 Blackwell Server Edition, P0, 0, 0, 0, 97887, 48.15, 34, 180, 12481
2026/09/15 14:36:49.030, 5, NVIDIA RTX PRO 6000 Blackwell Server Edition, P0, 0, 0, 0, 97887, 48.74, 34, 180, 12481
2026/09/15 14:36:49.032, 6, NVIDIA RTX PRO 6000 Blackwell Server Edition, P0, 0, 0, 0, 97887, 48.52, 34, 180, 12481
2026/09/15 14:36:49.034, 7, NVIDIA RTX PRO 6000 Blackwell Server Edition, P0, 0, 0, 0, 97887, 47.08, 34, 180, 12481
2026/09/15 14:36:50.105, 0, NVIDIA RTX PRO 6000 Blackwell Server Edition, P0, 0, 0, 0, 97887, 48.99, 34, 180, 12481
2026/09/15 14:36:50.107, 1, NVIDIA RTX PRO 6000 Blackwell Server Edition, P0, 0, 0, 0, 97887, 49.02, 34, 180, 12481
2026/09/15 14:36:50.110, 2, NVIDIA RTX PRO 6000 Blackwell Server Edition, P0, 0, 0, 0, 97887, 50.81, 34, 180, 12481
2026/09/15 14:36:50.112, 3, NVIDIA RTX PRO 6000 Blackwell Server Edition, P0, 0, 0, 0, 97887, 48.60, 34, 180, 12481
2026/09/15 14:36:50.114, 4, NVIDIA RTX PRO 6000 Blackwell Server Edition, P0, 0, 0, 0, 97887, 48.16, 34, 180, 12481
2026/09/15 14:36:50.116, 5, NVIDIA RTX PRO 6000 Blackwell Server Edition, P0, 0, 0, 0, 97887, 48.74, 34, 180, 12481
2026/09/15 14:36:50.118, 6, NVIDIA RTX PRO 6000 Blackwell Server Edition, P0, 0, 0, 0, 97887, 48.54, 34, 180, 12481
2026/09/15 14:36:50.121, 7, NVIDIA RTX PRO 6000 Blackwell Server Edition, P0, 0, 0, 0, 97887, 47.08, 34, 180, 12481
2026/09/15 14:36:51.190, 0, NVIDIA RTX PRO 6000 Blackwell Server Edition, P0, 0, 0, 0, 97887, 48.96, 34, 180, 12481
2026/09/15 14:36:51.192, 1, NVIDIA RTX PRO 6000 Blackwell Server Edition, P0, 0, 0, 0, 97887, 49.02, 34, 180, 12481
2026/09/15 14:36:51.194, 2, NVIDIA RTX PRO 6000 Blackwell Server Edition, P0, 0, 0, 0, 97887, 50.79, 34, 180, 12481
2026/09/15 14:36:51.197, 3, NVIDIA RTX PRO 6000 Blackwell Server Edition, P0, 0, 0, 0, 97887, 48.60, 34, 180, 12481
2026/09/15 14:36:51.199, 4, NVIDIA RTX PRO 6000 Blackwell Server Edition, P0, 0, 0, 0, 97887, 48.15, 34, 180, 12481
2026/09/15 14:36:51.201, 5, NVIDIA RTX PRO 6000 Blackwell Server Edition, P0, 0, 0, 0, 97887, 48.73, 34, 180, 12481
2026/09/15 14:36:51.203, 6, NVIDIA RTX PRO 6000 Blackwell Server Edition, P0, 0, 0, 0, 97887, 48.54, 34, 180, 12481
2026/09/15 14:36:51.205, 7, NVIDIA RTX PRO 6000 Blackwell Server Edition, P0, 0, 0, 0, 97887, 47.08, 34, 172, 12481
2026/09/15 14:36:52.274, 0, NVIDIA RTX PRO 6000 Blackwell Server Edition, P0, 0, 0, 0, 97887, 48.98, 34, 180, 12481
2026/09/15 14:36:52.277, 1, NVIDIA RTX PRO 6000 Blackwell Server Edition, P0, 0, 0, 0, 97887, 49.02, 34, 180, 12481
2026/09/15 14:36:52.279, 2, NVIDIA RTX PRO 6000 Blackwell Server Edition, P0, 0, 0, 0, 97887, 50.74, 34, 180, 12481
2026/09/15 14:36:52.281, 3, NVIDIA RTX PRO 6000 Blackwell Server Edition, P0, 0, 0, 0, 97887, 48.59, 34, 180, 12481
2026/09/15 14:36:52.283, 4, NVIDIA RTX PRO 6000 Blackwell Server Edition, P0, 0, 0, 0, 97887, 48.16, 34, 180, 12481
2026/09/15 14:36:52.285, 5, NVIDIA RTX PRO 6000 Blackwell Server Edition, P0, 0, 0, 0, 97887, 48.73, 34, 180, 12481
2026/09/15 14:36:52.288, 6, NVIDIA RTX PRO 6000 Blackwell Server Edition, P0, 0, 0, 0, 97887, 48.55, 34, 180, 12481
2026/09/15 14:36:52.290, 7, NVIDIA RTX PRO 6000 Blackwell Server Edition, P0, 0, 0, 0, 97887, 47.08, 34, 180, 12481
2026/09/15 14:36:53.359, 0, NVIDIA RTX PRO 6000 Blackwell Server Edition, P0, 0, 0, 0, 97887, 49.00, 34, 180, 12481
2026/09/15 14:36:53.361, 1, NVIDIA RTX PRO 6000 Blackwell Server Edition, P0, 0, 0, 0, 97887, 49.03, 34, 180, 12481
2026/09/15 14:36:53.363, 2, NVIDIA RTX PRO 6000 Blackwell Server Edition, P0, 0, 0, 0, 97887, 50.76, 34, 180, 12481
2026/09/15 14:36:53.365, 3, NVIDIA RTX PRO 6000 Blackwell Server Edition, P0, 0, 0, 0, 97887, 48.60, 34, 180, 12481
2026/09/15 14:36:53.368, 4, NVIDIA RTX PRO 6000 Blackwell Server Edition, P0, 0, 0, 0, 97887, 48.16, 34, 180, 12481
2026/09/15 14:36:53.370, 5, NVIDIA RTX PRO 6000 Blackwell Server Edition, P0, 0, 0, 0, 97887, 48.77, 34, 180, 12481
2026/09/15 14:36:53.372, 6, NVIDIA RTX PRO 6000 Blackwell Server Edition, P0, 0, 0, 0, 97887, 48.53, 34, 180, 12481
2026/09/15 14:36:53.374, 7, NVIDIA RTX PRO 6000 Blackwell Server Edition, P0, 0, 0, 0, 97887, 47.08, 34, 180, 12481
2026/09/15 14:36:54.446, 0, NVIDIA RTX PRO 6000 Blackwell Server Edition, P0, 0, 0, 0, 97887, 48.99, 34, 180, 12481
2026/09/15 14:36:54.448, 1, NVIDIA RTX PRO 6000 Blackwell Server Edition, P0, 0, 0, 0, 97887, 49.02, 34, 180, 12481
2026/09/15 14:36:54.450, 2, NVIDIA RTX PRO 6000 Blackwell Server Edition, P0, 0, 0, 0, 97887, 50.75, 34, 180, 12481
2026/09/15 14:36:54.453, 3, NVIDIA RTX PRO 6000 Blackwell Server Edition, P0, 0, 0, 0, 97887, 48.60, 34, 180, 12481
2026/09/15 14:36:54.455, 4, NVIDIA RTX PRO 6000 Blackwell Server Edition, P0, 0, 0, 0, 97887, 48.15, 34, 172, 12481
2026/09/15 14:36:54.458, 5, NVIDIA RTX PRO 6000 Blackwell Server Edition, P0, 0, 0, 0, 97887, 48.72, 34, 180, 12481
2026/09/15 14:36:54.460, 6, NVIDIA RTX PRO 6000 Blackwell Server Edition, P0, 0, 0, 0, 97887, 48.54, 34, 180, 12481
2026/09/15 14:36:54.462, 7, NVIDIA RTX PRO 6000 Blackwell Server Edition, P0, 0, 0, 0, 97887, 47.08, 34, 180, 12481
2026/09/15 14:36:55.533, 0, NVIDIA RTX PRO 6000 Blackwell Server Edition, P0, 0, 0, 0, 97887, 48.97, 34, 180, 12481
2026/09/15 14:36:55.535, 1, NVIDIA RTX PRO 6000 Blackwell Server Edition, P0, 0, 0, 0, 97887, 49.02, 34, 180, 12481
2026/09/15 14:36:55.537, 2, NVIDIA RTX PRO 6000 Blackwell Server Edition, P0, 0, 0, 0, 97887, 50.81, 34, 180, 12481
2026/09/15 14:36:55.540, 3, NVIDIA RTX PRO 6000 Blackwell Server Edition, P0, 0, 0, 0, 97887, 48.60, 34, 180, 12481
2026/09/15 14:36:55.542, 4, NVIDIA RTX PRO 6000 Blackwell Server Edition, P0, 0, 0, 0, 97887, 48.17, 34, 180, 12481
2026/09/15 14:36:55.544, 5, NVIDIA RTX PRO 6000 Blackwell Server Edition, P0, 0, 0, 0, 97887, 48.69, 34, 180, 12481
2026/09/15 14:36:55.546, 6, NVIDIA RTX PRO 6000 Blackwell Server Edition, P0, 0, 0, 0, 97887, 48.54, 34, 180, 12481
2026/09/15 14:36:55.548, 7, NVIDIA RTX PRO 6000 Blackwell Server Edition, P0, 0, 0, 0, 97887, 47.08, 34, 180, 12481
2026/09/15 14:36:56.620, 0, NVIDIA RTX PRO 6000 Blackwell Server Edition, P0, 0, 0, 0, 97887, 48.94, 34, 180, 12481
2026/09/15 14:36:56.622, 1, NVIDIA RTX PRO 6000 Blackwell Server Edition, P0, 0, 0, 0, 97887, 49.02, 34, 180, 12481
2026/09/15 14:36:56.624, 2, NVIDIA RTX PRO 6000 Blackwell Server Edition, P0, 0, 0, 0, 97887, 50.74, 34, 180, 12481
2026/09/15 14:36:56.627, 3, NVIDIA RTX PRO 6000 Blackwell Server Edition, P0, 0, 0, 0, 97887, 48.60, 34, 180, 12481
2026/09/15 14:36:56.629, 4, NVIDIA RTX PRO 6000 Blackwell Server Edition, P0, 0, 0, 0, 97887, 48.16, 34, 180, 12481
2026/09/15 14:36:56.631, 5, NVIDIA RTX PRO 6000 Blackwell Server Edition, P0, 0, 0, 0, 97887, 48.73, 34, 180, 12481
2026/09/15 14:36:56.633, 6, NVIDIA RTX PRO 6000 Blackwell Server Edition, P0, 0, 0, 0, 97887, 48.55, 34, 180, 12481
2026/09/15 14:36:56.635, 7, NVIDIA RTX PRO 6000 Blackwell Server Edition, P0, 0, 0, 0, 97887, 47.08, 34, 180, 12481
2026/09/15 14:36:57.705, 0, NVIDIA RTX PRO 6000 Blackwell Server Edition, P0, 0, 0, 0, 97887, 48.99, 34, 180, 12481
2026/09/15 14:36:57.707, 1, NVIDIA RTX PRO 6000 Blackwell Server Edition, P0, 0, 0, 0, 97887, 49.02, 34, 180, 12481
2026/09/15 14:36:57.709, 2, NVIDIA RTX PRO 6000 Blackwell Server Edition, P0, 0, 0, 0, 97887, 50.75, 34, 180, 12481
2026/09/15 14:36:57.711, 3, NVIDIA RTX PRO 6000 Blackwell Server Edition, P0, 0, 0, 0, 97887, 48.60, 34, 180, 12481
2026/09/15 14:36:57.714, 4, NVIDIA RTX PRO 6000 Blackwell Server Edition, P0, 0, 0, 0, 97887, 48.16, 34, 180, 12481
2026/09/15 14:36:57.716, 5, NVIDIA RTX PRO 6000 Blackwell Server Edition, P0, 0, 0, 0, 97887, 48.73, 34, 180, 12481
2026/09/15 14:36:57.718, 6, NVIDIA RTX PRO 6000 Blackwell Server Edition, P0, 0, 0, 0, 97887, 48.53, 34, 180, 12481
2026/09/15 14:36:57.720, 7, NVIDIA RTX PRO 6000 Blackwell Server Edition, P0, 0, 0, 0, 97887, 47.08, 34, 180, 12481
2026/09/15 14:36:58.789, 0, NVIDIA RTX PRO 6000 Blackwell Server Edition, P0, 0, 0, 0, 97887, 48.92, 34, 180, 12481
2026/09/15 14:36:58.791, 1, NVIDIA RTX PRO 6000 Blackwell Server Edition, P0, 0, 0, 0, 97887, 49.02, 34, 180, 12481
2026/09/15 14:36:58.794, 2, NVIDIA RTX PRO 6000 Blackwell Server Edition, P0, 0, 0, 0, 97887, 50.69, 34, 180, 12481
2026/09/15 14:36:58.796, 3, NVIDIA RTX PRO 6000 Blackwell Server Edition, P0, 0, 0, 0, 97887, 48.60, 34, 180, 12481
2026/09/15 14:36:58.798, 4, NVIDIA RTX PRO 6000 Blackwell Server Edition, P0, 0, 0, 0, 97887, 48.17, 34, 180, 12481
2026/09/15 14:36:58.800, 5, NVIDIA RTX PRO 6000 Blackwell Server Edition, P0, 0, 0, 0, 97887, 48.74, 34, 180, 12481
2026/09/15 14:36:58.802, 6, NVIDIA RTX PRO 6000 Blackwell Server Edition, P0, 0, 0, 0, 97887, 48.54, 34, 180, 12481
2026/09/15 14:36:58.805, 7, NVIDIA RTX PRO 6000 Blackwell Server Edition, P0, 0, 0, 0, 97887, 47.08, 34, 180, 12481
2026/09/15 14:36:59.873, 0, NVIDIA RTX PRO 6000 Blackwell Server Edition, P0, 0, 0, 0, 97887, 48.94, 34, 180, 12481
2026/09/15 14:36:59.876, 1, NVIDIA RTX PRO 6000 Blackwell Server Edition, P0, 0, 0, 0, 97887, 49.02, 34, 180, 12481
2026/09/15 14:36:59.878, 2, NVIDIA RTX PRO 6000 Blackwell Server Edition, P0, 0, 0, 0, 97887, 50.66, 34, 180, 12481
2026/09/15 14:36:59.880, 3, NVIDIA RTX PRO 6000 Blackwell Server Edition, P0, 0, 0, 0, 97887, 48.61, 34, 180, 12481
2026/09/15 14:36:59.882, 4, NVIDIA RTX PRO 6000 Blackwell Server Edition, P0, 0, 0, 0, 97887, 48.16, 34, 180, 12481
2026/09/15 14:36:59.885, 5, NVIDIA RTX PRO 6000 Blackwell Server Edition, P0, 0, 0, 0, 97887, 48.71, 34, 180, 12481
2026/09/15 14:36:59.887, 6, NVIDIA RTX PRO 6000 Blackwell Server Edition, P0, 0, 0, 0, 97887, 48.54, 34, 180, 12481
2026/09/15 14:36:59.889, 7, NVIDIA RTX PRO 6000 Blackwell Server Edition, P0, 0, 0, 0, 97887, 47.08, 34, 180, 12481
2026/09/15 14:37:00.960, 0, NVIDIA RTX PRO 6000 Blackwell Server Edition, P0, 0, 0, 0, 97887, 48.95, 34, 180, 12481
2026/09/15 14:37:00.963, 1, NVIDIA RTX PRO 6000 Blackwell Server Edition, P0, 0, 0, 0, 97887, 49.03, 34, 180, 12481
2026/09/15 14:37:00.965, 2, NVIDIA RTX PRO 6000 Blackwell Server Edition, P0, 0, 0, 0, 97887, 50.76, 34, 180, 12481
2026/09/15 14:37:00.967, 3, NVIDIA RTX PRO 6000 Blackwell Server Edition, P0, 0, 0, 0, 97887, 48.60, 34, 180, 12481
2026/09/15 14:37:00.969, 4, NVIDIA RTX PRO 6000 Blackwell Server Edition, P0, 0, 0, 0, 97887, 48.17, 34, 180, 12481
2026/09/15 14:37:00.971, 5, NVIDIA RTX PRO 6000 Blackwell Server Edition, P0, 0, 0, 0, 97887, 48.74, 34, 180, 12481
2026/09/15 14:37:00.974, 6, NVIDIA RTX PRO 6000 Blackwell Server Edition, P0, 0, 0, 0, 97887, 48.52, 34, 180, 12481
2026/09/15 14:37:00.976, 7, NVIDIA RTX PRO 6000 Blackwell Server Edition, P0, 0, 0, 0, 97887, 47.07, 34, 180, 12481
2026/09/15 14:37:02.046, 0, NVIDIA RTX PRO 6000 Blackwell Server Edition, P0, 0, 0, 0, 97887, 48.92, 34, 180, 12481
2026/09/15 14:37:02.048, 1, NVIDIA RTX PRO 6000 Blackwell Server Edition, P0, 0, 0, 0, 97887, 49.02, 34, 180, 12481
2026/09/15 14:37:02.051, 2, NVIDIA RTX PRO 6000 Blackwell Server Edition, P0, 0, 0, 0, 97887, 50.78, 34, 180, 12481
2026/09/15 14:37:02.053, 3, NVIDIA RTX PRO 6000 Blackwell Server Edition, P0, 0, 0, 0, 97887, 48.60, 34, 180, 12481
2026/09/15 14:37:02.055, 4, NVIDIA RTX PRO 6000 Blackwell Server Edition, P0, 0, 0, 0, 97887, 48.17, 34, 180, 12481
2026/09/15 14:37:02.057, 5, NVIDIA RTX PRO 6000 Blackwell Server Edition, P0, 0, 0, 0, 97887, 48.74, 34, 172, 12481
2026/09/15 14:37:02.060, 6, NVIDIA RTX PRO 6000 Blackwell Server Edition, P0, 0, 0, 0, 97887, 48.51, 34, 180, 12481
2026/09/15 14:37:02.062, 7, NVIDIA RTX PRO 6000 Blackwell Server Edition, P0, 0, 0, 0, 97887, 47.08, 34, 180, 12481
2026/09/15 14:37:03.133, 0, NVIDIA RTX PRO 6000 Blackwell Server Edition, P0, 0, 0, 0, 97887, 49.01, 34, 180, 12481
2026/09/15 14:37:03.135, 1, NVIDIA RTX PRO 6000 Blackwell Server Edition, P0, 0, 0, 0, 97887, 49.03, 34, 172, 12481
2026/09/15 14:37:03.137, 2, NVIDIA RTX PRO 6000 Blackwell Server Edition, P0, 0, 0, 0, 97887, 50.77, 34, 180, 12481
2026/09/15 14:37:03.139, 3, NVIDIA RTX PRO 6000 Blackwell Server Edition, P0, 0, 0, 0, 97887, 48.60, 34, 180, 12481
2026/09/15 14:37:03.142, 4, NVIDIA RTX PRO 6000 Blackwell Server Edition, P0, 0, 0, 0, 97887, 48.18, 34, 180, 12481
2026/09/15 14:37:03.145, 5, NVIDIA RTX PRO 6000 Blackwell Server Edition, P0, 0, 0, 0, 97887, 48.70, 34, 180, 12481
2026/09/15 14:37:03.147, 6, NVIDIA RTX PRO 6000 Blackwell Server Edition, P0, 0, 0, 0, 97887, 48.52, 34, 180, 12481
2026/09/15 14:37:03.149, 7, NVIDIA RTX PRO 6000 Blackwell Server Edition, P0, 0, 0, 0, 97887, 47.08, 34, 180, 12481
2026/09/15 14:37:04.220, 0, NVIDIA RTX PRO 6000 Blackwell Server Edition, P0, 0, 0, 0, 97887, 48.92, 34, 180, 12481
2026/09/15 14:37:04.222, 1, NVIDIA RTX PRO 6000 Blackwell Server Edition, P0, 0, 0, 0, 97887, 49.02, 34, 180, 12481
2026/09/15 14:37:04.225, 2, NVIDIA RTX PRO 6000 Blackwell Server Edition, P0, 0, 0, 0, 97887, 50.77, 34, 180, 12481
2026/09/15 14:37:04.227, 3, NVIDIA RTX PRO 6000 Blackwell Server Edition, P0, 0, 0, 0, 97887, 48.60, 34, 180, 12481
2026/09/15 14:37:04.229, 4, NVIDIA RTX PRO 6000 Blackwell Server Edition, P0, 0, 0, 0, 97887, 48.17, 34, 180, 12481
2026/09/15 14:37:04.231, 5, NVIDIA RTX PRO 6000 Blackwell Server Edition, P0, 0, 0, 0, 97887, 48.74, 34, 180, 12481
2026/09/15 14:37:04.233, 6, NVIDIA RTX PRO 6000 Blackwell Server Edition, P0, 0, 0, 0, 97887, 48.54, 34, 180, 12481
2026/09/15 14:37:04.236, 7, NVIDIA RTX PRO 6000 Blackwell Server Edition, P0, 0, 0, 0, 97887, 47.08, 34, 180, 12481
2026/09/15 14:37:05.305, 0, NVIDIA RTX PRO 6000 Blackwell Server Edition, P0, 0, 0, 0, 97887, 48.98, 34, 180, 12481
2026/09/15 14:37:05.307, 1, NVIDIA RTX PRO 6000 Blackwell Server Edition, P0, 0, 0, 0, 97887, 49.02, 34, 180, 12481
2026/09/15 14:37:05.310, 2, NVIDIA RTX PRO 6000 Blackwell Server Edition, P0, 0, 0, 0, 97887, 50.67, 34, 180, 12481
2026/09/15 14:37:05.312, 3, NVIDIA RTX PRO 6000 Blackwell Server Edition, P0, 0, 0, 0, 97887, 48.60, 34, 180, 12481
2026/09/15 14:37:05.314, 4, NVIDIA RTX PRO 6000 Blackwell Server Edition, P0, 0, 0, 0, 97887, 48.19, 34, 180, 12481
2026/09/15 14:37:05.316, 5, NVIDIA RTX PRO 6000 Blackwell Server Edition, P0, 0, 0, 0, 97887, 48.73, 34, 180, 12481
2026/09/15 14:37:05.318, 6, NVIDIA RTX PRO 6000 Blackwell Server Edition, P0, 0, 0, 0, 97887, 48.54, 34, 180, 12481
2026/09/15 14:37:05.321, 7, NVIDIA RTX PRO 6000 Blackwell Server Edition, P0, 0, 0, 0, 97887, 47.08, 34, 172, 12481
2026/09/15 14:37:06.391, 0, NVIDIA RTX PRO 6000 Blackwell Server Edition, P0, 0, 0, 0, 97887, 48.96, 34, 180, 12481
2026/09/15 14:37:06.394, 1, NVIDIA RTX PRO 6000 Blackwell Server Edition, P0, 0, 0, 0, 97887, 49.02, 34, 180, 12481
2026/09/15 14:37:06.396, 2, NVIDIA RTX PRO 6000 Blackwell Server Edition, P0, 0, 0, 0, 97887, 50.70, 34, 180, 12481
2026/09/15 14:37:06.398, 3, NVIDIA RTX PRO 6000 Blackwell Server Edition, P0, 0, 0, 0, 97887, 48.60, 34, 180, 12481
2026/09/15 14:37:06.400, 4, NVIDIA RTX PRO 6000 Blackwell Server Edition, P0, 0, 0, 0, 97887, 48.16, 34, 180, 12481
2026/09/15 14:37:06.403, 5, NVIDIA RTX PRO 6000 Blackwell Server Edition, P0, 0, 0, 0, 97887, 48.70, 34, 180, 12481
2026/09/15 14:37:06.405, 6, NVIDIA RTX PRO 6000 Blackwell Server Edition, P0, 0, 0, 0, 97887, 48.54, 34, 180, 12481
2026/09/15 14:37:06.407, 7, NVIDIA RTX PRO 6000 Blackwell Server Edition, P0, 0, 0, 0, 97887, 47.08, 34, 180, 12481
2026/09/15 14:37:07.477, 0, NVIDIA RTX PRO 6000 Blackwell Server Edition, P0, 0, 0, 0, 97887, 49.00, 34, 180, 12481
2026/09/15 14:37:07.480, 1, NVIDIA RTX PRO 6000 Blackwell Server Edition, P0, 0, 0, 0, 97887, 49.02, 34, 180, 12481
2026/09/15 14:37:07.482, 2, NVIDIA RTX PRO 6000 Blackwell Server Edition, P0, 0, 0, 0, 97887, 50.76, 34, 180, 12481
2026/09/15 14:37:07.484, 3, NVIDIA RTX PRO 6000 Blackwell Server Edition, P0, 0, 0, 0, 97887, 48.60, 34, 180, 12481
2026/09/15 14:37:07.486, 4, NVIDIA RTX PRO 6000 Blackwell Server Edition, P0, 0, 0, 0, 97887, 48.17, 34, 180, 12481
2026/09/15 14:37:07.489, 5, NVIDIA RTX PRO 6000 Blackwell Server Edition, P0, 0, 0, 0, 97887, 48.73, 34, 180, 12481
2026/09/15 14:37:07.491, 6, NVIDIA RTX PRO 6000 Blackwell Server Edition, P0, 0, 0, 0, 97887, 48.53, 34, 180, 12481
2026/09/15 14:37:07.493, 7, NVIDIA RTX PRO 6000 Blackwell Server Edition, P0, 0, 0, 0, 97887, 47.08, 34, 180, 12481
2026/09/15 14:37:08.563, 0, NVIDIA RTX PRO 6000 Blackwell Server Edition, P0, 0, 0, 0, 97887, 48.94, 34, 180, 12481
2026/09/15 14:37:08.566, 1, NVIDIA RTX PRO 6000 Blackwell Server Edition, P0, 0, 0, 0, 97887, 49.02, 34, 180, 12481
2026/09/15 14:37:08.568, 2, NVIDIA RTX PRO 6000 Blackwell Server Edition, P0, 0, 0, 0, 97887, 50.80, 34, 180, 12481
2026/09/15 14:37:08.570, 3, NVIDIA RTX PRO 6000 Blackwell Server Edition, P0, 0, 0, 0, 97887, 48.60, 34, 180, 12481
2026/09/15 14:37:08.572, 4, NVIDIA RTX PRO 6000 Blackwell Server Edition, P0, 0, 0, 0, 97887, 48.18, 34, 180, 12481
2026/09/15 14:37:08.574, 5, NVIDIA RTX PRO 6000 Blackwell Server Edition, P0, 0, 0, 0, 97887, 48.70, 34, 180, 12481
2026/09/15 14:37:08.577, 6, NVIDIA RTX PRO 6000 Blackwell Server Edition, P0, 0, 0, 0, 97887, 48.52, 34, 180, 12481
2026/09/15 14:37:08.579, 7, NVIDIA RTX PRO 6000 Blackwell Server Edition, P0, 0, 0, 0, 97887, 47.08, 34, 180, 12481
2026/09/15 14:37:09.648, 0, NVIDIA RTX PRO 6000 Blackwell Server Edition, P0, 0, 0, 0, 97887, 48.98, 34, 180, 12481
2026/09/15 14:37:09.650, 1, NVIDIA RTX PRO 6000 Blackwell Server Edition, P0, 0, 0, 0, 97887, 49.02, 34, 180, 12481
2026/09/15 14:37:09.652, 2, NVIDIA RTX PRO 6000 Blackwell Server Edition, P0, 0, 0, 0, 97887, 50.76, 34, 180, 12481
2026/09/15 14:37:09.654, 3, NVIDIA RTX PRO 6000 Blackwell Server Edition, P0, 0, 0, 0, 97887, 48.60, 34, 180, 12481
2026/09/15 14:37:09.657, 4, NVIDIA RTX PRO 6000 Blackwell Server Edition, P0, 0, 0, 0, 97887, 48.17, 34, 180, 12481
2026/09/15 14:37:09.659, 5, NVIDIA RTX PRO 6000 Blackwell Server Edition, P0, 0, 0, 0, 97887, 48.71, 34, 180, 12481
2026/09/15 14:37:09.661, 6, NVIDIA RTX PRO 6000 Blackwell Server Edition, P0, 0, 0, 0, 97887, 48.52, 34, 180, 12481
2026/09/15 14:37:09.663, 7, NVIDIA RTX PRO 6000 Blackwell Server Edition, P0, 0, 0, 0, 97887, 47.08, 34, 180, 12481
2026/09/15 14:37:10.732, 0, NVIDIA RTX PRO 6000 Blackwell Server Edition, P0, 0, 0, 0, 97887, 48.94, 34, 180, 12481
2026/09/15 14:37:10.734, 1, NVIDIA RTX PRO 6000 Blackwell Server Edition, P0, 0, 0, 0, 97887, 49.02, 34, 180, 12481
2026/09/15 14:37:10.736, 2, NVIDIA RTX PRO 6000 Blackwell Server Edition, P0, 0, 0, 0, 97887, 50.72, 34, 180, 12481
2026/09/15 14:37:10.738, 3, NVIDIA RTX PRO 6000 Blackwell Server Edition, P0, 0, 0, 0, 97887, 48.60, 34, 180, 12481
2026/09/15 14:37:10.741, 4, NVIDIA RTX PRO 6000 Blackwell Server Edition, P0, 0, 0, 0, 97887, 48.17, 34, 180, 12481
2026/09/15 14:37:10.743, 5, NVIDIA RTX PRO 6000 Blackwell Server Edition, P0, 0, 0, 0, 97887, 48.74, 34, 180, 12481
2026/09/15 14:37:10.745, 6, NVIDIA RTX PRO 6000 Blackwell Server Edition, P0, 0, 0, 0, 97887, 48.53, 34, 180, 12481
2026/09/15 14:37:10.747, 7, NVIDIA RTX PRO 6000 Blackwell Server Edition, P0, 0, 0, 0, 97887, 47.08, 34, 180, 12481
2026/09/15 14:37:11.819, 0, NVIDIA RTX PRO 6000 Blackwell Server Edition, P0, 0, 0, 0, 97887, 48.91, 34, 180, 12481
2026/09/15 14:37:11.821, 1, NVIDIA RTX PRO 6000 Blackwell Server Edition, P0, 0, 0, 0, 97887, 49.03, 34, 180, 12481
2026/09/15 14:37:11.823, 2, NVIDIA RTX PRO 6000 Blackwell Server Edition, P0, 0, 0, 0, 97887, 50.75, 34, 180, 12481
2026/09/15 14:37:11.825, 3, NVIDIA RTX PRO 6000 Blackwell Server Edition, P0, 0, 0, 0, 97887, 48.60, 34, 180, 12481
2026/09/15 14:37:11.828, 4, NVIDIA RTX PRO 6000 Blackwell Server Edition, P0, 0, 0, 0, 97887, 48.16, 34, 180, 12481
2026/09/15 14:37:11.830, 5, NVIDIA RTX PRO 6000 Blackwell Server Edition, P0, 0, 0, 0, 97887, 48.70, 34, 180, 12481
2026/09/15 14:37:11.832, 6, NVIDIA RTX PRO 6000 Blackwell Server Edition, P0, 0, 0, 0, 97887, 48.53, 34, 180, 12481
2026/09/15 14:37:11.834, 7, NVIDIA RTX PRO 6000 Blackwell Server Edition, P0, 0, 0, 0, 97887, 47.08, 34, 180, 12481
2026/09/15 14:37:12.903, 0, NVIDIA RTX PRO 6000 Blackwell Server Edition, P0, 0, 0, 0, 97887, 48.90, 34, 180, 12481
2026/09/15 14:37:12.906, 1, NVIDIA RTX PRO 6000 Blackwell Server Edition, P0, 0, 0, 0, 97887, 49.02, 34, 180, 12481
2026/09/15 14:37:12.908, 2, NVIDIA RTX PRO 6000 Blackwell Server Edition, P0, 0, 0, 0, 97887, 50.83, 34, 180, 12481
2026/09/15 14:37:12.910, 3, NVIDIA RTX PRO 6000 Blackwell Server Edition, P0, 0, 0, 0, 97887, 48.60, 34, 180, 12481
2026/09/15 14:37:12.912, 4, NVIDIA RTX PRO 6000 Blackwell Server Edition, P0, 0, 0, 0, 97887, 48.15, 34, 180, 12481
2026/09/15 14:37:12.915, 5, NVIDIA RTX PRO 6000 Blackwell Server Edition, P0, 0, 0, 0, 97887, 48.71, 34, 180, 12481
2026/09/15 14:37:12.917, 6, NVIDIA RTX PRO 6000 Blackwell Server Edition, P0, 0, 0, 0, 97887, 48.53, 34, 180, 12481
2026/09/15 14:37:12.919, 7, NVIDIA RTX PRO 6000 Blackwell Server Edition, P0, 0, 0, 0, 97887, 47.08, 34, 180, 12481
2026/09/15 14:37:13.989, 0, NVIDIA RTX PRO 6000 Blackwell Server Edition, P0, 0, 0, 0, 97887, 48.93, 34, 180, 12481
2026/09/15 14:37:13.991, 1, NVIDIA RTX PRO 6000 Blackwell Server Edition, P0, 0, 0, 0, 97887, 49.02, 34, 180, 12481
2026/09/15 14:37:13.993, 2, NVIDIA RTX PRO 6000 Blackwell Server Edition, P0, 0, 0, 0, 97887, 50.81, 34, 180, 12481
2026/09/15 14:37:13.996, 3, NVIDIA RTX PRO 6000 Blackwell Server Edition, P0, 0, 0, 0, 97887, 48.60, 34, 180, 12481
2026/09/15 14:37:13.998, 4, NVIDIA RTX PRO 6000 Blackwell Server Edition, P0, 0, 0, 0, 97887, 48.17, 34, 180, 12481
2026/09/15 14:37:14.000, 5, NVIDIA RTX PRO 6000 Blackwell Server Edition, P0, 0, 0, 0, 97887, 48.69, 34, 180, 12481
2026/09/15 14:37:14.002, 6, NVIDIA RTX PRO 6000 Blackwell Server Edition, P0, 0, 0, 0, 97887, 48.53, 34, 180, 12481
2026/09/15 14:37:14.004, 7, NVIDIA RTX PRO 6000 Blackwell Server Edition, P0, 0, 0, 0, 97887, 47.08, 34, 180, 12481
2026/09/15 14:37:15.073, 0, NVIDIA RTX PRO 6000 Blackwell Server Edition, P0, 0, 0, 0, 97887, 48.93, 34, 180, 12481
2026/09/15 14:37:15.076, 1, NVIDIA RTX PRO 6000 Blackwell Server Edition, P0, 0, 0, 0, 97887, 49.02, 34, 180, 12481
2026/09/15 14:37:15.078, 2, NVIDIA RTX PRO 6000 Blackwell Server Edition, P0, 0, 0, 0, 97887, 50.77, 34, 180, 12481
2026/09/15 14:37:15.080, 3, NVIDIA RTX PRO 6000 Blackwell Server Edition, P0, 0, 0, 0, 97887, 48.61, 34, 180, 12481
2026/09/15 14:37:15.082, 4, NVIDIA RTX PRO 6000 Blackwell Server Edition, P0, 0, 0, 0, 97887, 48.18, 34, 180, 12481
2026/09/15 14:37:15.084, 5, NVIDIA RTX PRO 6000 Blackwell Server Edition, P0, 0, 0, 0, 97887, 48.70, 34, 180, 12481
2026/09/15 14:37:15.087, 6, NVIDIA RTX PRO 6000 Blackwell Server Edition, P0, 0, 0, 0, 97887, 48.53, 34, 180, 12481
2026/09/15 14:37:15.089, 7, NVIDIA RTX PRO 6000 Blackwell Server Edition, P0, 0, 0, 0, 97887, 47.08, 34, 180, 12481
2026/09/15 14:37:16.158, 0, NVIDIA RTX PRO 6000 Blackwell Server Edition, P0, 0, 0, 0, 97887, 48.99, 34, 180, 12481
2026/09/15 14:37:16.161, 1, NVIDIA RTX PRO 6000 Blackwell Server Edition, P0, 0, 0, 0, 97887, 49.03, 34, 180, 12481
2026/09/15 14:37:16.163, 2, NVIDIA RTX PRO 6000 Blackwell Server Edition, P0, 0, 0, 0, 97887, 50.79, 34, 180, 12481
2026/09/15 14:37:16.165, 3, NVIDIA RTX PRO 6000 Blackwell Server Edition, P0, 0, 0, 0, 97887, 48.60, 34, 180, 12481
2026/09/15 14:37:16.167, 4, NVIDIA RTX PRO 6000 Blackwell Server Edition, P0, 0, 0, 0, 97887, 48.16, 34, 180, 12481
2026/09/15 14:37:16.170, 5, NVIDIA RTX PRO 6000 Blackwell Server Edition, P0, 0, 0, 0, 97887, 48.73, 34, 172, 12481
2026/09/15 14:37:16.172, 6, NVIDIA RTX PRO 6000 Blackwell Server Edition, P0, 0, 0, 0, 97887, 48.53, 34, 180, 12481
2026/09/15 14:37:16.174, 7, NVIDIA RTX PRO 6000 Blackwell Server Edition, P0, 0, 0, 0, 97887, 47.08, 34, 180, 12481
2026/09/15 14:37:17.245, 0, NVIDIA RTX PRO 6000 Blackwell Server Edition, P0, 0, 0, 0, 97887, 48.92, 34, 180, 12481
2026/09/15 14:37:17.247, 1, NVIDIA RTX PRO 6000 Blackwell Server Edition, P0, 0, 0, 0, 97887, 49.02, 34, 172, 12481
2026/09/15 14:37:17.249, 2, NVIDIA RTX PRO 6000 Blackwell Server Edition, P0, 0, 0, 0, 97887, 50.79, 34, 180, 12481
2026/09/15 14:37:17.252, 3, NVIDIA RTX PRO 6000 Blackwell Server Edition, P0, 0, 0, 0, 97887, 48.60, 34, 180, 12481
2026/09/15 14:37:17.254, 4, NVIDIA RTX PRO 6000 Blackwell Server Edition, P0, 0, 0, 0, 97887, 48.17, 34, 180, 12481
2026/09/15 14:37:17.256, 5, NVIDIA RTX PRO 6000 Blackwell Server Edition, P0, 0, 0, 0, 97887, 48.72, 34, 180, 12481
2026/09/15 14:37:17.258, 6, NVIDIA RTX PRO 6000 Blackwell Server Edition, P0, 0, 0, 0, 97887, 48.54, 34, 180, 12481
2026/09/15 14:37:17.260, 7, NVIDIA RTX PRO 6000 Blackwell Server Edition, P0, 0, 0, 0, 97887, 47.08, 34, 180, 12481
2026/09/15 14:37:18.331, 0, NVIDIA RTX PRO 6000 Blackwell Server Edition, P0, 0, 0, 0, 97887, 48.94, 34, 180, 12481
2026/09/15 14:37:18.333, 1, NVIDIA RTX PRO 6000 Blackwell Server Edition, P0, 0, 0, 0, 97887, 49.02, 34, 180, 12481
2026/09/15 14:37:18.335, 2, NVIDIA RTX PRO 6000 Blackwell Server Edition, P0, 0, 0, 0, 97887, 50.76, 34, 180, 12481
2026/09/15 14:37:18.337, 3, NVIDIA RTX PRO 6000 Blackwell Server Edition, P0, 0, 0, 0, 97887, 48.60, 34, 180, 12481
2026/09/15 14:37:18.340, 4, NVIDIA RTX PRO 6000 Blackwell Server Edition, P0, 0, 0, 0, 97887, 48.17, 34, 180, 12481
2026/09/15 14:37:18.342, 5, NVIDIA RTX PRO 6000 Blackwell Server Edition, P0, 0, 0, 0, 97887, 48.72, 34, 180, 12481
2026/09/15 14:37:18.344, 6, NVIDIA RTX PRO 6000 Blackwell Server Edition, P0, 0, 0, 0, 97887, 48.53, 34, 180, 12481
2026/09/15 14:37:18.346, 7, NVIDIA RTX PRO 6000 Blackwell Server Edition, P0, 0, 0, 0, 97887, 47.08, 34, 180, 12481
2026/09/15 14:37:19.417, 0, NVIDIA RTX PRO 6000 Blackwell Server Edition, P0, 0, 0, 0, 97887, 48.96, 34, 180, 12481
2026/09/15 14:37:19.419, 1, NVIDIA RTX PRO 6000 Blackwell Server Edition, P0, 0, 0, 0, 97887, 49.02, 34, 180, 12481
2026/09/15 14:37:19.421, 2, NVIDIA RTX PRO 6000 Blackwell Server Edition, P0, 0, 0, 0, 97887, 50.73, 34, 180, 12481
2026/09/15 14:37:19.424, 3, NVIDIA RTX PRO 6000 Blackwell Server Edition, P0, 0, 0, 0, 97887, 48.60, 34, 180, 12481
2026/09/15 14:37:19.426, 4, NVIDIA RTX PRO 6000 Blackwell Server Edition, P0, 0, 0, 0, 97887, 48.17, 34, 180, 12481
2026/09/15 14:37:19.428, 5, NVIDIA RTX PRO 6000 Blackwell Server Edition, P0, 0, 0, 0, 97887, 48.73, 34, 180, 12481
2026/09/15 14:37:19.430, 6, NVIDIA RTX PRO 6000 Blackwell Server Edition, P0, 0, 0, 0, 97887, 48.52, 34, 180, 12481
2026/09/15 14:37:19.432, 7, NVIDIA RTX PRO 6000 Blackwell Server Edition, P0, 0, 0, 0, 97887, 47.08, 34, 180, 12481
2026/09/15 14:37:20.501, 0, NVIDIA RTX PRO 6000 Blackwell Server Edition, P0, 0, 0, 0, 97887, 48.96, 34, 180, 12481
2026/09/15 14:37:20.503, 1, NVIDIA RTX PRO 6000 Blackwell Server Edition, P0, 0, 0, 0, 97887, 49.02, 34, 180, 12481
2026/09/15 14:37:20.505, 2, NVIDIA RTX PRO 6000 Blackwell Server Edition, P0, 0, 0, 0, 97887, 50.72, 34, 180, 12481
2026/09/15 14:37:20.508, 3, NVIDIA RTX PRO 6000 Blackwell Server Edition, P0, 0, 0, 0, 97887, 48.60, 34, 180, 12481
2026/09/15 14:37:20.510, 4, NVIDIA RTX PRO 6000 Blackwell Server Edition, P0, 0, 0, 0, 97887, 48.17, 34, 180, 12481
2026/09/15 14:37:20.512, 5, NVIDIA RTX PRO 6000 Blackwell Server Edition, P0, 0, 0, 0, 97887, 48.71, 34, 180, 12481
2026/09/15 14:37:20.514, 6, NVIDIA RTX PRO 6000 Blackwell Server Edition, P0, 0, 0, 0, 97887, 48.55, 34, 180, 12481
2026/09/15 14:37:20.516, 7, NVIDIA RTX PRO 6000 Blackwell Server Edition, P0, 0, 0, 0, 97887, 47.08, 34, 180, 12481
2026/09/15 14:37:21.586, 0, NVIDIA RTX PRO 6000 Blackwell Server Edition, P0, 0, 0, 0, 97887, 48.95, 34, 180, 12481
2026/09/15 14:37:21.589, 1, NVIDIA RTX PRO 6000 Blackwell Server Edition, P0, 0, 0, 0, 97887, 49.02, 34, 180, 12481
2026/09/15 14:37:21.591, 2, NVIDIA RTX PRO 6000 Blackwell Server Edition, P0, 0, 0, 0, 97887, 50.72, 34, 180, 12481
2026/09/15 14:37:21.593, 3, NVIDIA RTX PRO 6000 Blackwell Server Edition, P0, 0, 0, 0, 97887, 48.60, 34, 180, 12481
2026/09/15 14:37:21.595, 4, NVIDIA RTX PRO 6000 Blackwell Server Edition, P0, 0, 0, 0, 97887, 48.17, 34, 180, 12481
2026/09/15 14:37:21.597, 5, NVIDIA RTX PRO 6000 Blackwell Server Edition, P0, 0, 0, 0, 97887, 48.69, 34, 180, 12481
2026/09/15 14:37:21.600, 6, NVIDIA RTX PRO 6000 Blackwell Server Edition, P0, 0, 0, 0, 97887, 48.52, 34, 180, 12481
2026/09/15 14:37:21.602, 7, NVIDIA RTX PRO 6000 Blackwell Server Edition, P0, 0, 0, 0, 97887, 47.08, 34, 180, 12481
2026/09/15 14:37:22.670, 0, NVIDIA RTX PRO 6000 Blackwell Server Edition, P0, 0, 0, 0, 97887, 48.97, 34, 180, 12481
2026/09/15 14:37:22.673, 1, NVIDIA RTX PRO 6000 Blackwell Server Edition, P0, 0, 0, 0, 97887, 49.02, 34, 180, 12481
2026/09/15 14:37:22.675, 2, NVIDIA RTX PRO 6000 Blackwell Server Edition, P0, 0, 0, 0, 97887, 50.64, 34, 180, 12481
2026/09/15 14:37:22.677, 3, NVIDIA RTX PRO 6000 Blackwell Server Edition, P0, 0, 0, 0, 97887, 48.60, 34, 180, 12481
2026/09/15 14:37:22.679, 4, NVIDIA RTX PRO 6000 Blackwell Server Edition, P0, 0, 0, 0, 97887, 48.15, 34, 180, 12481
2026/09/15 14:37:22.682, 5, NVIDIA RTX PRO 6000 Blackwell Server Edition, P0, 0, 0, 0, 97887, 48.70, 34, 180, 12481
2026/09/15 14:37:22.684, 6, NVIDIA RTX PRO 6000 Blackwell Server Edition, P0, 0, 0, 0, 97887, 48.54, 34, 180, 12481
2026/09/15 14:37:22.686, 7, NVIDIA RTX PRO 6000 Blackwell Server Edition, P0, 0, 0, 0, 97887, 47.08, 34, 180, 12481
2026/09/15 14:37:23.755, 0, NVIDIA RTX PRO 6000 Blackwell Server Edition, P0, 0, 0, 0, 97887, 48.97, 34, 180, 12481
2026/09/15 14:37:23.758, 1, NVIDIA RTX PRO 6000 Blackwell Server Edition, P0, 0, 0, 0, 97887, 49.02, 34, 180, 12481
2026/09/15 14:37:23.760, 2, NVIDIA RTX PRO 6000 Blackwell Server Edition, P0, 0, 0, 0, 97887, 50.78, 34, 180, 12481
2026/09/15 14:37:23.762, 3, NVIDIA RTX PRO 6000 Blackwell Server Edition, P0, 0, 0, 0, 97887, 48.60, 34, 180, 12481
2026/09/15 14:37:23.764, 4, NVIDIA RTX PRO 6000 Blackwell Server Edition, P0, 0, 0, 0, 97887, 48.15, 34, 180, 12481
2026/09/15 14:37:23.767, 5, NVIDIA RTX PRO 6000 Blackwell Server Edition, P0, 0, 0, 0, 97887, 48.73, 34, 180, 12481
2026/09/15 14:37:23.769, 6, NVIDIA RTX PRO 6000 Blackwell Server Edition, P0, 0, 0, 0, 97887, 48.54, 34, 180, 12481
2026/09/15 14:37:23.771, 7, NVIDIA RTX PRO 6000 Blackwell Server Edition, P0, 0, 0, 0, 97887, 47.08, 34, 180, 12481
2026/09/15 14:37:24.843, 0, NVIDIA RTX PRO 6000 Blackwell Server Edition, P0, 0, 0, 0, 97887, 49.00, 34, 180, 12481
2026/09/15 14:37:24.845, 1, NVIDIA RTX PRO 6000 Blackwell Server Edition, P0, 0, 0, 0, 97887, 49.02, 34, 180, 12481
2026/09/15 14:37:24.847, 2, NVIDIA RTX PRO 6000 Blackwell Server Edition, P0, 0, 0, 0, 97887, 50.73, 34, 180, 12481
2026/09/15 14:37:24.849, 3, NVIDIA RTX PRO 6000 Blackwell Server Edition, P0, 0, 0, 0, 97887, 48.60, 34, 180, 12481
2026/09/15 14:37:24.851, 4, NVIDIA RTX PRO 6000 Blackwell Server Edition, P0, 0, 0, 0, 97887, 48.16, 34, 180, 12481
2026/09/15 14:37:24.854, 5, NVIDIA RTX PRO 6000 Blackwell Server Edition, P0, 0, 0, 0, 97887, 48.73, 34, 180, 12481
2026/09/15 14:37:24.856, 6, NVIDIA RTX PRO 6000 Blackwell Server Edition, P0, 0, 0, 0, 97887, 48.53, 34, 180, 12481
2026/09/15 14:37:24.858, 7, NVIDIA RTX PRO 6000 Blackwell Server Edition, P0, 0, 0, 0, 97887, 47.08, 34, 180, 12481
2026/09/15 14:37:25.929, 0, NVIDIA RTX PRO 6000 Blackwell Server Edition, P0, 0, 0, 0, 97887, 48.95, 34, 180, 12481
2026/09/15 14:37:25.931, 1, NVIDIA RTX PRO 6000 Blackwell Server Edition, P0, 0, 0, 0, 97887, 49.02, 34, 180, 12481
2026/09/15 14:37:25.933, 2, NVIDIA RTX PRO 6000 Blackwell Server Edition, P0, 0, 0, 0, 97887, 50.79, 34, 180, 12481
2026/09/15 14:37:25.936, 3, NVIDIA RTX PRO 6000 Blackwell Server Edition, P0, 0, 0, 0, 97887, 48.60, 34, 180, 12481
2026/09/15 14:37:25.938, 4, NVIDIA RTX PRO 6000 Blackwell Server Edition, P0, 0, 0, 0, 97887, 48.16, 34, 180, 12481
2026/09/15 14:37:25.940, 5, NVIDIA RTX PRO 6000 Blackwell Server Edition, P0, 0, 0, 0, 97887, 48.75, 34, 180, 12481
2026/09/15 14:37:25.942, 6, NVIDIA RTX PRO 6000 Blackwell Server Edition, P0, 0, 0, 0, 97887, 48.55, 34, 180, 12481
2026/09/15 14:37:25.945, 7, NVIDIA RTX PRO 6000 Blackwell Server Edition, P0, 0, 0, 0, 97887, 47.08, 34, 180, 12481
2026/09/15 14:37:27.013, 0, NVIDIA RTX PRO 6000 Blackwell Server Edition, P0, 0, 0, 0, 97887, 48.95, 34, 180, 12481
2026/09/15 14:37:27.016, 1, NVIDIA RTX PRO 6000 Blackwell Server Edition, P0, 0, 0, 0, 97887, 49.02, 34, 180, 12481
2026/09/15 14:37:27.018, 2, NVIDIA RTX PRO 6000 Blackwell Server Edition, P0, 0, 0, 0, 97887, 50.82, 34, 180, 12481
2026/09/15 14:37:27.020, 3, NVIDIA RTX PRO 6000 Blackwell Server Edition, P0, 0, 0, 0, 97887, 48.60, 34, 180, 12481
2026/09/15 14:37:27.022, 4, NVIDIA RTX PRO 6000 Blackwell Server Edition, P0, 0, 0, 0, 97887, 48.17, 34, 180, 12481
2026/09/15 14:37:27.024, 5, NVIDIA RTX PRO 6000 Blackwell Server Edition, P0, 0, 0, 0, 97887, 48.73, 34, 180, 12481
2026/09/15 14:37:27.027, 6, NVIDIA RTX PRO 6000 Blackwell Server Edition, P0, 0, 0, 0, 97887, 48.54, 34, 180, 12481
2026/09/15 14:37:27.029, 7, NVIDIA RTX PRO 6000 Blackwell Server Edition, P0, 0, 0, 0, 97887, 47.08, 34, 180, 12481
2026/09/15 14:37:28.098, 0, NVIDIA RTX PRO 6000 Blackwell Server Edition, P0, 0, 0, 0, 97887, 49.00, 34, 180, 12481
2026/09/15 14:37:28.101, 1, NVIDIA RTX PRO 6000 Blackwell Server Edition, P0, 0, 0, 0, 97887, 49.02, 34, 180, 12481
2026/09/15 14:37:28.103, 2, NVIDIA RTX PRO 6000 Blackwell Server Edition, P0, 0, 0, 0, 97887, 50.80, 34, 180, 12481
2026/09/15 14:37:28.105, 3, NVIDIA RTX PRO 6000 Blackwell Server Edition, P0, 0, 0, 0, 97887, 48.60, 34, 180, 12481
2026/09/15 14:37:28.107, 4, NVIDIA RTX PRO 6000 Blackwell Server Edition, P0, 0, 0, 0, 97887, 48.16, 34, 180, 12481
2026/09/15 14:37:28.109, 5, NVIDIA RTX PRO 6000 Blackwell Server Edition, P0, 0, 0, 0, 97887, 48.71, 34, 180, 12481
2026/09/15 14:37:28.112, 6, NVIDIA RTX PRO 6000 Blackwell Server Edition, P0, 0, 0, 0, 97887, 48.55, 34, 180, 12481
2026/09/15 14:37:28.114, 7, NVIDIA RTX PRO 6000 Blackwell Server Edition, P0, 0, 0, 0, 97887, 47.08, 34, 180, 12481
2026/09/15 14:37:29.183, 0, NVIDIA RTX PRO 6000 Blackwell Server Edition, P0, 0, 0, 0, 97887, 48.93, 34, 180, 12481
2026/09/15 14:37:29.186, 1, NVIDIA RTX PRO 6000 Blackwell Server Edition, P0, 0, 0, 0, 97887, 49.02, 34, 180, 12481
2026/09/15 14:37:29.189, 2, NVIDIA RTX PRO 6000 Blackwell Server Edition, P0, 0, 0, 0, 97887, 50.71, 34, 180, 12481
2026/09/15 14:37:29.191, 3, NVIDIA RTX PRO 6000 Blackwell Server Edition, P0, 0, 0, 0, 97887, 48.61, 34, 180, 12481
2026/09/15 14:37:29.193, 4, NVIDIA RTX PRO 6000 Blackwell Server Edition, P0, 0, 0, 0, 97887, 48.16, 34, 180, 12481
2026/09/15 14:37:29.195, 5, NVIDIA RTX PRO 6000 Blackwell Server Edition, P0, 0, 0, 0, 97887, 48.72, 34, 180, 12481
2026/09/15 14:37:29.198, 6, NVIDIA RTX PRO 6000 Blackwell Server Edition, P0, 0, 0, 0, 97887, 48.53, 34, 180, 12481
2026/09/15 14:37:29.200, 7, NVIDIA RTX PRO 6000 Blackwell Server Edition, P0, 0, 0, 0, 97887, 47.08, 34, 180, 12481
2026/09/15 14:37:30.271, 0, NVIDIA RTX PRO 6000 Blackwell Server Edition, P0, 0, 0, 0, 97887, 48.98, 34, 180, 12481
2026/09/15 14:37:30.273, 1, NVIDIA RTX PRO 6000 Blackwell Server Edition, P0, 0, 0, 0, 97887, 49.02, 34, 180, 12481
2026/09/15 14:37:30.275, 2, NVIDIA RTX PRO 6000 Blackwell Server Edition, P0, 0, 0, 0, 97887, 50.74, 34, 180, 12481
2026/09/15 14:37:30.277, 3, NVIDIA RTX PRO 6000 Blackwell Server Edition, P0, 0, 0, 0, 97887, 48.61, 34, 180, 12481
2026/09/15 14:37:30.280, 4, NVIDIA RTX PRO 6000 Blackwell Server Edition, P0, 0, 0, 0, 97887, 48.16, 34, 180, 12481
2026/09/15 14:37:30.282, 5, NVIDIA RTX PRO 6000 Blackwell Server Edition, P0, 0, 0, 0, 97887, 48.70, 34, 172, 12481
2026/09/15 14:37:30.284, 6, NVIDIA RTX PRO 6000 Blackwell Server Edition, P0, 0, 0, 0, 97887, 48.55, 34, 180, 12481
2026/09/15 14:37:30.287, 7, NVIDIA RTX PRO 6000 Blackwell Server Edition, P0, 0, 0, 0, 97887, 47.08, 34, 180, 12481
2026/09/15 14:37:31.358, 0, NVIDIA RTX PRO 6000 Blackwell Server Edition, P0, 0, 0, 0, 97887, 49.01, 34, 180, 12481
2026/09/15 14:37:31.360, 1, NVIDIA RTX PRO 6000 Blackwell Server Edition, P0, 0, 0, 0, 97887, 49.02, 34, 172, 12481
2026/09/15 14:37:31.362, 2, NVIDIA RTX PRO 6000 Blackwell Server Edition, P0, 0, 0, 0, 97887, 50.77, 34, 180, 12481
2026/09/15 14:37:31.364, 3, NVIDIA RTX PRO 6000 Blackwell Server Edition, P0, 0, 0, 0, 97887, 48.60, 34, 180, 12481
2026/09/15 14:37:31.367, 4, NVIDIA RTX PRO 6000 Blackwell Server Edition, P0, 0, 0, 0, 97887, 48.17, 34, 180, 12481
2026/09/15 14:37:31.369, 5, NVIDIA RTX PRO 6000 Blackwell Server Edition, P0, 0, 0, 0, 97887, 48.72, 34, 180, 12481
2026/09/15 14:37:31.371, 6, NVIDIA RTX PRO 6000 Blackwell Server Edition, P0, 0, 0, 0, 97887, 48.53, 34, 180, 12481
2026/09/15 14:37:31.373, 7, NVIDIA RTX PRO 6000 Blackwell Server Edition, P0, 0, 0, 0, 97887, 47.08, 34, 180, 12481
2026/09/15 14:37:32.444, 0, NVIDIA RTX PRO 6000 Blackwell Server Edition, P0, 0, 0, 0, 97887, 49.01, 34, 180, 12481
2026/09/15 14:37:32.446, 1, NVIDIA RTX PRO 6000 Blackwell Server Edition, P0, 0, 0, 0, 97887, 49.02, 34, 180, 12481
2026/09/15 14:37:32.448, 2, NVIDIA RTX PRO 6000 Blackwell Server Edition, P0, 0, 0, 0, 97887, 50.77, 34, 180, 12481
2026/09/15 14:37:32.450, 3, NVIDIA RTX PRO 6000 Blackwell Server Edition, P0, 0, 0, 0, 97887, 48.60, 34, 180, 12481
2026/09/15 14:37:32.452, 4, NVIDIA RTX PRO 6000 Blackwell Server Edition, P0, 0, 0, 0, 97887, 48.15, 34, 180, 12481
2026/09/15 14:37:32.455, 5, NVIDIA RTX PRO 6000 Blackwell Server Edition, P0, 0, 0, 0, 97887, 48.71, 34, 180, 12481
2026/09/15 14:37:32.457, 6, NVIDIA RTX PRO 6000 Blackwell Server Edition, P0, 0, 0, 0, 97887, 48.53, 34, 180, 12481
2026/09/15 14:37:32.459, 7, NVIDIA RTX PRO 6000 Blackwell Server Edition, P0, 0, 0, 0, 97887, 47.08, 34, 180, 12481
2026/09/15 14:37:33.528, 0, NVIDIA RTX PRO 6000 Blackwell Server Edition, P0, 0, 0, 0, 97887, 48.99, 34, 180, 12481
2026/09/15 14:37:33.530, 1, NVIDIA RTX PRO 6000 Blackwell Server Edition, P0, 0, 0, 0, 97887, 49.02, 34, 180, 12481
2026/09/15 14:37:33.533, 2, NVIDIA RTX PRO 6000 Blackwell Server Edition, P0, 0, 0, 0, 97887, 50.80, 34, 180, 12481
2026/09/15 14:37:33.535, 3, NVIDIA RTX PRO 6000 Blackwell Server Edition, P0, 0, 0, 0, 97887, 48.60, 34, 180, 12481
2026/09/15 14:37:33.537, 4, NVIDIA RTX PRO 6000 Blackwell Server Edition, P0, 0, 0, 0, 97887, 48.16, 34, 180, 12481
2026/09/15 14:37:33.539, 5, NVIDIA RTX PRO 6000 Blackwell Server Edition, P0, 0, 0, 0, 97887, 48.71, 34, 180, 12481
2026/09/15 14:37:33.541, 6, NVIDIA RTX PRO 6000 Blackwell Server Edition, P0, 0, 0, 0, 97887, 48.53, 34, 180, 12481
2026/09/15 14:37:33.543, 7, NVIDIA RTX PRO 6000 Blackwell Server Edition, P0, 0, 0, 0, 97887, 47.08, 34, 180, 12481
2026/09/15 14:37:34.612, 0, NVIDIA RTX PRO 6000 Blackwell Server Edition, P0, 0, 0, 0, 97887, 49.01, 34, 180, 12481
2026/09/15 14:37:34.614, 1, NVIDIA RTX PRO 6000 Blackwell Server Edition, P0, 0, 0, 0, 97887, 49.02, 34, 180, 12481
2026/09/15 14:37:34.617, 2, NVIDIA RTX PRO 6000 Blackwell Server Edition, P0, 0, 0, 0, 97887, 50.71, 34, 180, 12481
2026/09/15 14:37:34.619, 3, NVIDIA RTX PRO 6000 Blackwell Server Edition, P0, 0, 0, 0, 97887, 48.60, 34, 180, 12481
2026/09/15 14:37:34.621, 4, NVIDIA RTX PRO 6000 Blackwell Server Edition, P0, 0, 0, 0, 97887, 48.16, 34, 180, 12481
2026/09/15 14:37:34.623, 5, NVIDIA RTX PRO 6000 Blackwell Server Edition, P0, 0, 0, 0, 97887, 48.71, 34, 180, 12481
2026/09/15 14:37:34.625, 6, NVIDIA RTX PRO 6000 Blackwell Server Edition, P0, 0, 0, 0, 97887, 48.55, 34, 180, 12481
2026/09/15 14:37:34.628, 7, NVIDIA RTX PRO 6000 Blackwell Server Edition, P0, 0, 0, 0, 97887, 47.08, 34, 180, 12481
2026/09/15 14:37:35.697, 0, NVIDIA RTX PRO 6000 Blackwell Server Edition, P0, 0, 0, 0, 97887, 48.95, 34, 180, 12481
2026/09/15 14:37:35.700, 1, NVIDIA RTX PRO 6000 Blackwell Server Edition, P0, 0, 0, 0, 97887, 49.02, 34, 180, 12481
2026/09/15 14:37:35.702, 2, NVIDIA RTX PRO 6000 Blackwell Server Edition, P0, 0, 0, 0, 97887, 50.73, 34, 180, 12481
2026/09/15 14:37:35.704, 3, NVIDIA RTX PRO 6000 Blackwell Server Edition, P0, 0, 0, 0, 97887, 48.60, 34, 180, 12481
2026/09/15 14:37:35.706, 4, NVIDIA RTX PRO 6000 Blackwell Server Edition, P0, 0, 0, 0, 97887, 48.17, 34, 180, 12481
2026/09/15 14:37:35.708, 5, NVIDIA RTX PRO 6000 Blackwell Server Edition, P0, 0, 0, 0, 97887, 48.70, 34, 180, 12481
2026/09/15 14:37:35.711, 6, NVIDIA RTX PRO 6000 Blackwell Server Edition, P0, 0, 0, 0, 97887, 48.54, 34, 180, 12481
2026/09/15 14:37:35.713, 7, NVIDIA RTX PRO 6000 Blackwell Server Edition, P0, 0, 0, 0, 97887, 47.08, 34, 180, 12481
2026/09/15 14:37:36.784, 0, NVIDIA RTX PRO 6000 Blackwell Server Edition, P0, 0, 0, 0, 97887, 48.96, 34, 180, 12481
2026/09/15 14:37:36.786, 1, NVIDIA RTX PRO 6000 Blackwell Server Edition, P0, 0, 0, 0, 97887, 49.02, 34, 180, 12481
2026/09/15 14:37:36.788, 2, NVIDIA RTX PRO 6000 Blackwell Server Edition, P0, 0, 0, 0, 97887, 50.77, 34, 180, 12481
2026/09/15 14:37:36.791, 3, NVIDIA RTX PRO 6000 Blackwell Server Edition, P0, 0, 0, 0, 97887, 48.60, 34, 180, 12481
2026/09/15 14:37:36.793, 4, NVIDIA RTX PRO 6000 Blackwell Server Edition, P0, 0, 0, 0, 97887, 48.16, 34, 180, 12481
2026/09/15 14:37:36.795, 5, NVIDIA RTX PRO 6000 Blackwell Server Edition, P0, 0, 0, 0, 97887, 48.72, 34, 180, 12481
2026/09/15 14:37:36.797, 6, NVIDIA RTX PRO 6000 Blackwell Server Edition, P0, 0, 0, 0, 97887, 48.53, 34, 180, 12481
2026/09/15 14:37:36.800, 7, NVIDIA RTX PRO 6000 Blackwell Server Edition, P0, 0, 0, 0, 97887, 47.08, 34, 180, 12481
2026/09/15 14:37:37.870, 0, NVIDIA RTX PRO 6000 Blackwell Server Edition, P0, 0, 0, 0, 97887, 48.95, 34, 180, 12481
2026/09/15 14:37:37.872, 1, NVIDIA RTX PRO 6000 Blackwell Server Edition, P0, 0, 0, 0, 97887, 49.02, 34, 180, 12481
2026/09/15 14:37:37.875, 2, NVIDIA RTX PRO 6000 Blackwell Server Edition, P0, 0, 0, 0, 97887, 50.77, 34, 180, 12481
2026/09/15 14:37:37.877, 3, NVIDIA RTX PRO 6000 Blackwell Server Edition, P0, 0, 0, 0, 97887, 48.60, 34, 180, 12481
2026/09/15 14:37:37.879, 4, NVIDIA RTX PRO 6000 Blackwell Server Edition, P0, 0, 0, 0, 97887, 48.15, 34, 180, 12481
2026/09/15 14:37:37.881, 5, NVIDIA RTX PRO 6000 Blackwell Server Edition, P0, 0, 0, 0, 97887, 48.73, 34, 180, 12481
2026/09/15 14:37:37.883, 6, NVIDIA RTX PRO 6000 Blackwell Server Edition, P0, 0, 0, 0, 97887, 48.52, 34, 180, 12481
2026/09/15 14:37:37.886, 7, NVIDIA RTX PRO 6000 Blackwell Server Edition, P0, 0, 0, 0, 97887, 47.08, 34, 180, 12481
2026/09/15 14:37:38.956, 0, NVIDIA RTX PRO 6000 Blackwell Server Edition, P0, 0, 0, 0, 97887, 49.01, 34, 180, 12481
2026/09/15 14:37:38.959, 1, NVIDIA RTX PRO 6000 Blackwell Server Edition, P0, 0, 0, 0, 97887, 49.02, 34, 180, 12481
2026/09/15 14:37:38.961, 2, NVIDIA RTX PRO 6000 Blackwell Server Edition, P0, 0, 0, 0, 97887, 50.76, 34, 180, 12481
2026/09/15 14:37:38.963, 3, NVIDIA RTX PRO 6000 Blackwell Server Edition, P0, 0, 0, 0, 97887, 48.61, 34, 180, 12481
2026/09/15 14:37:38.965, 4, NVIDIA RTX PRO 6000 Blackwell Server Edition, P0, 0, 0, 0, 97887, 48.16, 34, 180, 12481
2026/09/15 14:37:38.967, 5, NVIDIA RTX PRO 6000 Blackwell Server Edition, P0, 0, 0, 0, 97887, 48.72, 34, 180, 12481
2026/09/15 14:37:38.970, 6, NVIDIA RTX PRO 6000 Blackwell Server Edition, P0, 0, 0, 0, 97887, 48.53, 34, 172, 12481
2026/09/15 14:37:38.972, 7, NVIDIA RTX PRO 6000 Blackwell Server Edition, P0, 0, 0, 0, 97887, 47.08, 34, 180, 12481
2026/09/15 14:37:40.041, 0, NVIDIA RTX PRO 6000 Blackwell Server Edition, P0, 0, 0, 0, 97887, 48.96, 34, 180, 12481
2026/09/15 14:37:40.044, 1, NVIDIA RTX PRO 6000 Blackwell Server Edition, P0, 0, 0, 0, 97887, 49.02, 34, 180, 12481
2026/09/15 14:37:40.046, 2, NVIDIA RTX PRO 6000 Blackwell Server Edition, P0, 0, 0, 0, 97887, 50.68, 34, 180, 12481
2026/09/15 14:37:40.048, 3, NVIDIA RTX PRO 6000 Blackwell Server Edition, P0, 0, 0, 0, 97887, 48.60, 34, 180, 12481
2026/09/15 14:37:40.050, 4, NVIDIA RTX PRO 6000 Blackwell Server Edition, P0, 0, 0, 0, 97887, 48.16, 34, 180, 12481
2026/09/15 14:37:40.053, 5, NVIDIA RTX PRO 6000 Blackwell Server Edition, P0, 0, 0, 0, 97887, 48.76, 34, 180, 12481
2026/09/15 14:37:40.055, 6, NVIDIA RTX PRO 6000 Blackwell Server Edition, P0, 0, 0, 0, 97887, 48.53, 34, 180, 12481
2026/09/15 14:37:40.057, 7, NVIDIA RTX PRO 6000 Blackwell Server Edition, P0, 0, 0, 0, 97887, 47.08, 34, 180, 12481
2026/09/15 14:37:41.126, 0, NVIDIA RTX PRO 6000 Blackwell Server Edition, P0, 0, 0, 0, 97887, 48.93, 34, 180, 12481
2026/09/15 14:37:41.128, 1, NVIDIA RTX PRO 6000 Blackwell Server Edition, P0, 0, 0, 0, 97887, 49.02, 34, 180, 12481
2026/09/15 14:37:41.130, 2, NVIDIA RTX PRO 6000 Blackwell Server Edition, P0, 0, 0, 0, 97887, 50.70, 34, 180, 12481
2026/09/15 14:37:41.133, 3, NVIDIA RTX PRO 6000 Blackwell Server Edition, P0, 0, 0, 0, 97887, 48.59, 34, 180, 12481
2026/09/15 14:37:41.135, 4, NVIDIA RTX PRO 6000 Blackwell Server Edition, P0, 0, 0, 0, 97887, 48.16, 34, 180, 12481
2026/09/15 14:37:41.137, 5, NVIDIA RTX PRO 6000 Blackwell Server Edition, P0, 0, 0, 0, 97887, 48.71, 34, 180, 12481
2026/09/15 14:37:41.139, 6, NVIDIA RTX PRO 6000 Blackwell Server Edition, P0, 0, 0, 0, 97887, 48.53, 34, 180, 12481
2026/09/15 14:37:41.141, 7, NVIDIA RTX PRO 6000 Blackwell Server Edition, P0, 0, 0, 0, 97887, 47.08, 34, 180, 12481
2026/09/15 14:37:42.211, 0, NVIDIA RTX PRO 6000 Blackwell Server Edition, P0, 0, 0, 0, 97887, 48.95, 34, 180, 12481
2026/09/15 14:37:42.213, 1, NVIDIA RTX PRO 6000 Blackwell Server Edition, P0, 0, 0, 0, 97887, 49.02, 34, 180, 12481
2026/09/15 14:37:42.215, 2, NVIDIA RTX PRO 6000 Blackwell Server Edition, P0, 0, 0, 0, 97887, 50.78, 34, 180, 12481
2026/09/15 14:37:42.217, 3, NVIDIA RTX PRO 6000 Blackwell Server Edition, P0, 0, 0, 0, 97887, 48.59, 34, 180, 12481
2026/09/15 14:37:42.220, 4, NVIDIA RTX PRO 6000 Blackwell Server Edition, P0, 0, 0, 0, 97887, 48.15, 34, 180, 12481
2026/09/15 14:37:42.222, 5, NVIDIA RTX PRO 6000 Blackwell Server Edition, P0, 0, 0, 0, 97887, 48.72, 34, 180, 12481
2026/09/15 14:37:42.224, 6, NVIDIA RTX PRO 6000 Blackwell Server Edition, P0, 0, 0, 0, 97887, 48.53, 34, 180, 12481
2026/09/15 14:37:42.226, 7, NVIDIA RTX PRO 6000 Blackwell Server Edition, P0, 0, 0, 0, 97887, 47.08, 34, 180, 12481
2026/09/15 14:37:43.296, 0, NVIDIA RTX PRO 6000 Blackwell Server Edition, P0, 0, 0, 0, 97887, 48.95, 34, 180, 12481
2026/09/15 14:37:43.298, 1, NVIDIA RTX PRO 6000 Blackwell Server Edition, P0, 0, 0, 0, 97887, 49.02, 34, 180, 12481
2026/09/15 14:37:43.301, 2, NVIDIA RTX PRO 6000 Blackwell Server Edition, P0, 0, 0, 0, 97887, 50.76, 34, 180, 12481
2026/09/15 14:37:43.303, 3, NVIDIA RTX PRO 6000 Blackwell Server Edition, P0, 0, 0, 0, 97887, 48.60, 34, 180, 12481
2026/09/15 14:37:43.305, 4, NVIDIA RTX PRO 6000 Blackwell Server Edition, P0, 0, 0, 0, 97887, 48.16, 34, 180, 12481
2026/09/15 14:37:43.307, 5, NVIDIA RTX PRO 6000 Blackwell Server Edition, P0, 0, 0, 0, 97887, 48.72, 34, 180, 12481
2026/09/15 14:37:43.309, 6, NVIDIA RTX PRO 6000 Blackwell Server Edition, P0, 0, 0, 0, 97887, 48.52, 34, 180, 12481
2026/09/15 14:37:43.312, 7, NVIDIA RTX PRO 6000 Blackwell Server Edition, P0, 0, 0, 0, 97887, 47.08, 34, 180, 12481
2026/09/15 14:37:44.382, 0, NVIDIA RTX PRO 6000 Blackwell Server Edition, P0, 0, 0, 0, 97887, 48.93, 34, 180, 12481
2026/09/15 14:37:44.384, 1, NVIDIA RTX PRO 6000 Blackwell Server Edition, P0, 0, 0, 0, 97887, 49.03, 34, 180, 12481
2026/09/15 14:37:44.386, 2, NVIDIA RTX PRO 6000 Blackwell Server Edition, P0, 0, 0, 0, 97887, 50.78, 34, 180, 12481
2026/09/15 14:37:44.388, 3, NVIDIA RTX PRO 6000 Blackwell Server Edition, P0, 0, 0, 0, 97887, 48.60, 34, 180, 12481
2026/09/15 14:37:44.391, 4, NVIDIA RTX PRO 6000 Blackwell Server Edition, P0, 0, 0, 0, 97887, 48.15, 34, 180, 12481
2026/09/15 14:37:44.393, 5, NVIDIA RTX PRO 6000 Blackwell Server Edition, P0, 0, 0, 0, 97887, 48.71, 34, 180, 12481
2026/09/15 14:37:44.395, 6, NVIDIA RTX PRO 6000 Blackwell Server Edition, P0, 0, 0, 0, 97887, 48.52, 34, 180, 12481
2026/09/15 14:37:44.398, 7, NVIDIA RTX PRO 6000 Blackwell Server Edition, P0, 0, 0, 0, 97887, 47.08, 34, 180, 12481
2026/09/15 14:37:45.469, 0, NVIDIA RTX PRO 6000 Blackwell Server Edition, P0, 0, 0, 0, 97887, 48.92, 34, 180, 12481
2026/09/15 14:37:45.471, 1, NVIDIA RTX PRO 6000 Blackwell Server Edition, P0, 0, 0, 0, 97887, 49.02, 34, 180, 12481
2026/09/15 14:37:45.474, 2, NVIDIA RTX PRO 6000 Blackwell Server Edition, P0, 0, 0, 0, 97887, 50.67, 34, 180, 12481
2026/09/15 14:37:45.476, 3, NVIDIA RTX PRO 6000 Blackwell Server Edition, P0, 0, 0, 0, 97887, 48.59, 34, 180, 12481
2026/09/15 14:37:45.478, 4, NVIDIA RTX PRO 6000 Blackwell Server Edition, P0, 0, 0, 0, 97887, 48.17, 34, 180, 12481
2026/09/15 14:37:45.480, 5, NVIDIA RTX PRO 6000 Blackwell Server Edition, P0, 0, 0, 0, 97887, 48.69, 34, 180, 12481
2026/09/15 14:37:45.483, 6, NVIDIA RTX PRO 6000 Blackwell Server Edition, P0, 0, 0, 0, 97887, 48.53, 34, 180, 12481
2026/09/15 14:37:45.485, 7, NVIDIA RTX PRO 6000 Blackwell Server Edition, P0, 0, 0, 0, 97887, 47.08, 34, 180, 12481
2026/09/15 14:37:46.554, 0, NVIDIA RTX PRO 6000 Blackwell Server Edition, P0, 0, 0, 0, 97887, 48.96, 34, 180, 12481
2026/09/15 14:37:46.556, 1, NVIDIA RTX PRO 6000 Blackwell Server Edition, P0, 0, 0, 0, 97887, 49.02, 34, 180, 12481
2026/09/15 14:37:46.558, 2, NVIDIA RTX PRO 6000 Blackwell Server Edition, P0, 0, 0, 0, 97887, 50.69, 34, 180, 12481
2026/09/15 14:37:46.560, 3, NVIDIA RTX PRO 6000 Blackwell Server Edition, P0, 0, 0, 0, 97887, 48.60, 34, 180, 12481
2026/09/15 14:37:46.563, 4, NVIDIA RTX PRO 6000 Blackwell Server Edition, P0, 0, 0, 0, 97887, 48.15, 34, 180, 12481
2026/09/15 14:37:46.565, 5, NVIDIA RTX PRO 6000 Blackwell Server Edition, P0, 0, 0, 0, 97887, 48.70, 34, 180, 12481
2026/09/15 14:37:46.567, 6, NVIDIA RTX PRO 6000 Blackwell Server Edition, P0, 0, 0, 0, 97887, 48.54, 34, 180, 12481
2026/09/15 14:37:46.569, 7, NVIDIA RTX PRO 6000 Blackwell Server Edition, P0, 0, 0, 0, 97887, 47.08, 34, 180, 12481
2026/09/15 14:37:47.638, 0, NVIDIA RTX PRO 6000 Blackwell Server Edition, P0, 0, 0, 0, 97887, 48.95, 34, 180, 12481
2026/09/15 14:37:47.640, 1, NVIDIA RTX PRO 6000 Blackwell Server Edition, P0, 0, 0, 0, 97887, 49.02, 34, 180, 12481
2026/09/15 14:37:47.643, 2, NVIDIA RTX PRO 6000 Blackwell Server Edition, P0, 0, 0, 0, 97887, 50.74, 34, 180, 12481
2026/09/15 14:37:47.645, 3, NVIDIA RTX PRO 6000 Blackwell Server Edition, P0, 0, 0, 0, 97887, 48.60, 34, 180, 12481
2026/09/15 14:37:47.647, 4, NVIDIA RTX PRO 6000 Blackwell Server Edition, P0, 0, 0, 0, 97887, 48.17, 34, 180, 12481
2026/09/15 14:37:47.649, 5, NVIDIA RTX PRO 6000 Blackwell Server Edition, P0, 0, 0, 0, 97887, 48.71, 34, 180, 12481
2026/09/15 14:37:47.651, 6, NVIDIA RTX PRO 6000 Blackwell Server Edition, P0, 0, 0, 0, 97887, 48.53, 34, 180, 12481
2026/09/15 14:37:47.654, 7, NVIDIA RTX PRO 6000 Blackwell Server Edition, P0, 0, 0, 0, 97887, 47.08, 34, 180, 12481
2026/09/15 14:37:48.725, 0, NVIDIA RTX PRO 6000 Blackwell Server Edition, P0, 0, 0, 0, 97887, 48.85, 34, 180, 12481
2026/09/15 14:37:48.727, 1, NVIDIA RTX PRO 6000 Blackwell Server Edition, P0, 0, 0, 0, 97887, 49.02, 34, 180, 12481
2026/09/15 14:37:48.730, 2, NVIDIA RTX PRO 6000 Blackwell Server Edition, P0, 0, 0, 0, 97887, 50.70, 34, 180, 12481
2026/09/15 14:37:48.732, 3, NVIDIA RTX PRO 6000 Blackwell Server Edition, P0, 0, 0, 0, 97887, 48.60, 34, 180, 12481
2026/09/15 14:37:48.734, 4, NVIDIA RTX PRO 6000 Blackwell Server Edition, P0, 0, 0, 0, 97887, 48.17, 34, 180, 12481
2026/09/15 14:37:48.736, 5, NVIDIA RTX PRO 6000 Blackwell Server Edition, P0, 0, 0, 0, 97887, 48.68, 34, 180, 12481
2026/09/15 14:37:48.738, 6, NVIDIA RTX PRO 6000 Blackwell Server Edition, P0, 0, 0, 0, 97887, 48.51, 34, 180, 12481
2026/09/15 14:37:48.741, 7, NVIDIA RTX PRO 6000 Blackwell Server Edition, P0, 0, 0, 0, 97887, 47.08, 34, 180, 12481
2026/09/15 14:37:49.811, 0, NVIDIA RTX PRO 6000 Blackwell Server Edition, P0, 0, 0, 0, 97887, 48.75, 34, 180, 12481
2026/09/15 14:37:49.814, 1, NVIDIA RTX PRO 6000 Blackwell Server Edition, P0, 0, 0, 0, 97887, 49.02, 34, 180, 12481
2026/09/15 14:37:49.816, 2, NVIDIA RTX PRO 6000 Blackwell Server Edition, P0, 0, 0, 0, 97887, 50.79, 34, 180, 12481
2026/09/15 14:37:49.818, 3, NVIDIA RTX PRO 6000 Blackwell Server Edition, P0, 0, 0, 0, 97887, 48.60, 34, 180, 12481
2026/09/15 14:37:49.820, 4, NVIDIA RTX PRO 6000 Blackwell Server Edition, P0, 0, 0, 0, 97887, 48.17, 34, 180, 12481
2026/09/15 14:37:49.822, 5, NVIDIA RTX PRO 6000 Blackwell Server Edition, P0, 0, 0, 0, 97887, 48.69, 34, 180, 12481
2026/09/15 14:37:49.824, 6, NVIDIA RTX PRO 6000 Blackwell Server Edition, P0, 0, 0, 0, 97887, 48.53, 34, 180, 12481
2026/09/15 14:37:49.827, 7, NVIDIA RTX PRO 6000 Blackwell Server Edition, P0, 0, 0, 0, 97887, 47.08, 34, 180, 12481
2026/09/15 14:37:50.896, 0, NVIDIA RTX PRO 6000 Blackwell Server Edition, P0, 0, 0, 0, 97887, 48.77, 34, 180, 12481
2026/09/15 14:37:50.898, 1, NVIDIA RTX PRO 6000 Blackwell Server Edition, P0, 0, 0, 0, 97887, 49.02, 34, 180, 12481
2026/09/15 14:37:50.901, 2, NVIDIA RTX PRO 6000 Blackwell Server Edition, P0, 0, 0, 0, 97887, 50.78, 34, 180, 12481
2026/09/15 14:37:50.904, 3, NVIDIA RTX PRO 6000 Blackwell Server Edition, P0, 0, 0, 0, 97887, 48.60, 34, 180, 12481
2026/09/15 14:37:50.906, 4, NVIDIA RTX PRO 6000 Blackwell Server Edition, P0, 0, 0, 0, 97887, 48.17, 34, 180, 12481
2026/09/15 14:37:50.908, 5, NVIDIA RTX PRO 6000 Blackwell Server Edition, P0, 0, 0, 0, 97887, 48.71, 33, 180, 12481
2026/09/15 14:37:50.910, 6, NVIDIA RTX PRO 6000 Blackwell Server Edition, P0, 0, 0, 0, 97887, 48.53, 34, 180, 12481
2026/09/15 14:37:50.912, 7, NVIDIA RTX PRO 6000 Blackwell Server Edition, P0, 0, 0, 0, 97887, 47.08, 34, 180, 12481
2026/09/15 14:37:51.981, 0, NVIDIA RTX PRO 6000 Blackwell Server Edition, P0, 0, 0, 0, 97887, 48.72, 34, 180, 12481
2026/09/15 14:37:51.984, 1, NVIDIA RTX PRO 6000 Blackwell Server Edition, P0, 0, 0, 0, 97887, 49.02, 34, 180, 12481
2026/09/15 14:37:51.986, 2, NVIDIA RTX PRO 6000 Blackwell Server Edition, P0, 0, 0, 0, 97887, 50.76, 34, 180, 12481
2026/09/15 14:37:51.988, 3, NVIDIA RTX PRO 6000 Blackwell Server Edition, P0, 0, 0, 0, 97887, 48.61, 34, 180, 12481
2026/09/15 14:37:51.990, 4, NVIDIA RTX PRO 6000 Blackwell Server Edition, P0, 0, 0, 0, 97887, 48.17, 34, 180, 12481
2026/09/15 14:37:51.993, 5, NVIDIA RTX PRO 6000 Blackwell Server Edition, P0, 0, 0, 0, 97887, 48.70, 34, 180, 12481
2026/09/15 14:37:51.995, 6, NVIDIA RTX PRO 6000 Blackwell Server Edition, P0, 0, 0, 0, 97887, 48.53, 34, 180, 12481
2026/09/15 14:37:51.997, 7, NVIDIA RTX PRO 6000 Blackwell Server Edition, P0, 0, 0, 0, 97887, 47.08, 34, 180, 12481
2026/09/15 14:37:53.068, 0, NVIDIA RTX PRO 6000 Blackwell Server Edition, P0, 0, 0, 0, 97887, 48.76, 34, 180, 12481
2026/09/15 14:37:53.071, 1, NVIDIA RTX PRO 6000 Blackwell Server Edition, P0, 0, 0, 0, 97887, 49.02, 34, 180, 12481
2026/09/15 14:37:53.073, 2, NVIDIA RTX PRO 6000 Blackwell Server Edition, P0, 0, 0, 0, 97887, 50.73, 34, 180, 12481
2026/09/15 14:37:53.075, 3, NVIDIA RTX PRO 6000 Blackwell Server Edition, P0, 0, 0, 0, 97887, 48.60, 34, 180, 12481
2026/09/15 14:37:53.077, 4, NVIDIA RTX PRO 6000 Blackwell Server Edition, P0, 0, 0, 0, 97887, 48.18, 34, 180, 12481
2026/09/15 14:37:53.079, 5, NVIDIA RTX PRO 6000 Blackwell Server Edition, P0, 0, 0, 0, 97887, 48.71, 34, 180, 12481
2026/09/15 14:37:53.082, 6, NVIDIA RTX PRO 6000 Blackwell Server Edition, P0, 0, 0, 0, 97887, 48.52, 34, 172, 12481
2026/09/15 14:37:53.084, 7, NVIDIA RTX PRO 6000 Blackwell Server Edition, P0, 0, 0, 0, 97887, 47.08, 34, 180, 12481
2026/09/15 14:37:54.155, 0, NVIDIA RTX PRO 6000 Blackwell Server Edition, P0, 0, 0, 0, 97887, 48.83, 34, 180, 12481
2026/09/15 14:37:54.157, 1, NVIDIA RTX PRO 6000 Blackwell Server Edition, P0, 0, 0, 0, 97887, 49.02, 34, 180, 12481
2026/09/15 14:37:54.159, 2, NVIDIA RTX PRO 6000 Blackwell Server Edition, P0, 0, 0, 0, 97887, 50.78, 34, 180, 12481
2026/09/15 14:37:54.162, 3, NVIDIA RTX PRO 6000 Blackwell Server Edition, P0, 0, 0, 0, 97887, 48.60, 34, 180, 12481
2026/09/15 14:37:54.164, 4, NVIDIA RTX PRO 6000 Blackwell Server Edition, P0, 0, 0, 0, 97887, 48.19, 34, 180, 12481
2026/09/15 14:37:54.166, 5, NVIDIA RTX PRO 6000 Blackwell Server Edition, P0, 0, 0, 0, 97887, 48.70, 34, 180, 12481
2026/09/15 14:37:54.168, 6, NVIDIA RTX PRO 6000 Blackwell Server Edition, P0, 0, 0, 0, 97887, 48.54, 34, 180, 12481
2026/09/15 14:37:54.170, 7, NVIDIA RTX PRO 6000 Blackwell Server Edition, P0, 0, 0, 0, 97887, 47.08, 34, 180, 12481
2026/09/15 14:37:55.241, 0, NVIDIA RTX PRO 6000 Blackwell Server Edition, P0, 0, 0, 0, 97887, 48.80, 34, 180, 12481
2026/09/15 14:37:55.243, 1, NVIDIA RTX PRO 6000 Blackwell Server Edition, P0, 0, 0, 0, 97887, 49.02, 34, 180, 12481
2026/09/15 14:37:55.245, 2, NVIDIA RTX PRO 6000 Blackwell Server Edition, P0, 0, 0, 0, 97887, 50.75, 34, 180, 12481
2026/09/15 14:37:55.248, 3, NVIDIA RTX PRO 6000 Blackwell Server Edition, P0, 0, 0, 0, 97887, 48.60, 34, 180, 12481
2026/09/15 14:37:55.250, 4, NVIDIA RTX PRO 6000 Blackwell Server Edition, P0, 0, 0, 0, 97887, 48.16, 34, 180, 12481
2026/09/15 14:37:55.252, 5, NVIDIA RTX PRO 6000 Blackwell Server Edition, P0, 0, 0, 0, 97887, 48.71, 34, 180, 12481
2026/09/15 14:37:55.254, 6, NVIDIA RTX PRO 6000 Blackwell Server Edition, P0, 0, 0, 0, 97887, 48.52, 34, 180, 12481
2026/09/15 14:37:55.256, 7, NVIDIA RTX PRO 6000 Blackwell Server Edition, P0, 0, 0, 0, 97887, 47.08, 34, 180, 12481
2026/09/15 14:37:56.325, 0, NVIDIA RTX PRO 6000 Blackwell Server Edition, P0, 0, 0, 0, 97887, 48.91, 34, 180, 12481
2026/09/15 14:37:56.327, 1, NVIDIA RTX PRO 6000 Blackwell Server Edition, P0, 0, 0, 0, 97887, 49.03, 34, 180, 12481
2026/09/15 14:37:56.330, 2, NVIDIA RTX PRO 6000 Blackwell Server Edition, P0, 0, 0, 0, 97887, 50.71, 34, 172, 12481
2026/09/15 14:37:56.332, 3, NVIDIA RTX PRO 6000 Blackwell Server Edition, P0, 0, 0, 0, 97887, 48.60, 34, 180, 12481
2026/09/15 14:37:56.334, 4, NVIDIA RTX PRO 6000 Blackwell Server Edition, P0, 0, 0, 0, 97887, 48.17, 34, 180, 12481
2026/09/15 14:37:56.336, 5, NVIDIA RTX PRO 6000 Blackwell Server Edition, P0, 0, 0, 0, 97887, 48.70, 34, 180, 12481
2026/09/15 14:37:56.338, 6, NVIDIA RTX PRO 6000 Blackwell Server Edition, P0, 0, 0, 0, 97887, 48.51, 34, 180, 12481
2026/09/15 14:37:56.341, 7, NVIDIA RTX PRO 6000 Blackwell Server Edition, P0, 0, 0, 0, 97887, 47.08, 34, 180, 12481
2026/09/15 14:37:57.410, 0, NVIDIA RTX PRO 6000 Blackwell Server Edition, P0, 0, 0, 0, 97887, 48.92, 34, 180, 12481
2026/09/15 14:37:57.412, 1, NVIDIA RTX PRO 6000 Blackwell Server Edition, P0, 0, 0, 0, 97887, 49.02, 34, 180, 12481
2026/09/15 14:37:57.414, 2, NVIDIA RTX PRO 6000 Blackwell Server Edition, P0, 0, 0, 0, 97887, 50.69, 34, 180, 12481
2026/09/15 14:37:57.416, 3, NVIDIA RTX PRO 6000 Blackwell Server Edition, P0, 0, 0, 0, 97887, 48.60, 34, 180, 12481
2026/09/15 14:37:57.419, 4, NVIDIA RTX PRO 6000 Blackwell Server Edition, P0, 0, 0, 0, 97887, 48.17, 34, 180, 12481
2026/09/15 14:37:57.421, 5, NVIDIA RTX PRO 6000 Blackwell Server Edition, P0, 0, 0, 0, 97887, 48.73, 33, 180, 12481
2026/09/15 14:37:57.423, 6, NVIDIA RTX PRO 6000 Blackwell Server Edition, P0, 0, 0, 0, 97887, 48.54, 34, 180, 12481
2026/09/15 14:37:57.425, 7, NVIDIA RTX PRO 6000 Blackwell Server Edition, P0, 0, 0, 0, 97887, 47.07, 34, 180, 12481
2026/09/15 14:37:58.494, 0, NVIDIA RTX PRO 6000 Blackwell Server Edition, P0, 0, 0, 0, 97887, 48.93, 34, 180, 12481
2026/09/15 14:37:58.496, 1, NVIDIA RTX PRO 6000 Blackwell Server Edition, P0, 0, 0, 0, 97887, 49.02, 34, 180, 12481
2026/09/15 14:37:58.498, 2, NVIDIA RTX PRO 6000 Blackwell Server Edition, P0, 0, 0, 0, 97887, 50.74, 34, 180, 12481
2026/09/15 14:37:58.500, 3, NVIDIA RTX PRO 6000 Blackwell Server Edition, P0, 0, 0, 0, 97887, 48.60, 34, 180, 12481
2026/09/15 14:37:58.503, 4, NVIDIA RTX PRO 6000 Blackwell Server Edition, P0, 0, 0, 0, 97887, 48.18, 34, 180, 12481
2026/09/15 14:37:58.505, 5, NVIDIA RTX PRO 6000 Blackwell Server Edition, P0, 0, 0, 0, 97887, 48.72, 34, 180, 12481
2026/09/15 14:37:58.507, 6, NVIDIA RTX PRO 6000 Blackwell Server Edition, P0, 0, 0, 0, 97887, 48.53, 34, 180, 12481
2026/09/15 14:37:58.509, 7, NVIDIA RTX PRO 6000 Blackwell Server Edition, P0, 0, 0, 0, 97887, 47.08, 34, 180, 12481
2026/09/15 14:37:59.580, 0, NVIDIA RTX PRO 6000 Blackwell Server Edition, P0, 0, 0, 0, 97887, 48.90, 34, 180, 12481
2026/09/15 14:37:59.582, 1, NVIDIA RTX PRO 6000 Blackwell Server Edition, P0, 0, 0, 0, 97887, 49.02, 34, 180, 12481
2026/09/15 14:37:59.584, 2, NVIDIA RTX PRO 6000 Blackwell Server Edition, P0, 0, 0, 0, 97887, 50.72, 34, 180, 12481
2026/09/15 14:37:59.587, 3, NVIDIA RTX PRO 6000 Blackwell Server Edition, P0, 0, 0, 0, 97887, 48.60, 34, 172, 12481
2026/09/15 14:37:59.589, 4, NVIDIA RTX PRO 6000 Blackwell Server Edition, P0, 0, 0, 0, 97887, 48.16, 34, 180, 12481
2026/09/15 14:37:59.592, 5, NVIDIA RTX PRO 6000 Blackwell Server Edition, P0, 0, 0, 0, 97887, 48.71, 34, 180, 12481
2026/09/15 14:37:59.594, 6, NVIDIA RTX PRO 6000 Blackwell Server Edition, P0, 0, 0, 0, 97887, 48.51, 34, 180, 12481
2026/09/15 14:37:59.596, 7, NVIDIA RTX PRO 6000 Blackwell Server Edition, P0, 0, 0, 0, 97887, 47.08, 34, 180, 12481
2026/09/15 14:38:00.667, 0, NVIDIA RTX PRO 6000 Blackwell Server Edition, P0, 0, 0, 0, 97887, 48.91, 34, 180, 12481
2026/09/15 14:38:00.669, 1, NVIDIA RTX PRO 6000 Blackwell Server Edition, P0, 0, 0, 0, 97887, 49.02, 34, 180, 12481
2026/09/15 14:38:00.671, 2, NVIDIA RTX PRO 6000 Blackwell Server Edition, P0, 0, 0, 0, 97887, 50.77, 34, 180, 12481
2026/09/15 14:38:00.673, 3, NVIDIA RTX PRO 6000 Blackwell Server Edition, P0, 0, 0, 0, 97887, 48.60, 34, 180, 12481
2026/09/15 14:38:00.676, 4, NVIDIA RTX PRO 6000 Blackwell Server Edition, P0, 0, 0, 0, 97887, 48.17, 34, 180, 12481
2026/09/15 14:38:00.678, 5, NVIDIA RTX PRO 6000 Blackwell Server Edition, P0, 0, 0, 0, 97887, 48.73, 33, 180, 12481
2026/09/15 14:38:00.680, 6, NVIDIA RTX PRO 6000 Blackwell Server Edition, P0, 0, 0, 0, 97887, 48.52, 34, 180, 12481
2026/09/15 14:38:00.682, 7, NVIDIA RTX PRO 6000 Blackwell Server Edition, P0, 0, 0, 0, 97887, 47.08, 34, 180, 12481
2026/09/15 14:38:01.753, 0, NVIDIA RTX PRO 6000 Blackwell Server Edition, P0, 0, 0, 0, 97887, 48.95, 34, 180, 12481
2026/09/15 14:38:01.755, 1, NVIDIA RTX PRO 6000 Blackwell Server Edition, P0, 0, 0, 0, 97887, 49.02, 34, 180, 12481
2026/09/15 14:38:01.758, 2, NVIDIA RTX PRO 6000 Blackwell Server Edition, P0, 0, 0, 0, 97887, 50.73, 34, 180, 12481
2026/09/15 14:38:01.760, 3, NVIDIA RTX PRO 6000 Blackwell Server Edition, P0, 0, 0, 0, 97887, 48.60, 34, 180, 12481
2026/09/15 14:38:01.762, 4, NVIDIA RTX PRO 6000 Blackwell Server Edition, P0, 0, 0, 0, 97887, 48.17, 34, 180, 12481
2026/09/15 14:38:01.764, 5, NVIDIA RTX PRO 6000 Blackwell Server Edition, P0, 0, 0, 0, 97887, 48.74, 34, 180, 12481
2026/09/15 14:38:01.766, 6, NVIDIA RTX PRO 6000 Blackwell Server Edition, P0, 0, 0, 0, 97887, 48.53, 34, 180, 12481
2026/09/15 14:38:01.769, 7, NVIDIA RTX PRO 6000 Blackwell Server Edition, P0, 0, 0, 0, 97887, 47.08, 34, 180, 12481
2026/09/15 14:38:02.838, 0, NVIDIA RTX PRO 6000 Blackwell Server Edition, P0, 0, 0, 0, 97887, 48.91, 34, 180, 12481
2026/09/15 14:38:02.840, 1, NVIDIA RTX PRO 6000 Blackwell Server Edition, P0, 0, 0, 0, 97887, 49.02, 34, 180, 12481
2026/09/15 14:38:02.842, 2, NVIDIA RTX PRO 6000 Blackwell Server Edition, P0, 0, 0, 0, 97887, 50.73, 34, 180, 12481
2026/09/15 14:38:02.844, 3, NVIDIA RTX PRO 6000 Blackwell Server Edition, P0, 0, 0, 0, 97887, 48.60, 34, 180, 12481
2026/09/15 14:38:02.847, 4, NVIDIA RTX PRO 6000 Blackwell Server Edition, P0, 0, 0, 0, 97887, 48.17, 34, 180, 12481
2026/09/15 14:38:02.849, 5, NVIDIA RTX PRO 6000 Blackwell Server Edition, P0, 0, 0, 0, 97887, 48.72, 34, 180, 12481
2026/09/15 14:38:02.851, 6, NVIDIA RTX PRO 6000 Blackwell Server Edition, P0, 0, 0, 0, 97887, 48.54, 34, 180, 12481
2026/09/15 14:38:02.853, 7, NVIDIA RTX PRO 6000 Blackwell Server Edition, P0, 0, 0, 0, 97887, 47.08, 34, 180, 12481
2026/09/15 14:38:03.922, 0, NVIDIA RTX PRO 6000 Blackwell Server Edition, P0, 0, 0, 0, 97887, 48.84, 34, 180, 12481
2026/09/15 14:38:03.924, 1, NVIDIA RTX PRO 6000 Blackwell Server Edition, P0, 0, 0, 0, 97887, 49.02, 34, 180, 12481
2026/09/15 14:38:03.927, 2, NVIDIA RTX PRO 6000 Blackwell Server Edition, P0, 0, 0, 0, 97887, 50.80, 34, 180, 12481
2026/09/15 14:38:03.929, 3, NVIDIA RTX PRO 6000 Blackwell Server Edition, P0, 0, 0, 0, 97887, 48.60, 34, 180, 12481
2026/09/15 14:38:03.931, 4, NVIDIA RTX PRO 6000 Blackwell Server Edition, P0, 0, 0, 0, 97887, 48.15, 34, 180, 12481
2026/09/15 14:38:03.934, 5, NVIDIA RTX PRO 6000 Blackwell Server Edition, P0, 0, 0, 0, 97887, 48.72, 34, 180, 12481
2026/09/15 14:38:03.936, 6, NVIDIA RTX PRO 6000 Blackwell Server Edition, P0, 0, 0, 0, 97887, 48.53, 34, 180, 12481
2026/09/15 14:38:03.938, 7, NVIDIA RTX PRO 6000 Blackwell Server Edition, P0, 0, 0, 0, 97887, 47.08, 34, 180, 12481
2026/09/15 14:38:05.007, 0, NVIDIA RTX PRO 6000 Blackwell Server Edition, P0, 0, 0, 0, 97887, 48.84, 34, 180, 12481
2026/09/15 14:38:05.010, 1, NVIDIA RTX PRO 6000 Blackwell Server Edition, P0, 0, 0, 0, 97887, 49.02, 34, 180, 12481
2026/09/15 14:38:05.012, 2, NVIDIA RTX PRO 6000 Blackwell Server Edition, P0, 0, 0, 0, 97887, 50.77, 34, 180, 12481
2026/09/15 14:38:05.014, 3, NVIDIA RTX PRO 6000 Blackwell Server Edition, P0, 0, 0, 0, 97887, 48.59, 34, 180, 12481
2026/09/15 14:38:05.016, 4, NVIDIA RTX PRO 6000 Blackwell Server Edition, P0, 0, 0, 0, 97887, 48.16, 34, 180, 12481
2026/09/15 14:38:05.018, 5, NVIDIA RTX PRO 6000 Blackwell Server Edition, P0, 0, 0, 0, 97887, 48.72, 34, 180, 12481
2026/09/15 14:38:05.020, 6, NVIDIA RTX PRO 6000 Blackwell Server Edition, P0, 0, 0, 0, 97887, 48.54, 34, 180, 12481
2026/09/15 14:38:05.023, 7, NVIDIA RTX PRO 6000 Blackwell Server Edition, P0, 0, 0, 0, 97887, 47.08, 34, 180, 12481
2026/09/15 14:38:06.094, 0, NVIDIA RTX PRO 6000 Blackwell Server Edition, P0, 0, 0, 0, 97887, 48.88, 34, 172, 12481
2026/09/15 14:38:06.096, 1, NVIDIA RTX PRO 6000 Blackwell Server Edition, P0, 0, 0, 0, 97887, 49.02, 34, 180, 12481
2026/09/15 14:38:06.098, 2, NVIDIA RTX PRO 6000 Blackwell Server Edition, P0, 0, 0, 0, 97887, 50.67, 34, 180, 12481
2026/09/15 14:38:06.101, 3, NVIDIA RTX PRO 6000 Blackwell Server Edition, P0, 0, 0, 0, 97887, 48.60, 34, 180, 12481
2026/09/15 14:38:06.103, 4, NVIDIA RTX PRO 6000 Blackwell Server Edition, P0, 0, 0, 0, 97887, 48.18, 34, 180, 12481
2026/09/15 14:38:06.105, 5, NVIDIA RTX PRO 6000 Blackwell Server Edition, P0, 0, 0, 0, 97887, 48.72, 34, 180, 12481
2026/09/15 14:38:06.107, 6, NVIDIA RTX PRO 6000 Blackwell Server Edition, P0, 0, 0, 0, 97887, 48.52, 34, 180, 12481
2026/09/15 14:38:06.109, 7, NVIDIA RTX PRO 6000 Blackwell Server Edition, P0, 0, 0, 0, 97887, 47.08, 34, 180, 12481
2026/09/15 14:38:07.180, 0, NVIDIA RTX PRO 6000 Blackwell Server Edition, P0, 0, 0, 0, 97887, 48.93, 34, 180, 12481
2026/09/15 14:38:07.182, 1, NVIDIA RTX PRO 6000 Blackwell Server Edition, P0, 0, 0, 0, 97887, 49.02, 34, 180, 12481
2026/09/15 14:38:07.184, 2, NVIDIA RTX PRO 6000 Blackwell Server Edition, P0, 0, 0, 0, 97887, 50.77, 34, 180, 12481
2026/09/15 14:38:07.187, 3, NVIDIA RTX PRO 6000 Blackwell Server Edition, P0, 0, 0, 0, 97887, 48.58, 34, 180, 12481
2026/09/15 14:38:07.189, 4, NVIDIA RTX PRO 6000 Blackwell Server Edition, P0, 0, 0, 0, 97887, 48.17, 34, 180, 12481
2026/09/15 14:38:07.191, 5, NVIDIA RTX PRO 6000 Blackwell Server Edition, P0, 0, 0, 0, 97887, 48.69, 34, 180, 12481
2026/09/15 14:38:07.193, 6, NVIDIA RTX PRO 6000 Blackwell Server Edition, P0, 0, 0, 0, 97887, 48.51, 34, 172, 12481
2026/09/15 14:38:07.195, 7, NVIDIA RTX PRO 6000 Blackwell Server Edition, P0, 0, 0, 0, 97887, 47.08, 34, 180, 12481
2026/09/15 14:38:08.266, 0, NVIDIA RTX PRO 6000 Blackwell Server Edition, P0, 0, 0, 0, 97887, 48.90, 34, 180, 12481
2026/09/15 14:38:08.269, 1, NVIDIA RTX PRO 6000 Blackwell Server Edition, P0, 0, 0, 0, 97887, 49.02, 34, 180, 12481
2026/09/15 14:38:08.271, 2, NVIDIA RTX PRO 6000 Blackwell Server Edition, P0, 0, 0, 0, 97887, 50.69, 34, 180, 12481
2026/09/15 14:38:08.273, 3, NVIDIA RTX PRO 6000 Blackwell Server Edition, P0, 0, 0, 0, 97887, 48.60, 34, 180, 12481
2026/09/15 14:38:08.276, 4, NVIDIA RTX PRO 6000 Blackwell Server Edition, P0, 0, 0, 0, 97887, 48.17, 34, 180, 12481
2026/09/15 14:38:08.278, 5, NVIDIA RTX PRO 6000 Blackwell Server Edition, P0, 0, 0, 0, 97887, 48.70, 34, 180, 12481
2026/09/15 14:38:08.280, 6, NVIDIA RTX PRO 6000 Blackwell Server Edition, P0, 0, 0, 0, 97887, 48.53, 34, 180, 12481
2026/09/15 14:38:08.282, 7, NVIDIA RTX PRO 6000 Blackwell Server Edition, P0, 0, 0, 0, 97887, 47.08, 34, 180, 12481
2026/09/15 14:38:09.351, 0, NVIDIA RTX PRO 6000 Blackwell Server Edition, P0, 0, 0, 0, 97887, 48.88, 34, 180, 12481
2026/09/15 14:38:09.353, 1, NVIDIA RTX PRO 6000 Blackwell Server Edition, P0, 0, 0, 0, 97887, 49.02, 34, 180, 12481
2026/09/15 14:38:09.356, 2, NVIDIA RTX PRO 6000 Blackwell Server Edition, P0, 0, 0, 0, 97887, 50.69, 34, 180, 12481
2026/09/15 14:38:09.358, 3, NVIDIA RTX PRO 6000 Blackwell Server Edition, P0, 0, 0, 0, 97887, 48.60, 34, 180, 12481
2026/09/15 14:38:09.360, 4, NVIDIA RTX PRO 6000 Blackwell Server Edition, P0, 0, 0, 0, 97887, 48.16, 34, 180, 12481
2026/09/15 14:38:09.362, 5, NVIDIA RTX PRO 6000 Blackwell Server Edition, P0, 0, 0, 0, 97887, 48.75, 34, 180, 12481
2026/09/15 14:38:09.364, 6, NVIDIA RTX PRO 6000 Blackwell Server Edition, P0, 0, 0, 0, 97887, 48.52, 34, 180, 12481
2026/09/15 14:38:09.367, 7, NVIDIA RTX PRO 6000 Blackwell Server Edition, P0, 0, 0, 0, 97887, 47.08, 34, 180, 12481
2026/09/15 14:38:10.436, 0, NVIDIA RTX PRO 6000 Blackwell Server Edition, P0, 0, 0, 0, 97887, 48.95, 34, 180, 12481
2026/09/15 14:38:10.439, 1, NVIDIA RTX PRO 6000 Blackwell Server Edition, P0, 0, 0, 0, 97887, 49.02, 34, 180, 12481
2026/09/15 14:38:10.441, 2, NVIDIA RTX PRO 6000 Blackwell Server Edition, P0, 0, 0, 0, 97887, 50.72, 34, 180, 12481
2026/09/15 14:38:10.443, 3, NVIDIA RTX PRO 6000 Blackwell Server Edition, P0, 0, 0, 0, 97887, 48.59, 34, 180, 12481
2026/09/15 14:38:10.445, 4, NVIDIA RTX PRO 6000 Blackwell Server Edition, P0, 0, 0, 0, 97887, 48.17, 34, 180, 12481
2026/09/15 14:38:10.447, 5, NVIDIA RTX PRO 6000 Blackwell Server Edition, P0, 0, 0, 0, 97887, 48.69, 34, 180, 12481
2026/09/15 14:38:10.450, 6, NVIDIA RTX PRO 6000 Blackwell Server Edition, P0, 0, 0, 0, 97887, 48.53, 34, 180, 12481
2026/09/15 14:38:10.452, 7, NVIDIA RTX PRO 6000 Blackwell Server Edition, P0, 0, 0, 0, 97887, 47.08, 34, 180, 12481
2026/09/15 14:38:11.521, 0, NVIDIA RTX PRO 6000 Blackwell Server Edition, P0, 0, 0, 0, 97887, 48.85, 34, 180, 12481
2026/09/15 14:38:11.523, 1, NVIDIA RTX PRO 6000 Blackwell Server Edition, P0, 0, 0, 0, 97887, 49.02, 34, 180, 12481
2026/09/15 14:38:11.525, 2, NVIDIA RTX PRO 6000 Blackwell Server Edition, P0, 0, 0, 0, 97887, 50.75, 34, 180, 12481
2026/09/15 14:38:11.527, 3, NVIDIA RTX PRO 6000 Blackwell Server Edition, P0, 0, 0, 0, 97887, 48.59, 34, 180, 12481
2026/09/15 14:38:11.530, 4, NVIDIA RTX PRO 6000 Blackwell Server Edition, P0, 0, 0, 0, 97887, 48.16, 34, 180, 12481
2026/09/15 14:38:11.532, 5, NVIDIA RTX PRO 6000 Blackwell Server Edition, P0, 0, 0, 0, 97887, 48.73, 34, 180, 12481
2026/09/15 14:38:11.534, 6, NVIDIA RTX PRO 6000 Blackwell Server Edition, P0, 0, 0, 0, 97887, 48.54, 34, 180, 12481
2026/09/15 14:38:11.536, 7, NVIDIA RTX PRO 6000 Blackwell Server Edition, P0, 0, 0, 0, 97887, 47.08, 34, 180, 12481
2026/09/15 14:38:12.606, 0, NVIDIA RTX PRO 6000 Blackwell Server Edition, P0, 0, 0, 0, 97887, 48.91, 34, 180, 12481
2026/09/15 14:38:12.608, 1, NVIDIA RTX PRO 6000 Blackwell Server Edition, P0, 0, 0, 0, 97887, 49.02, 34, 180, 12481
2026/09/15 14:38:12.611, 2, NVIDIA RTX PRO 6000 Blackwell Server Edition, P0, 0, 0, 0, 97887, 50.68, 34, 180, 12481
2026/09/15 14:38:12.613, 3, NVIDIA RTX PRO 6000 Blackwell Server Edition, P0, 0, 0, 0, 97887, 48.60, 34, 180, 12481
2026/09/15 14:38:12.616, 4, NVIDIA RTX PRO 6000 Blackwell Server Edition, P0, 0, 0, 0, 97887, 48.17, 34, 180, 12481
2026/09/15 14:38:12.618, 5, NVIDIA RTX PRO 6000 Blackwell Server Edition, P0, 0, 0, 0, 97887, 48.72, 34, 172, 12481
2026/09/15 14:38:12.620, 6, NVIDIA RTX PRO 6000 Blackwell Server Edition, P0, 0, 0, 0, 97887, 48.54, 34, 180, 12481
2026/09/15 14:38:12.622, 7, NVIDIA RTX PRO 6000 Blackwell Server Edition, P0, 0, 0, 0, 97887, 47.08, 34, 180, 12481
2026/09/15 14:38:13.692, 0, NVIDIA RTX PRO 6000 Blackwell Server Edition, P0, 0, 0, 0, 97887, 48.91, 34, 180, 12481
2026/09/15 14:38:13.695, 1, NVIDIA RTX PRO 6000 Blackwell Server Edition, P0, 0, 0, 0, 97887, 49.02, 34, 180, 12481
2026/09/15 14:38:13.697, 2, NVIDIA RTX PRO 6000 Blackwell Server Edition, P0, 0, 0, 0, 97887, 50.65, 34, 180, 12481
2026/09/15 14:38:13.699, 3, NVIDIA RTX PRO 6000 Blackwell Server Edition, P0, 0, 0, 0, 97887, 48.59, 34, 180, 12481
2026/09/15 14:38:13.701, 4, NVIDIA RTX PRO 6000 Blackwell Server Edition, P0, 0, 0, 0, 97887, 48.16, 34, 180, 12481
2026/09/15 14:38:13.703, 5, NVIDIA RTX PRO 6000 Blackwell Server Edition, P0, 0, 0, 0, 97887, 48.72, 34, 180, 12481
2026/09/15 14:38:13.706, 6, NVIDIA RTX PRO 6000 Blackwell Server Edition, P0, 0, 0, 0, 97887, 48.53, 34, 180, 12481
2026/09/15 14:38:13.708, 7, NVIDIA RTX PRO 6000 Blackwell Server Edition, P0, 0, 0, 0, 97887, 47.08, 34, 180, 12481
2026/09/15 14:38:14.781, 0, NVIDIA RTX PRO 6000 Blackwell Server Edition, P0, 0, 0, 0, 97887, 48.80, 34, 180, 12481
2026/09/15 14:38:14.783, 1, NVIDIA RTX PRO 6000 Blackwell Server Edition, P0, 0, 0, 0, 97887, 49.02, 34, 180, 12481
2026/09/15 14:38:14.785, 2, NVIDIA RTX PRO 6000 Blackwell Server Edition, P0, 0, 0, 0, 97887, 50.62, 34, 180, 12481
2026/09/15 14:38:14.787, 3, NVIDIA RTX PRO 6000 Blackwell Server Edition, P0, 0, 0, 0, 97887, 48.60, 34, 180, 12481
2026/09/15 14:38:14.790, 4, NVIDIA RTX PRO 6000 Blackwell Server Edition, P0, 0, 0, 0, 97887, 48.17, 34, 180, 12481
2026/09/15 14:38:14.792, 5, NVIDIA RTX PRO 6000 Blackwell Server Edition, P0, 0, 0, 0, 97887, 48.75, 34, 180, 12481
2026/09/15 14:38:14.794, 6, NVIDIA RTX PRO 6000 Blackwell Server Edition, P0, 0, 0, 0, 97887, 48.54, 34, 180, 12481
2026/09/15 14:38:14.796, 7, NVIDIA RTX PRO 6000 Blackwell Server Edition, P0, 0, 0, 0, 97887, 47.08, 34, 180, 12481
2026/09/15 14:38:15.865, 0, NVIDIA RTX PRO 6000 Blackwell Server Edition, P0, 0, 0, 0, 97887, 48.88, 34, 180, 12481
2026/09/15 14:38:15.868, 1, NVIDIA RTX PRO 6000 Blackwell Server Edition, P0, 0, 0, 0, 97887, 49.02, 34, 180, 12481
2026/09/15 14:38:15.870, 2, NVIDIA RTX PRO 6000 Blackwell Server Edition, P0, 0, 0, 0, 97887, 50.67, 34, 180, 12481
2026/09/15 14:38:15.872, 3, NVIDIA RTX PRO 6000 Blackwell Server Edition, P0, 0, 0, 0, 97887, 48.60, 34, 180, 12481
2026/09/15 14:38:15.874, 4, NVIDIA RTX PRO 6000 Blackwell Server Edition, P0, 0, 0, 0, 97887, 48.17, 34, 180, 12481
2026/09/15 14:38:15.877, 5, NVIDIA RTX PRO 6000 Blackwell Server Edition, P0, 0, 0, 0, 97887, 48.74, 34, 180, 12481
2026/09/15 14:38:15.879, 6, NVIDIA RTX PRO 6000 Blackwell Server Edition, P0, 0, 0, 0, 97887, 48.54, 34, 180, 12481
2026/09/15 14:38:15.881, 7, NVIDIA RTX PRO 6000 Blackwell Server Edition, P0, 0, 0, 0, 97887, 47.09, 34, 180, 12481
2026/09/15 14:38:16.952, 0, NVIDIA RTX PRO 6000 Blackwell Server Edition, P0, 0, 0, 0, 97887, 48.83, 34, 180, 12481
2026/09/15 14:38:16.954, 1, NVIDIA RTX PRO 6000 Blackwell Server Edition, P0, 0, 0, 0, 97887, 49.02, 34, 180, 12481
2026/09/15 14:38:16.957, 2, NVIDIA RTX PRO 6000 Blackwell Server Edition, P0, 0, 0, 0, 97887, 50.67, 34, 180, 12481
2026/09/15 14:38:16.959, 3, NVIDIA RTX PRO 6000 Blackwell Server Edition, P0, 0, 0, 0, 97887, 48.60, 34, 180, 12481
2026/09/15 14:38:16.961, 4, NVIDIA RTX PRO 6000 Blackwell Server Edition, P0, 0, 0, 0, 97887, 48.16, 34, 180, 12481
2026/09/15 14:38:16.963, 5, NVIDIA RTX PRO 6000 Blackwell Server Edition, P0, 0, 0, 0, 97887, 48.74, 34, 180, 12481
2026/09/15 14:38:16.965, 6, NVIDIA RTX PRO 6000 Blackwell Server Edition, P0, 0, 0, 0, 97887, 48.53, 34, 180, 12481
2026/09/15 14:38:16.968, 7, NVIDIA RTX PRO 6000 Blackwell Server Edition, P0, 0, 0, 0, 97887, 47.08, 34, 180, 12481
2026/09/15 14:38:18.038, 0, NVIDIA RTX PRO 6000 Blackwell Server Edition, P0, 0, 0, 0, 97887, 48.81, 34, 180, 12481
2026/09/15 14:38:18.041, 1, NVIDIA RTX PRO 6000 Blackwell Server Edition, P0, 0, 0, 0, 97887, 49.02, 34, 180, 12481
2026/09/15 14:38:18.043, 2, NVIDIA RTX PRO 6000 Blackwell Server Edition, P0, 0, 0, 0, 97887, 50.72, 34, 180, 12481
2026/09/15 14:38:18.045, 3, NVIDIA RTX PRO 6000 Blackwell Server Edition, P0, 0, 0, 0, 97887, 48.60, 34, 180, 12481
2026/09/15 14:38:18.047, 4, NVIDIA RTX PRO 6000 Blackwell Server Edition, P0, 0, 0, 0, 97887, 48.17, 34, 180, 12481
2026/09/15 14:38:18.050, 5, NVIDIA RTX PRO 6000 Blackwell Server Edition, P0, 0, 0, 0, 97887, 48.73, 34, 180, 12481
2026/09/15 14:38:18.052, 6, NVIDIA RTX PRO 6000 Blackwell Server Edition, P0, 0, 0, 0, 97887, 48.54, 34, 180, 12481
2026/09/15 14:38:18.054, 7, NVIDIA RTX PRO 6000 Blackwell Server Edition, P0, 0, 0, 0, 97887, 47.08, 34, 180, 12481
2026/09/15 14:38:19.125, 0, NVIDIA RTX PRO 6000 Blackwell Server Edition, P0, 0, 0, 0, 97887, 48.86, 34, 180, 12481
2026/09/15 14:38:19.127, 1, NVIDIA RTX PRO 6000 Blackwell Server Edition, P0, 0, 0, 0, 97887, 49.02, 34, 180, 12481
2026/09/15 14:38:19.129, 2, NVIDIA RTX PRO 6000 Blackwell Server Edition, P0, 0, 0, 0, 97887, 50.72, 34, 180, 12481
2026/09/15 14:38:19.131, 3, NVIDIA RTX PRO 6000 Blackwell Server Edition, P0, 0, 0, 0, 97887, 48.60, 34, 180, 12481
2026/09/15 14:38:19.134, 4, NVIDIA RTX PRO 6000 Blackwell Server Edition, P0, 0, 0, 0, 97887, 48.15, 34, 180, 12481
2026/09/15 14:38:19.136, 5, NVIDIA RTX PRO 6000 Blackwell Server Edition, P0, 0, 0, 0, 97887, 48.74, 34, 180, 12481
2026/09/15 14:38:19.138, 6, NVIDIA RTX PRO 6000 Blackwell Server Edition, P0, 0, 0, 0, 97887, 48.53, 34, 180, 12481
2026/09/15 14:38:19.140, 7, NVIDIA RTX PRO 6000 Blackwell Server Edition, P0, 0, 0, 0, 97887, 47.08, 34, 180, 12481
2026/09/15 14:38:20.209, 0, NVIDIA RTX PRO 6000 Blackwell Server Edition, P0, 0, 0, 0, 97887, 48.84, 34, 180, 12481
2026/09/15 14:38:20.211, 1, NVIDIA RTX PRO 6000 Blackwell Server Edition, P0, 0, 0, 0, 97887, 49.02, 34, 180, 12481
2026/09/15 14:38:20.214, 2, NVIDIA RTX PRO 6000 Blackwell Server Edition, P0, 0, 0, 0, 97887, 50.67, 34, 180, 12481
2026/09/15 14:38:20.216, 3, NVIDIA RTX PRO 6000 Blackwell Server Edition, P0, 0, 0, 0, 97887, 48.60, 34, 180, 12481
2026/09/15 14:38:20.218, 4, NVIDIA RTX PRO 6000 Blackwell Server Edition, P0, 0, 0, 0, 97887, 48.17, 34, 180, 12481
2026/09/15 14:38:20.221, 5, NVIDIA RTX PRO 6000 Blackwell Server Edition, P0, 0, 0, 0, 97887, 48.72, 34, 180, 12481
2026/09/15 14:38:20.223, 6, NVIDIA RTX PRO 6000 Blackwell Server Edition, P0, 0, 0, 0, 97887, 48.53, 34, 180, 12481
2026/09/15 14:38:20.225, 7, NVIDIA RTX PRO 6000 Blackwell Server Edition, P0, 0, 0, 0, 97887, 47.08, 34, 180, 12481
2026/09/15 14:38:21.293, 0, NVIDIA RTX PRO 6000 Blackwell Server Edition, P0, 0, 0, 0, 97887, 48.87, 34, 180, 12481
2026/09/15 14:38:21.296, 1, NVIDIA RTX PRO 6000 Blackwell Server Edition, P0, 0, 0, 0, 97887, 49.02, 34, 180, 12481
2026/09/15 14:38:21.298, 2, NVIDIA RTX PRO 6000 Blackwell Server Edition, P0, 0, 0, 0, 97887, 50.67, 34, 180, 12481
2026/09/15 14:38:21.300, 3, NVIDIA RTX PRO 6000 Blackwell Server Edition, P0, 0, 0, 0, 97887, 48.61, 34, 180, 12481
2026/09/15 14:38:21.302, 4, NVIDIA RTX PRO 6000 Blackwell Server Edition, P0, 0, 0, 0, 97887, 48.18, 34, 180, 12481
2026/09/15 14:38:21.305, 5, NVIDIA RTX PRO 6000 Blackwell Server Edition, P0, 0, 0, 0, 97887, 48.71, 34, 180, 12481
2026/09/15 14:38:21.307, 6, NVIDIA RTX PRO 6000 Blackwell Server Edition, P0, 0, 0, 0, 97887, 48.54, 34, 172, 12481
2026/09/15 14:38:21.309, 7, NVIDIA RTX PRO 6000 Blackwell Server Edition, P0, 0, 0, 0, 97887, 47.08, 34, 180, 12481
2026/09/15 14:38:22.378, 0, NVIDIA RTX PRO 6000 Blackwell Server Edition, P0, 0, 0, 0, 97887, 48.80, 34, 180, 12481
2026/09/15 14:38:22.380, 1, NVIDIA RTX PRO 6000 Blackwell Server Edition, P0, 0, 0, 0, 97887, 49.02, 34, 180, 12481
2026/09/15 14:38:22.383, 2, NVIDIA RTX PRO 6000 Blackwell Server Edition, P0, 0, 0, 0, 97887, 50.64, 34, 180, 12481
2026/09/15 14:38:22.385, 3, NVIDIA RTX PRO 6000 Blackwell Server Edition, P0, 0, 0, 0, 97887, 48.60, 34, 180, 12481
2026/09/15 14:38:22.387, 4, NVIDIA RTX PRO 6000 Blackwell Server Edition, P0, 0, 0, 0, 97887, 48.16, 34, 180, 12481
2026/09/15 14:38:22.389, 5, NVIDIA RTX PRO 6000 Blackwell Server Edition, P0, 0, 0, 0, 97887, 48.71, 34, 180, 12481
2026/09/15 14:38:22.391, 6, NVIDIA RTX PRO 6000 Blackwell Server Edition, P0, 0, 0, 0, 97887, 48.52, 34, 180, 12481
2026/09/15 14:38:22.394, 7, NVIDIA RTX PRO 6000 Blackwell Server Edition, P0, 0, 0, 0, 97887, 47.08, 34, 180, 12481
2026/09/15 14:38:23.463, 0, NVIDIA RTX PRO 6000 Blackwell Server Edition, P0, 0, 0, 0, 97887, 48.90, 34, 180, 12481
2026/09/15 14:38:23.465, 1, NVIDIA RTX PRO 6000 Blackwell Server Edition, P0, 0, 0, 0, 97887, 49.02, 34, 180, 12481
2026/09/15 14:38:23.467, 2, NVIDIA RTX PRO 6000 Blackwell Server Edition, P0, 0, 0, 0, 97887, 50.71, 34, 180, 12481
2026/09/15 14:38:23.469, 3, NVIDIA RTX PRO 6000 Blackwell Server Edition, P0, 0, 0, 0, 97887, 48.60, 34, 180, 12481
2026/09/15 14:38:23.471, 4, NVIDIA RTX PRO 6000 Blackwell Server Edition, P0, 0, 0, 0, 97887, 48.16, 34, 180, 12481
2026/09/15 14:38:23.474, 5, NVIDIA RTX PRO 6000 Blackwell Server Edition, P0, 0, 0, 0, 97887, 48.73, 34, 180, 12481
2026/09/15 14:38:23.476, 6, NVIDIA RTX PRO 6000 Blackwell Server Edition, P0, 0, 0, 0, 97887, 48.52, 34, 180, 12481
2026/09/15 14:38:23.478, 7, NVIDIA RTX PRO 6000 Blackwell Server Edition, P0, 0, 0, 0, 97887, 47.08, 34, 180, 12481
2026/09/15 14:38:24.549, 0, NVIDIA RTX PRO 6000 Blackwell Server Edition, P0, 0, 0, 0, 97887, 48.88, 33, 180, 12481
2026/09/15 14:38:24.551, 1, NVIDIA RTX PRO 6000 Blackwell Server Edition, P0, 0, 0, 0, 97887, 49.02, 34, 180, 12481
2026/09/15 14:38:24.553, 2, NVIDIA RTX PRO 6000 Blackwell Server Edition, P0, 0, 0, 0, 97887, 50.78, 34, 180, 12481
2026/09/15 14:38:24.556, 3, NVIDIA RTX PRO 6000 Blackwell Server Edition, P0, 0, 0, 0, 97887, 48.60, 34, 180, 12481
2026/09/15 14:38:24.558, 4, NVIDIA RTX PRO 6000 Blackwell Server Edition, P0, 0, 0, 0, 97887, 48.18, 34, 180, 12481
2026/09/15 14:38:24.561, 5, NVIDIA RTX PRO 6000 Blackwell Server Edition, P0, 0, 0, 0, 97887, 48.70, 34, 180, 12481
2026/09/15 14:38:24.563, 6, NVIDIA RTX PRO 6000 Blackwell Server Edition, P0, 0, 0, 0, 97887, 48.52, 34, 180, 12481
2026/09/15 14:38:24.565, 7, NVIDIA RTX PRO 6000 Blackwell Server Edition, P0, 0, 0, 0, 97887, 47.08, 34, 180, 12481
2026/09/15 14:38:25.634, 0, NVIDIA RTX PRO 6000 Blackwell Server Edition, P0, 0, 0, 0, 97887, 48.93, 34, 180, 12481
2026/09/15 14:38:25.637, 1, NVIDIA RTX PRO 6000 Blackwell Server Edition, P0, 0, 0, 0, 97887, 49.02, 34, 180, 12481
2026/09/15 14:38:25.639, 2, NVIDIA RTX PRO 6000 Blackwell Server Edition, P0, 0, 0, 0, 97887, 50.77, 34, 180, 12481
2026/09/15 14:38:25.641, 3, NVIDIA RTX PRO 6000 Blackwell Server Edition, P0, 0, 0, 0, 97887, 48.60, 34, 180, 12481
2026/09/15 14:38:25.643, 4, NVIDIA RTX PRO 6000 Blackwell Server Edition, P0, 0, 0, 0, 97887, 48.17, 34, 180, 12481
2026/09/15 14:38:25.645, 5, NVIDIA RTX PRO 6000 Blackwell Server Edition, P0, 0, 0, 0, 97887, 48.72, 34, 180, 12481
2026/09/15 14:38:25.648, 6, NVIDIA RTX PRO 6000 Blackwell Server Edition, P0, 0, 0, 0, 97887, 48.52, 34, 180, 12481
2026/09/15 14:38:25.650, 7, NVIDIA RTX PRO 6000 Blackwell Server Edition, P0, 0, 0, 0, 97887, 47.08, 34, 180, 12481
2026/09/15 14:38:26.719, 0, NVIDIA RTX PRO 6000 Blackwell Server Edition, P0, 0, 0, 0, 97887, 48.81, 34, 180, 12481
2026/09/15 14:38:26.721, 1, NVIDIA RTX PRO 6000 Blackwell Server Edition, P0, 0, 0, 0, 97887, 49.02, 34, 180, 12481
2026/09/15 14:38:26.723, 2, NVIDIA RTX PRO 6000 Blackwell Server Edition, P0, 0, 0, 0, 97887, 50.70, 34, 180, 12481
2026/09/15 14:38:26.726, 3, NVIDIA RTX PRO 6000 Blackwell Server Edition, P0, 0, 0, 0, 97887, 48.60, 34, 180, 12481
2026/09/15 14:38:26.728, 4, NVIDIA RTX PRO 6000 Blackwell Server Edition, P0, 0, 0, 0, 97887, 48.15, 34, 180, 12481
2026/09/15 14:38:26.730, 5, NVIDIA RTX PRO 6000 Blackwell Server Edition, P0, 0, 0, 0, 97887, 48.77, 34, 172, 12481
2026/09/15 14:38:26.732, 6, NVIDIA RTX PRO 6000 Blackwell Server Edition, P0, 0, 0, 0, 97887, 48.53, 34, 180, 12481
2026/09/15 14:38:26.734, 7, NVIDIA RTX PRO 6000 Blackwell Server Edition, P0, 0, 0, 0, 97887, 47.08, 34, 180, 12481
2026/09/15 14:38:27.803, 0, NVIDIA RTX PRO 6000 Blackwell Server Edition, P0, 0, 0, 0, 97887, 48.88, 33, 180, 12481
2026/09/15 14:38:27.805, 1, NVIDIA RTX PRO 6000 Blackwell Server Edition, P0, 0, 0, 0, 97887, 49.02, 34, 172, 12481
2026/09/15 14:38:27.808, 2, NVIDIA RTX PRO 6000 Blackwell Server Edition, P0, 0, 0, 0, 97887, 50.80, 34, 180, 12481
2026/09/15 14:38:27.810, 3, NVIDIA RTX PRO 6000 Blackwell Server Edition, P0, 0, 0, 0, 97887, 48.60, 34, 180, 12481
2026/09/15 14:38:27.812, 4, NVIDIA RTX PRO 6000 Blackwell Server Edition, P0, 0, 0, 0, 97887, 48.16, 34, 180, 12481
2026/09/15 14:38:27.814, 5, NVIDIA RTX PRO 6000 Blackwell Server Edition, P0, 0, 0, 0, 97887, 48.71, 34, 180, 12481
2026/09/15 14:38:27.816, 6, NVIDIA RTX PRO 6000 Blackwell Server Edition, P0, 0, 0, 0, 97887, 48.54, 34, 180, 12481
2026/09/15 14:38:27.819, 7, NVIDIA RTX PRO 6000 Blackwell Server Edition, P0, 0, 0, 0, 97887, 47.08, 34, 180, 12481
2026/09/15 14:38:28.888, 0, NVIDIA RTX PRO 6000 Blackwell Server Edition, P0, 0, 0, 0, 97887, 48.95, 34, 180, 12481
2026/09/15 14:38:28.891, 1, NVIDIA RTX PRO 6000 Blackwell Server Edition, P0, 0, 0, 0, 97887, 49.02, 34, 180, 12481
2026/09/15 14:38:28.893, 2, NVIDIA RTX PRO 6000 Blackwell Server Edition, P0, 0, 0, 0, 97887, 50.65, 34, 180, 12481
2026/09/15 14:38:28.895, 3, NVIDIA RTX PRO 6000 Blackwell Server Edition, P0, 0, 0, 0, 97887, 48.60, 34, 180, 12481
2026/09/15 14:38:28.897, 4, NVIDIA RTX PRO 6000 Blackwell Server Edition, P0, 0, 0, 0, 97887, 48.17, 34, 180, 12481
2026/09/15 14:38:28.899, 5, NVIDIA RTX PRO 6000 Blackwell Server Edition, P0, 0, 0, 0, 97887, 48.71, 34, 180, 12481
2026/09/15 14:38:28.901, 6, NVIDIA RTX PRO 6000 Blackwell Server Edition, P0, 0, 0, 0, 97887, 48.53, 34, 180, 12481
2026/09/15 14:38:28.904, 7, NVIDIA RTX PRO 6000 Blackwell Server Edition, P0, 0, 0, 0, 97887, 47.08, 34, 180, 12481
2026/09/15 14:38:29.974, 0, NVIDIA RTX PRO 6000 Blackwell Server Edition, P0, 0, 0, 0, 97887, 48.89, 34, 180, 12481
2026/09/15 14:38:29.977, 1, NVIDIA RTX PRO 6000 Blackwell Server Edition, P0, 0, 0, 0, 97887, 49.02, 34, 180, 12481
2026/09/15 14:38:29.979, 2, NVIDIA RTX PRO 6000 Blackwell Server Edition, P0, 0, 0, 0, 97887, 50.72, 34, 180, 12481
2026/09/15 14:38:29.981, 3, NVIDIA RTX PRO 6000 Blackwell Server Edition, P0, 0, 0, 0, 97887, 48.60, 34, 180, 12481
2026/09/15 14:38:29.983, 4, NVIDIA RTX PRO 6000 Blackwell Server Edition, P0, 0, 0, 0, 97887, 48.16, 34, 180, 12481
2026/09/15 14:38:29.985, 5, NVIDIA RTX PRO 6000 Blackwell Server Edition, P0, 0, 0, 0, 97887, 48.71, 34, 180, 12481
2026/09/15 14:38:29.988, 6, NVIDIA RTX PRO 6000 Blackwell Server Edition, P0, 0, 0, 0, 97887, 48.51, 34, 180, 12481
2026/09/15 14:38:29.990, 7, NVIDIA RTX PRO 6000 Blackwell Server Edition, P0, 0, 0, 0, 97887, 47.08, 34, 180, 12481
2026/09/15 14:38:31.061, 0, NVIDIA RTX PRO 6000 Blackwell Server Edition, P0, 0, 0, 0, 97887, 48.97, 33, 180, 12481
2026/09/15 14:38:31.063, 1, NVIDIA RTX PRO 6000 Blackwell Server Edition, P0, 0, 0, 0, 97887, 49.02, 34, 180, 12481
2026/09/15 14:38:31.065, 2, NVIDIA RTX PRO 6000 Blackwell Server Edition, P0, 0, 0, 0, 97887, 50.65, 34, 180, 12481
2026/09/15 14:38:31.068, 3, NVIDIA RTX PRO 6000 Blackwell Server Edition, P0, 0, 0, 0, 97887, 48.60, 34, 180, 12481
2026/09/15 14:38:31.070, 4, NVIDIA RTX PRO 6000 Blackwell Server Edition, P0, 0, 0, 0, 97887, 48.16, 34, 180, 12481
2026/09/15 14:38:31.072, 5, NVIDIA RTX PRO 6000 Blackwell Server Edition, P0, 0, 0, 0, 97887, 48.73, 34, 180, 12481
2026/09/15 14:38:31.074, 6, NVIDIA RTX PRO 6000 Blackwell Server Edition, P0, 0, 0, 0, 97887, 48.53, 34, 180, 12481
2026/09/15 14:38:31.076, 7, NVIDIA RTX PRO 6000 Blackwell Server Edition, P0, 0, 0, 0, 97887, 47.08, 34, 180, 12481
2026/09/15 14:38:32.147, 0, NVIDIA RTX PRO 6000 Blackwell Server Edition, P0, 0, 0, 0, 97887, 48.87, 34, 180, 12481
2026/09/15 14:38:32.149, 1, NVIDIA RTX PRO 6000 Blackwell Server Edition, P0, 0, 0, 0, 97887, 49.02, 34, 180, 12481
2026/09/15 14:38:32.151, 2, NVIDIA RTX PRO 6000 Blackwell Server Edition, P0, 0, 0, 0, 97887, 50.65, 34, 180, 12481
2026/09/15 14:38:32.153, 3, NVIDIA RTX PRO 6000 Blackwell Server Edition, P0, 0, 0, 0, 97887, 48.60, 34, 180, 12481
2026/09/15 14:38:32.156, 4, NVIDIA RTX PRO 6000 Blackwell Server Edition, P0, 0, 0, 0, 97887, 48.16, 34, 180, 12481
2026/09/15 14:38:32.158, 5, NVIDIA RTX PRO 6000 Blackwell Server Edition, P0, 0, 0, 0, 97887, 48.74, 34, 180, 12481
2026/09/15 14:38:32.160, 6, NVIDIA RTX PRO 6000 Blackwell Server Edition, P0, 0, 0, 0, 97887, 48.53, 34, 180, 12481
2026/09/15 14:38:32.162, 7, NVIDIA RTX PRO 6000 Blackwell Server Edition, P0, 0, 0, 0, 97887, 47.08, 34, 180, 12481
2026/09/15 14:38:33.231, 0, NVIDIA RTX PRO 6000 Blackwell Server Edition, P0, 0, 0, 0, 97887, 48.89, 34, 180, 12481
2026/09/15 14:38:33.233, 1, NVIDIA RTX PRO 6000 Blackwell Server Edition, P0, 0, 0, 0, 97887, 49.02, 34, 180, 12481
2026/09/15 14:38:33.236, 2, NVIDIA RTX PRO 6000 Blackwell Server Edition, P0, 0, 0, 0, 97887, 50.75, 34, 180, 12481
2026/09/15 14:38:33.238, 3, NVIDIA RTX PRO 6000 Blackwell Server Edition, P0, 0, 0, 0, 97887, 48.60, 34, 180, 12481
2026/09/15 14:38:33.240, 4, NVIDIA RTX PRO 6000 Blackwell Server Edition, P0, 0, 0, 0, 97887, 48.17, 34, 180, 12481
2026/09/15 14:38:33.242, 5, NVIDIA RTX PRO 6000 Blackwell Server Edition, P0, 0, 0, 0, 97887, 48.72, 34, 180, 12481
2026/09/15 14:38:33.244, 6, NVIDIA RTX PRO 6000 Blackwell Server Edition, P0, 0, 0, 0, 97887, 48.53, 34, 180, 12481
2026/09/15 14:38:33.247, 7, NVIDIA RTX PRO 6000 Blackwell Server Edition, P0, 0, 0, 0, 97887, 47.08, 34, 180, 12481
2026/09/15 14:38:34.315, 0, NVIDIA RTX PRO 6000 Blackwell Server Edition, P0, 0, 0, 0, 97887, 48.86, 34, 172, 12481
2026/09/15 14:38:34.318, 1, NVIDIA RTX PRO 6000 Blackwell Server Edition, P0, 0, 0, 0, 97887, 49.02, 34, 180, 12481
2026/09/15 14:38:34.320, 2, NVIDIA RTX PRO 6000 Blackwell Server Edition, P0, 0, 0, 0, 97887, 50.74, 34, 180, 12481
2026/09/15 14:38:34.322, 3, NVIDIA RTX PRO 6000 Blackwell Server Edition, P0, 0, 0, 0, 97887, 48.60, 34, 180, 12481
2026/09/15 14:38:34.324, 4, NVIDIA RTX PRO 6000 Blackwell Server Edition, P0, 0, 0, 0, 97887, 48.17, 34, 180, 12481
2026/09/15 14:38:34.326, 5, NVIDIA RTX PRO 6000 Blackwell Server Edition, P0, 0, 0, 0, 97887, 48.76, 34, 180, 12481
2026/09/15 14:38:34.329, 6, NVIDIA RTX PRO 6000 Blackwell Server Edition, P0, 0, 0, 0, 97887, 48.51, 34, 180, 12481
2026/09/15 14:38:34.331, 7, NVIDIA RTX PRO 6000 Blackwell Server Edition, P0, 0, 0, 0, 97887, 47.08, 34, 180, 12481
2026/09/15 14:38:35.400, 0, NVIDIA RTX PRO 6000 Blackwell Server Edition, P0, 0, 0, 0, 97887, 48.89, 34, 180, 12481
2026/09/15 14:38:35.402, 1, NVIDIA RTX PRO 6000 Blackwell Server Edition, P0, 0, 0, 0, 97887, 49.02, 34, 180, 12481
2026/09/15 14:38:35.404, 2, NVIDIA RTX PRO 6000 Blackwell Server Edition, P0, 0, 0, 0, 97887, 50.76, 34, 180, 12481
2026/09/15 14:38:35.407, 3, NVIDIA RTX PRO 6000 Blackwell Server Edition, P0, 0, 0, 0, 97887, 48.60, 34, 180, 12481
2026/09/15 14:38:35.409, 4, NVIDIA RTX PRO 6000 Blackwell Server Edition, P0, 0, 0, 0, 97887, 48.17, 34, 180, 12481
2026/09/15 14:38:35.411, 5, NVIDIA RTX PRO 6000 Blackwell Server Edition, P0, 0, 0, 0, 97887, 48.71, 34, 180, 12481
2026/09/15 14:38:35.413, 6, NVIDIA RTX PRO 6000 Blackwell Server Edition, P0, 0, 0, 0, 97887, 48.53, 34, 180, 12481
2026/09/15 14:38:35.416, 7, NVIDIA RTX PRO 6000 Blackwell Server Edition, P0, 0, 0, 0, 97887, 47.08, 34, 180, 12481
2026/09/15 14:38:36.486, 0, NVIDIA RTX PRO 6000 Blackwell Server Edition, P0, 0, 0, 0, 97887, 48.80, 34, 180, 12481
2026/09/15 14:38:36.489, 1, NVIDIA RTX PRO 6000 Blackwell Server Edition, P0, 0, 0, 0, 97887, 49.03, 34, 180, 12481
2026/09/15 14:38:36.491, 2, NVIDIA RTX PRO 6000 Blackwell Server Edition, P0, 0, 0, 0, 97887, 50.71, 34, 180, 12481
2026/09/15 14:38:36.493, 3, NVIDIA RTX PRO 6000 Blackwell Server Edition, P0, 0, 0, 0, 97887, 48.59, 34, 180, 12481
2026/09/15 14:38:36.495, 4, NVIDIA RTX PRO 6000 Blackwell Server Edition, P0, 0, 0, 0, 97887, 48.17, 34, 180, 12481
2026/09/15 14:38:36.498, 5, NVIDIA RTX PRO 6000 Blackwell Server Edition, P0, 0, 0, 0, 97887, 48.74, 34, 180, 12481
2026/09/15 14:38:36.500, 6, NVIDIA RTX PRO 6000 Blackwell Server Edition, P0, 0, 0, 0, 97887, 48.53, 34, 180, 12481
2026/09/15 14:38:36.502, 7, NVIDIA RTX PRO 6000 Blackwell Server Edition, P0, 0, 0, 0, 97887, 47.08, 34, 180, 12481
2026/09/15 14:38:37.572, 0, NVIDIA RTX PRO 6000 Blackwell Server Edition, P0, 0, 0, 0, 97887, 48.72, 34, 180, 12481
2026/09/15 14:38:37.574, 1, NVIDIA RTX PRO 6000 Blackwell Server Edition, P0, 0, 0, 0, 97887, 49.02, 34, 180, 12481
2026/09/15 14:38:37.577, 2, NVIDIA RTX PRO 6000 Blackwell Server Edition, P0, 0, 0, 0, 97887, 50.80, 34, 180, 12481
2026/09/15 14:38:37.579, 3, NVIDIA RTX PRO 6000 Blackwell Server Edition, P0, 0, 0, 0, 97887, 48.60, 34, 180, 12481
2026/09/15 14:38:37.581, 4, NVIDIA RTX PRO 6000 Blackwell Server Edition, P0, 0, 0, 0, 97887, 48.18, 34, 180, 12481
2026/09/15 14:38:37.583, 5, NVIDIA RTX PRO 6000 Blackwell Server Edition, P0, 0, 0, 0, 97887, 48.72, 34, 180, 12481
2026/09/15 14:38:37.585, 6, NVIDIA RTX PRO 6000 Blackwell Server Edition, P0, 0, 0, 0, 97887, 48.52, 34, 180, 12481
2026/09/15 14:38:37.588, 7, NVIDIA RTX PRO 6000 Blackwell Server Edition, P0, 0, 0, 0, 97887, 47.08, 34, 180, 12481
2026/09/15 14:38:38.658, 0, NVIDIA RTX PRO 6000 Blackwell Server Edition, P0, 0, 0, 0, 97887, 48.74, 34, 180, 12481
2026/09/15 14:38:38.661, 1, NVIDIA RTX PRO 6000 Blackwell Server Edition, P0, 0, 0, 0, 97887, 49.02, 34, 180, 12481
2026/09/15 14:38:38.663, 2, NVIDIA RTX PRO 6000 Blackwell Server Edition, P0, 0, 0, 0, 97887, 50.75, 34, 180, 12481
2026/09/15 14:38:38.665, 3, NVIDIA RTX PRO 6000 Blackwell Server Edition, P0, 0, 0, 0, 97887, 48.60, 34, 180, 12481
2026/09/15 14:38:38.667, 4, NVIDIA RTX PRO 6000 Blackwell Server Edition, P0, 0, 0, 0, 97887, 48.17, 34, 180, 12481
2026/09/15 14:38:38.669, 5, NVIDIA RTX PRO 6000 Blackwell Server Edition, P0, 0, 0, 0, 97887, 48.70, 34, 180, 12481
2026/09/15 14:38:38.671, 6, NVIDIA RTX PRO 6000 Blackwell Server Edition, P0, 0, 0, 0, 97887, 48.52, 34, 180, 12481
2026/09/15 14:38:38.674, 7, NVIDIA RTX PRO 6000 Blackwell Server Edition, P0, 0, 0, 0, 97887, 47.08, 34, 180, 12481
2026/09/15 14:38:39.745, 0, NVIDIA RTX PRO 6000 Blackwell Server Edition, P0, 0, 0, 0, 97887, 48.71, 34, 180, 12481
2026/09/15 14:38:39.747, 1, NVIDIA RTX PRO 6000 Blackwell Server Edition, P0, 0, 0, 0, 97887, 49.02, 34, 180, 12481
2026/09/15 14:38:39.749, 2, NVIDIA RTX PRO 6000 Blackwell Server Edition, P0, 0, 0, 0, 97887, 50.75, 34, 180, 12481
2026/09/15 14:38:39.751, 3, NVIDIA RTX PRO 6000 Blackwell Server Edition, P0, 0, 0, 0, 97887, 48.60, 34, 180, 12481
2026/09/15 14:38:39.754, 4, NVIDIA RTX PRO 6000 Blackwell Server Edition, P0, 0, 0, 0, 97887, 48.17, 34, 180, 12481
2026/09/15 14:38:39.756, 5, NVIDIA RTX PRO 6000 Blackwell Server Edition, P0, 0, 0, 0, 97887, 48.71, 34, 180, 12481
2026/09/15 14:38:39.758, 6, NVIDIA RTX PRO 6000 Blackwell Server Edition, P0, 0, 0, 0, 97887, 48.53, 34, 180, 12481
2026/09/15 14:38:39.760, 7, NVIDIA RTX PRO 6000 Blackwell Server Edition, P0, 0, 0, 0, 97887, 47.08, 34, 180, 12481
2026/09/15 14:38:40.829, 0, NVIDIA RTX PRO 6000 Blackwell Server Edition, P0, 0, 0, 0, 97887, 48.78, 34, 180, 12481
2026/09/15 14:38:40.832, 1, NVIDIA RTX PRO 6000 Blackwell Server Edition, P0, 0, 0, 0, 97887, 49.02, 34, 180, 12481
2026/09/15 14:38:40.834, 2, NVIDIA RTX PRO 6000 Blackwell Server Edition, P0, 0, 0, 0, 97887, 50.80, 34, 180, 12481
2026/09/15 14:38:40.836, 3, NVIDIA RTX PRO 6000 Blackwell Server Edition, P0, 0, 0, 0, 97887, 48.60, 34, 180, 12481
2026/09/15 14:38:40.838, 4, NVIDIA RTX PRO 6000 Blackwell Server Edition, P0, 0, 0, 0, 97887, 48.17, 34, 172, 12481
2026/09/15 14:38:40.841, 5, NVIDIA RTX PRO 6000 Blackwell Server Edition, P0, 0, 0, 0, 97887, 48.77, 34, 180, 12481
2026/09/15 14:38:40.843, 6, NVIDIA RTX PRO 6000 Blackwell Server Edition, P0, 0, 0, 0, 97887, 48.51, 34, 180, 12481
2026/09/15 14:38:40.845, 7, NVIDIA RTX PRO 6000 Blackwell Server Edition, P0, 0, 0, 0, 97887, 47.08, 34, 180, 12481
2026/09/15 14:38:41.915, 0, NVIDIA RTX PRO 6000 Blackwell Server Edition, P0, 0, 0, 0, 97887, 48.89, 34, 180, 12481
2026/09/15 14:38:41.918, 1, NVIDIA RTX PRO 6000 Blackwell Server Edition, P0, 0, 0, 0, 97887, 49.02, 34, 180, 12481
2026/09/15 14:38:41.920, 2, NVIDIA RTX PRO 6000 Blackwell Server Edition, P0, 0, 0, 0, 97887, 50.79, 34, 180, 12481
2026/09/15 14:38:41.922, 3, NVIDIA RTX PRO 6000 Blackwell Server Edition, P0, 0, 0, 0, 97887, 48.60, 34, 180, 12481
2026/09/15 14:38:41.924, 4, NVIDIA RTX PRO 6000 Blackwell Server Edition, P0, 0, 0, 0, 97887, 48.15, 34, 180, 12481
2026/09/15 14:38:41.927, 5, NVIDIA RTX PRO 6000 Blackwell Server Edition, P0, 0, 0, 0, 97887, 48.74, 34, 180, 12481
2026/09/15 14:38:41.929, 6, NVIDIA RTX PRO 6000 Blackwell Server Edition, P0, 0, 0, 0, 97887, 48.52, 34, 180, 12481
2026/09/15 14:38:41.931, 7, NVIDIA RTX PRO 6000 Blackwell Server Edition, P0, 0, 0, 0, 97887, 47.08, 34, 180, 12481
2026/09/15 14:38:43.000, 0, NVIDIA RTX PRO 6000 Blackwell Server Edition, P0, 0, 0, 0, 97887, 48.86, 34, 180, 12481
2026/09/15 14:38:43.003, 1, NVIDIA RTX PRO 6000 Blackwell Server Edition, P0, 0, 0, 0, 97887, 49.02, 34, 180, 12481
2026/09/15 14:38:43.005, 2, NVIDIA RTX PRO 6000 Blackwell Server Edition, P0, 0, 0, 0, 97887, 50.76, 34, 180, 12481
2026/09/15 14:38:43.007, 3, NVIDIA RTX PRO 6000 Blackwell Server Edition, P0, 0, 0, 0, 97887, 48.60, 34, 180, 12481
2026/09/15 14:38:43.010, 4, NVIDIA RTX PRO 6000 Blackwell Server Edition, P0, 0, 0, 0, 97887, 48.15, 34, 180, 12481
2026/09/15 14:38:43.013, 5, NVIDIA RTX PRO 6000 Blackwell Server Edition, P0, 0, 0, 0, 97887, 48.77, 34, 180, 12481
2026/09/15 14:38:43.016, 6, NVIDIA RTX PRO 6000 Blackwell Server Edition, P0, 0, 0, 0, 97887, 48.53, 34, 180, 12481
2026/09/15 14:38:43.018, 7, NVIDIA RTX PRO 6000 Blackwell Server Edition, P0, 0, 0, 0, 97887, 47.08, 34, 180, 12481
2026/09/15 14:38:44.087, 0, NVIDIA RTX PRO 6000 Blackwell Server Edition, P0, 0, 0, 0, 97887, 48.96, 34, 180, 12481
2026/09/15 14:38:44.090, 1, NVIDIA RTX PRO 6000 Blackwell Server Edition, P0, 0, 0, 0, 97887, 49.02, 34, 180, 12481
2026/09/15 14:38:44.092, 2, NVIDIA RTX PRO 6000 Blackwell Server Edition, P0, 0, 0, 0, 97887, 50.74, 34, 180, 12481
2026/09/15 14:38:44.094, 3, NVIDIA RTX PRO 6000 Blackwell Server Edition, P0, 0, 0, 0, 97887, 48.60, 34, 180, 12481
2026/09/15 14:38:44.096, 4, NVIDIA RTX PRO 6000 Blackwell Server Edition, P0, 0, 0, 0, 97887, 48.17, 34, 180, 12481
2026/09/15 14:38:44.099, 5, NVIDIA RTX PRO 6000 Blackwell Server Edition, P0, 0, 0, 0, 97887, 48.73, 34, 180, 12481
2026/09/15 14:38:44.101, 6, NVIDIA RTX PRO 6000 Blackwell Server Edition, P0, 0, 0, 0, 97887, 48.53, 34, 180, 12481
2026/09/15 14:38:44.103, 7, NVIDIA RTX PRO 6000 Blackwell Server Edition, P0, 0, 0, 0, 97887, 47.08, 34, 180, 12481
2026/09/15 14:38:45.173, 0, NVIDIA RTX PRO 6000 Blackwell Server Edition, P0, 0, 0, 0, 97887, 48.85, 34, 180, 12481
2026/09/15 14:38:45.176, 1, NVIDIA RTX PRO 6000 Blackwell Server Edition, P0, 0, 0, 0, 97887, 49.02, 34, 180, 12481
2026/09/15 14:38:45.178, 2, NVIDIA RTX PRO 6000 Blackwell Server Edition, P0, 0, 0, 0, 97887, 50.72, 34, 180, 12481
2026/09/15 14:38:45.180, 3, NVIDIA RTX PRO 6000 Blackwell Server Edition, P0, 0, 0, 0, 97887, 48.60, 34, 180, 12481
2026/09/15 14:38:45.182, 4, NVIDIA RTX PRO 6000 Blackwell Server Edition, P0, 0, 0, 0, 97887, 48.15, 34, 180, 12481
2026/09/15 14:38:45.185, 5, NVIDIA RTX PRO 6000 Blackwell Server Edition, P0, 0, 0, 0, 97887, 48.73, 34, 180, 12481
2026/09/15 14:38:45.187, 6, NVIDIA RTX PRO 6000 Blackwell Server Edition, P0, 0, 0, 0, 97887, 48.53, 34, 180, 12481
2026/09/15 14:38:45.189, 7, NVIDIA RTX PRO 6000 Blackwell Server Edition, P0, 0, 0, 0, 97887, 47.08, 34, 180, 12481
2026/09/15 14:38:46.260, 0, NVIDIA RTX PRO 6000 Blackwell Server Edition, P0, 0, 0, 0, 97887, 48.81, 34, 180, 12481
2026/09/15 14:38:46.262, 1, NVIDIA RTX PRO 6000 Blackwell Server Edition, P0, 0, 0, 0, 97887, 49.02, 34, 180, 12481
2026/09/15 14:38:46.264, 2, NVIDIA RTX PRO 6000 Blackwell Server Edition, P0, 0, 0, 0, 97887, 50.72, 34, 180, 12481
2026/09/15 14:38:46.267, 3, NVIDIA RTX PRO 6000 Blackwell Server Edition, P0, 0, 0, 0, 97887, 48.60, 34, 180, 12481
2026/09/15 14:38:46.269, 4, NVIDIA RTX PRO 6000 Blackwell Server Edition, P0, 0, 0, 0, 97887, 48.17, 34, 180, 12481
2026/09/15 14:38:46.271, 5, NVIDIA RTX PRO 6000 Blackwell Server Edition, P0, 0, 0, 0, 97887, 48.72, 34, 180, 12481
2026/09/15 14:38:46.273, 6, NVIDIA RTX PRO 6000 Blackwell Server Edition, P0, 0, 0, 0, 97887, 48.53, 34, 180, 12481
2026/09/15 14:38:46.275, 7, NVIDIA RTX PRO 6000 Blackwell Server Edition, P0, 0, 0, 0, 97887, 47.08, 34, 180, 12481
2026/09/15 14:38:47.346, 0, NVIDIA RTX PRO 6000 Blackwell Server Edition, P0, 0, 0, 0, 97887, 48.80, 34, 180, 12481
2026/09/15 14:38:47.348, 1, NVIDIA RTX PRO 6000 Blackwell Server Edition, P0, 0, 0, 0, 97887, 49.02, 34, 180, 12481
2026/09/15 14:38:47.350, 2, NVIDIA RTX PRO 6000 Blackwell Server Edition, P0, 0, 0, 0, 97887, 50.74, 34, 180, 12481
2026/09/15 14:38:47.352, 3, NVIDIA RTX PRO 6000 Blackwell Server Edition, P0, 0, 0, 0, 97887, 48.60, 34, 180, 12481
2026/09/15 14:38:47.355, 4, NVIDIA RTX PRO 6000 Blackwell Server Edition, P0, 0, 0, 0, 97887, 48.18, 34, 180, 12481
2026/09/15 14:38:47.357, 5, NVIDIA RTX PRO 6000 Blackwell Server Edition, P0, 0, 0, 0, 97887, 48.74, 34, 180, 12481
2026/09/15 14:38:47.359, 6, NVIDIA RTX PRO 6000 Blackwell Server Edition, P0, 0, 0, 0, 97887, 48.51, 34, 180, 12481
2026/09/15 14:38:47.361, 7, NVIDIA RTX PRO 6000 Blackwell Server Edition, P0, 0, 0, 0, 97887, 47.08, 34, 180, 12481
2026/09/15 14:38:48.432, 0, NVIDIA RTX PRO 6000 Blackwell Server Edition, P0, 0, 0, 0, 97887, 48.84, 34, 180, 12481
2026/09/15 14:38:48.434, 1, NVIDIA RTX PRO 6000 Blackwell Server Edition, P0, 0, 0, 0, 97887, 49.02, 34, 180, 12481
2026/09/15 14:38:48.436, 2, NVIDIA RTX PRO 6000 Blackwell Server Edition, P0, 0, 0, 0, 97887, 50.72, 34, 180, 12481
2026/09/15 14:38:48.439, 3, NVIDIA RTX PRO 6000 Blackwell Server Edition, P0, 0, 0, 0, 97887, 48.60, 34, 180, 12481
2026/09/15 14:38:48.441, 4, NVIDIA RTX PRO 6000 Blackwell Server Edition, P0, 0, 0, 0, 97887, 48.19, 34, 180, 12481
2026/09/15 14:38:48.443, 5, NVIDIA RTX PRO 6000 Blackwell Server Edition, P0, 0, 0, 0, 97887, 48.70, 34, 180, 12481
2026/09/15 14:38:48.445, 6, NVIDIA RTX PRO 6000 Blackwell Server Edition, P0, 0, 0, 0, 97887, 48.52, 34, 180, 12481
2026/09/15 14:38:48.447, 7, NVIDIA RTX PRO 6000 Blackwell Server Edition, P0, 0, 0, 0, 97887, 47.10, 34, 180, 12481
2026/09/15 14:38:49.516, 0, NVIDIA RTX PRO 6000 Blackwell Server Edition, P0, 0, 0, 0, 97887, 48.97, 34, 180, 12481
2026/09/15 14:38:49.518, 1, NVIDIA RTX PRO 6000 Blackwell Server Edition, P0, 0, 0, 0, 97887, 49.02, 34, 180, 12481
2026/09/15 14:38:49.521, 2, NVIDIA RTX PRO 6000 Blackwell Server Edition, P0, 0, 0, 0, 97887, 50.76, 34, 180, 12481
2026/09/15 14:38:49.523, 3, NVIDIA RTX PRO 6000 Blackwell Server Edition, P0, 0, 0, 0, 97887, 48.60, 34, 180, 12481
2026/09/15 14:38:49.525, 4, NVIDIA RTX PRO 6000 Blackwell Server Edition, P0, 0, 0, 0, 97887, 48.18, 34, 180, 12481
2026/09/15 14:38:49.527, 5, NVIDIA RTX PRO 6000 Blackwell Server Edition, P0, 0, 0, 0, 97887, 48.73, 34, 180, 12481
2026/09/15 14:38:49.530, 6, NVIDIA RTX PRO 6000 Blackwell Server Edition, P0, 0, 0, 0, 97887, 48.53, 34, 180, 12481
2026/09/15 14:38:49.532, 7, NVIDIA RTX PRO 6000 Blackwell Server Edition, P0, 0, 0, 0, 97887, 47.08, 34, 180, 12481
2026/09/15 14:38:50.601, 0, NVIDIA RTX PRO 6000 Blackwell Server Edition, P0, 0, 0, 0, 97887, 48.89, 34, 180, 12481
2026/09/15 14:38:50.603, 1, NVIDIA RTX PRO 6000 Blackwell Server Edition, P0, 0, 0, 0, 97887, 49.02, 34, 180, 12481
2026/09/15 14:38:50.605, 2, NVIDIA RTX PRO 6000 Blackwell Server Edition, P0, 0, 0, 0, 97887, 50.80, 34, 180, 12481
2026/09/15 14:38:50.607, 3, NVIDIA RTX PRO 6000 Blackwell Server Edition, P0, 0, 0, 0, 97887, 48.60, 34, 180, 12481
2026/09/15 14:38:50.610, 4, NVIDIA RTX PRO 6000 Blackwell Server Edition, P0, 0, 0, 0, 97887, 48.18, 34, 180, 12481
2026/09/15 14:38:50.612, 5, NVIDIA RTX PRO 6000 Blackwell Server Edition, P0, 0, 0, 0, 97887, 48.72, 34, 180, 12481
2026/09/15 14:38:50.614, 6, NVIDIA RTX PRO 6000 Blackwell Server Edition, P0, 0, 0, 0, 97887, 48.52, 34, 180, 12481
2026/09/15 14:38:50.616, 7, NVIDIA RTX PRO 6000 Blackwell Server Edition, P0, 0, 0, 0, 97887, 47.08, 34, 180, 12481
2026/09/15 14:38:51.686, 0, NVIDIA RTX PRO 6000 Blackwell Server Edition, P0, 0, 0, 0, 97887, 48.79, 34, 180, 12481
2026/09/15 14:38:51.688, 1, NVIDIA RTX PRO 6000 Blackwell Server Edition, P0, 0, 0, 0, 97887, 49.02, 34, 180, 12481
2026/09/15 14:38:51.690, 2, NVIDIA RTX PRO 6000 Blackwell Server Edition, P0, 0, 0, 0, 97887, 50.72, 34, 180, 12481
2026/09/15 14:38:51.692, 3, NVIDIA RTX PRO 6000 Blackwell Server Edition, P0, 0, 0, 0, 97887, 48.59, 34, 180, 12481
2026/09/15 14:38:51.694, 4, NVIDIA RTX PRO 6000 Blackwell Server Edition, P0, 0, 0, 0, 97887, 48.17, 34, 180, 12481
2026/09/15 14:38:51.697, 5, NVIDIA RTX PRO 6000 Blackwell Server Edition, P0, 0, 0, 0, 97887, 48.76, 34, 180, 12481
2026/09/15 14:38:51.699, 6, NVIDIA RTX PRO 6000 Blackwell Server Edition, P0, 0, 0, 0, 97887, 48.53, 34, 180, 12481
2026/09/15 14:38:51.701, 7, NVIDIA RTX PRO 6000 Blackwell Server Edition, P0, 0, 0, 0, 97887, 47.08, 34, 180, 12481
2026/09/15 14:38:52.772, 0, NVIDIA RTX PRO 6000 Blackwell Server Edition, P0, 0, 0, 0, 97887, 48.89, 34, 180, 12481
2026/09/15 14:38:52.775, 1, NVIDIA RTX PRO 6000 Blackwell Server Edition, P0, 0, 0, 0, 97887, 49.02, 34, 180, 12481
2026/09/15 14:38:52.777, 2, NVIDIA RTX PRO 6000 Blackwell Server Edition, P0, 0, 0, 0, 97887, 50.73, 34, 172, 12481
2026/09/15 14:38:52.779, 3, NVIDIA RTX PRO 6000 Blackwell Server Edition, P0, 0, 0, 0, 97887, 48.60, 34, 180, 12481
2026/09/15 14:38:52.781, 4, NVIDIA RTX PRO 6000 Blackwell Server Edition, P0, 0, 0, 0, 97887, 48.17, 34, 180, 12481
2026/09/15 14:38:52.783, 5, NVIDIA RTX PRO 6000 Blackwell Server Edition, P0, 0, 0, 0, 97887, 48.74, 34, 180, 12481
2026/09/15 14:38:52.785, 6, NVIDIA RTX PRO 6000 Blackwell Server Edition, P0, 0, 0, 0, 97887, 48.52, 34, 180, 12481
2026/09/15 14:38:52.788, 7, NVIDIA RTX PRO 6000 Blackwell Server Edition, P0, 0, 0, 0, 97887, 47.08, 34, 180, 12481
2026/09/15 14:38:53.859, 0, NVIDIA RTX PRO 6000 Blackwell Server Edition, P0, 0, 0, 0, 97887, 48.92, 34, 180, 12481
2026/09/15 14:38:53.861, 1, NVIDIA RTX PRO 6000 Blackwell Server Edition, P0, 0, 0, 0, 97887, 49.02, 34, 180, 12481
2026/09/15 14:38:53.863, 2, NVIDIA RTX PRO 6000 Blackwell Server Edition, P0, 0, 0, 0, 97887, 50.80, 34, 180, 12481
2026/09/15 14:38:53.865, 3, NVIDIA RTX PRO 6000 Blackwell Server Edition, P0, 0, 0, 0, 97887, 48.60, 34, 180, 12481
2026/09/15 14:38:53.868, 4, NVIDIA RTX PRO 6000 Blackwell Server Edition, P0, 0, 0, 0, 97887, 48.17, 34, 180, 12481
2026/09/15 14:38:53.870, 5, NVIDIA RTX PRO 6000 Blackwell Server Edition, P0, 0, 0, 0, 97887, 48.72, 34, 180, 12481
2026/09/15 14:38:53.872, 6, NVIDIA RTX PRO 6000 Blackwell Server Edition, P0, 0, 0, 0, 97887, 48.51, 34, 180, 12481
2026/09/15 14:38:53.874, 7, NVIDIA RTX PRO 6000 Blackwell Server Edition, P0, 0, 0, 0, 97887, 47.08, 34, 180, 12481
2026/09/15 14:38:54.947, 0, NVIDIA RTX PRO 6000 Blackwell Server Edition, P0, 0, 0, 0, 97887, 48.88, 34, 180, 12481
2026/09/15 14:38:54.949, 1, NVIDIA RTX PRO 6000 Blackwell Server Edition, P0, 0, 0, 0, 97887, 49.02, 34, 180, 12481
2026/09/15 14:38:54.952, 2, NVIDIA RTX PRO 6000 Blackwell Server Edition, P0, 0, 0, 0, 97887, 50.71, 34, 180, 12481
2026/09/15 14:38:54.954, 3, NVIDIA RTX PRO 6000 Blackwell Server Edition, P0, 0, 0, 0, 97887, 48.60, 34, 180, 12481
2026/09/15 14:38:54.956, 4, NVIDIA RTX PRO 6000 Blackwell Server Edition, P0, 0, 0, 0, 97887, 48.17, 34, 180, 12481
2026/09/15 14:38:54.958, 5, NVIDIA RTX PRO 6000 Blackwell Server Edition, P0, 0, 0, 0, 97887, 48.78, 34, 180, 12481
2026/09/15 14:38:54.960, 6, NVIDIA RTX PRO 6000 Blackwell Server Edition, P0, 0, 0, 0, 97887, 48.54, 34, 180, 12481
2026/09/15 14:38:54.963, 7, NVIDIA RTX PRO 6000 Blackwell Server Edition, P0, 0, 0, 0, 97887, 47.08, 34, 180, 12481
2026/09/15 14:38:56.032, 0, NVIDIA RTX PRO 6000 Blackwell Server Edition, P0, 0, 0, 0, 97887, 48.89, 34, 180, 12481
2026/09/15 14:38:56.034, 1, NVIDIA RTX PRO 6000 Blackwell Server Edition, P0, 0, 0, 0, 97887, 49.02, 34, 180, 12481
2026/09/15 14:38:56.036, 2, NVIDIA RTX PRO 6000 Blackwell Server Edition, P0, 0, 0, 0, 97887, 50.69, 34, 180, 12481
2026/09/15 14:38:56.039, 3, NVIDIA RTX PRO 6000 Blackwell Server Edition, P0, 0, 0, 0, 97887, 48.60, 34, 172, 12481
2026/09/15 14:38:56.041, 4, NVIDIA RTX PRO 6000 Blackwell Server Edition, P0, 0, 0, 0, 97887, 48.16, 34, 180, 12481
2026/09/15 14:38:56.043, 5, NVIDIA RTX PRO 6000 Blackwell Server Edition, P0, 0, 0, 0, 97887, 48.79, 34, 180, 12481
2026/09/15 14:38:56.045, 6, NVIDIA RTX PRO 6000 Blackwell Server Edition, P0, 0, 0, 0, 97887, 48.53, 34, 180, 12481
2026/09/15 14:38:56.048, 7, NVIDIA RTX PRO 6000 Blackwell Server Edition, P0, 0, 0, 0, 97887, 47.08, 34, 180, 12481
2026/09/15 14:38:57.116, 0, NVIDIA RTX PRO 6000 Blackwell Server Edition, P0, 0, 0, 0, 97887, 48.92, 34, 180, 12481
2026/09/15 14:38:57.119, 1, NVIDIA RTX PRO 6000 Blackwell Server Edition, P0, 0, 0, 0, 97887, 49.02, 34, 180, 12481
2026/09/15 14:38:57.121, 2, NVIDIA RTX PRO 6000 Blackwell Server Edition, P0, 0, 0, 0, 97887, 50.75, 34, 180, 12481
2026/09/15 14:38:57.123, 3, NVIDIA RTX PRO 6000 Blackwell Server Edition, P0, 0, 0, 0, 97887, 48.60, 34, 180, 12481
2026/09/15 14:38:57.125, 4, NVIDIA RTX PRO 6000 Blackwell Server Edition, P0, 0, 0, 0, 97887, 48.16, 34, 180, 12481
2026/09/15 14:38:57.127, 5, NVIDIA RTX PRO 6000 Blackwell Server Edition, P0, 0, 0, 0, 97887, 48.72, 34, 180, 12481
2026/09/15 14:38:57.130, 6, NVIDIA RTX PRO 6000 Blackwell Server Edition, P0, 0, 0, 0, 97887, 48.53, 34, 180, 12481
2026/09/15 14:38:57.132, 7, NVIDIA RTX PRO 6000 Blackwell Server Edition, P0, 0, 0, 0, 97887, 47.08, 34, 180, 12481
2026/09/15 14:38:58.202, 0, NVIDIA RTX PRO 6000 Blackwell Server Edition, P0, 0, 0, 0, 97887, 48.81, 34, 180, 12481
2026/09/15 14:38:58.205, 1, NVIDIA RTX PRO 6000 Blackwell Server Edition, P0, 0, 0, 0, 97887, 49.02, 34, 180, 12481
2026/09/15 14:38:58.207, 2, NVIDIA RTX PRO 6000 Blackwell Server Edition, P0, 0, 0, 0, 97887, 50.80, 34, 180, 12481
2026/09/15 14:38:58.209, 3, NVIDIA RTX PRO 6000 Blackwell Server Edition, P0, 0, 0, 0, 97887, 48.60, 34, 180, 12481
2026/09/15 14:38:58.211, 4, NVIDIA RTX PRO 6000 Blackwell Server Edition, P0, 0, 0, 0, 97887, 48.15, 34, 180, 12481
2026/09/15 14:38:58.214, 5, NVIDIA RTX PRO 6000 Blackwell Server Edition, P0, 0, 0, 0, 97887, 48.70, 34, 180, 12481
2026/09/15 14:38:58.216, 6, NVIDIA RTX PRO 6000 Blackwell Server Edition, P0, 0, 0, 0, 97887, 48.53, 34, 180, 12481
2026/09/15 14:38:58.219, 7, NVIDIA RTX PRO 6000 Blackwell Server Edition, P0, 0, 0, 0, 97887, 47.08, 34, 180, 12481
2026/09/15 14:38:59.289, 0, NVIDIA RTX PRO 6000 Blackwell Server Edition, P0, 0, 0, 0, 97887, 48.87, 34, 180, 12481
2026/09/15 14:38:59.292, 1, NVIDIA RTX PRO 6000 Blackwell Server Edition, P0, 0, 0, 0, 97887, 49.02, 34, 180, 12481
2026/09/15 14:38:59.294, 2, NVIDIA RTX PRO 6000 Blackwell Server Edition, P0, 0, 0, 0, 97887, 50.82, 34, 180, 12481
2026/09/15 14:38:59.296, 3, NVIDIA RTX PRO 6000 Blackwell Server Edition, P0, 0, 0, 0, 97887, 48.60, 34, 180, 12481
2026/09/15 14:38:59.298, 4, NVIDIA RTX PRO 6000 Blackwell Server Edition, P0, 0, 0, 0, 97887, 48.17, 34, 180, 12481
2026/09/15 14:38:59.300, 5, NVIDIA RTX PRO 6000 Blackwell Server Edition, P0, 0, 0, 0, 97887, 48.76, 34, 180, 12481
2026/09/15 14:38:59.303, 6, NVIDIA RTX PRO 6000 Blackwell Server Edition, P0, 0, 0, 0, 97887, 48.53, 34, 180, 12481
2026/09/15 14:38:59.305, 7, NVIDIA RTX PRO 6000 Blackwell Server Edition, P0, 0, 0, 0, 97887, 47.08, 34, 180, 12481
2026/09/15 14:39:00.375, 0, NVIDIA RTX PRO 6000 Blackwell Server Edition, P0, 0, 0, 0, 97887, 48.93, 34, 180, 12481
2026/09/15 14:39:00.378, 1, NVIDIA RTX PRO 6000 Blackwell Server Edition, P0, 0, 0, 0, 97887, 49.02, 34, 180, 12481
2026/09/15 14:39:00.380, 2, NVIDIA RTX PRO 6000 Blackwell Server Edition, P0, 0, 0, 0, 97887, 50.79, 34, 180, 12481
2026/09/15 14:39:00.382, 3, NVIDIA RTX PRO 6000 Blackwell Server Edition, P0, 0, 0, 0, 97887, 48.60, 34, 180, 12481
2026/09/15 14:39:00.384, 4, NVIDIA RTX PRO 6000 Blackwell Server Edition, P0, 0, 0, 0, 97887, 48.17, 34, 180, 12481
2026/09/15 14:39:00.386, 5, NVIDIA RTX PRO 6000 Blackwell Server Edition, P0, 0, 0, 0, 97887, 48.75, 34, 180, 12481
2026/09/15 14:39:00.389, 6, NVIDIA RTX PRO 6000 Blackwell Server Edition, P0, 0, 0, 0, 97887, 48.53, 34, 180, 12481
2026/09/15 14:39:00.391, 7, NVIDIA RTX PRO 6000 Blackwell Server Edition, P0, 0, 0, 0, 97887, 47.08, 34, 180, 12481
2026/09/15 14:39:01.462, 0, NVIDIA RTX PRO 6000 Blackwell Server Edition, P0, 0, 0, 0, 97887, 48.78, 34, 180, 12481
2026/09/15 14:39:01.464, 1, NVIDIA RTX PRO 6000 Blackwell Server Edition, P0, 0, 0, 0, 97887, 49.02, 34, 180, 12481
2026/09/15 14:39:01.466, 2, NVIDIA RTX PRO 6000 Blackwell Server Edition, P0, 0, 0, 0, 97887, 50.79, 34, 180, 12481
2026/09/15 14:39:01.468, 3, NVIDIA RTX PRO 6000 Blackwell Server Edition, P0, 0, 0, 0, 97887, 48.60, 34, 180, 12481
2026/09/15 14:39:01.470, 4, NVIDIA RTX PRO 6000 Blackwell Server Edition, P0, 0, 0, 0, 97887, 48.16, 34, 180, 12481
2026/09/15 14:39:01.473, 5, NVIDIA RTX PRO 6000 Blackwell Server Edition, P0, 0, 0, 0, 97887, 48.73, 34, 180, 12481
2026/09/15 14:39:01.475, 6, NVIDIA RTX PRO 6000 Blackwell Server Edition, P0, 0, 0, 0, 97887, 48.53, 34, 180, 12481
2026/09/15 14:39:01.477, 7, NVIDIA RTX PRO 6000 Blackwell Server Edition, P0, 0, 0, 0, 97887, 47.08, 34, 180, 12481
2026/09/15 14:39:02.547, 0, NVIDIA RTX PRO 6000 Blackwell Server Edition, P0, 0, 0, 0, 97887, 48.86, 34, 180, 12481
2026/09/15 14:39:02.550, 1, NVIDIA RTX PRO 6000 Blackwell Server Edition, P0, 0, 0, 0, 97887, 49.02, 34, 180, 12481
2026/09/15 14:39:02.552, 2, NVIDIA RTX PRO 6000 Blackwell Server Edition, P0, 0, 0, 0, 97887, 50.76, 34, 180, 12481
2026/09/15 14:39:02.554, 3, NVIDIA RTX PRO 6000 Blackwell Server Edition, P0, 0, 0, 0, 97887, 48.59, 34, 180, 12481
2026/09/15 14:39:02.556, 4, NVIDIA RTX PRO 6000 Blackwell Server Edition, P0, 0, 0, 0, 97887, 48.16, 34, 180, 12481
2026/09/15 14:39:02.559, 5, NVIDIA RTX PRO 6000 Blackwell Server Edition, P0, 0, 0, 0, 97887, 48.75, 34, 180, 12481
2026/09/15 14:39:02.561, 6, NVIDIA RTX PRO 6000 Blackwell Server Edition, P0, 0, 0, 0, 97887, 48.54, 34, 180, 12481
2026/09/15 14:39:02.563, 7, NVIDIA RTX PRO 6000 Blackwell Server Edition, P0, 0, 0, 0, 97887, 47.08, 34, 180, 12481
2026/09/15 14:39:03.632, 0, NVIDIA RTX PRO 6000 Blackwell Server Edition, P0, 0, 0, 0, 97887, 48.86, 34, 180, 12481
2026/09/15 14:39:03.635, 1, NVIDIA RTX PRO 6000 Blackwell Server Edition, P0, 0, 0, 0, 97887, 49.02, 34, 180, 12481
2026/09/15 14:39:03.637, 2, NVIDIA RTX PRO 6000 Blackwell Server Edition, P0, 0, 0, 0, 97887, 50.79, 34, 180, 12481
2026/09/15 14:39:03.640, 3, NVIDIA RTX PRO 6000 Blackwell Server Edition, P0, 0, 0, 0, 97887, 48.59, 34, 180, 12481
2026/09/15 14:39:03.642, 4, NVIDIA RTX PRO 6000 Blackwell Server Edition, P0, 0, 0, 0, 97887, 48.16, 34, 180, 12481
2026/09/15 14:39:03.644, 5, NVIDIA RTX PRO 6000 Blackwell Server Edition, P0, 0, 0, 0, 97887, 48.73, 34, 180, 12481
2026/09/15 14:39:03.646, 6, NVIDIA RTX PRO 6000 Blackwell Server Edition, P0, 0, 0, 0, 97887, 48.55, 34, 172, 12481
2026/09/15 14:39:03.648, 7, NVIDIA RTX PRO 6000 Blackwell Server Edition, P0, 0, 0, 0, 97887, 47.08, 34, 180, 12481
2026/09/15 14:39:04.717, 0, NVIDIA RTX PRO 6000 Blackwell Server Edition, P0, 0, 0, 0, 97887, 48.88, 34, 180, 12481
2026/09/15 14:39:04.720, 1, NVIDIA RTX PRO 6000 Blackwell Server Edition, P0, 0, 0, 0, 97887, 49.02, 34, 180, 12481
2026/09/15 14:39:04.722, 2, NVIDIA RTX PRO 6000 Blackwell Server Edition, P0, 0, 0, 0, 97887, 50.80, 34, 180, 12481
2026/09/15 14:39:04.724, 3, NVIDIA RTX PRO 6000 Blackwell Server Edition, P0, 0, 0, 0, 97887, 48.60, 34, 180, 12481
2026/09/15 14:39:04.726, 4, NVIDIA RTX PRO 6000 Blackwell Server Edition, P0, 0, 0, 0, 97887, 48.18, 34, 180, 12481
2026/09/15 14:39:04.728, 5, NVIDIA RTX PRO 6000 Blackwell Server Edition, P0, 0, 0, 0, 97887, 48.71, 34, 180, 12481
2026/09/15 14:39:04.731, 6, NVIDIA RTX PRO 6000 Blackwell Server Edition, P0, 0, 0, 0, 97887, 48.54, 34, 180, 12481
2026/09/15 14:39:04.733, 7, NVIDIA RTX PRO 6000 Blackwell Server Edition, P0, 0, 0, 0, 97887, 47.08, 34, 180, 12481
2026/09/15 14:39:05.802, 0, NVIDIA RTX PRO 6000 Blackwell Server Edition, P0, 0, 0, 0, 97887, 48.82, 34, 180, 12481
2026/09/15 14:39:05.804, 1, NVIDIA RTX PRO 6000 Blackwell Server Edition, P0, 0, 0, 0, 97887, 49.02, 34, 180, 12481
2026/09/15 14:39:05.806, 2, NVIDIA RTX PRO 6000 Blackwell Server Edition, P0, 0, 0, 0, 97887, 50.74, 34, 180, 12481
2026/09/15 14:39:05.809, 3, NVIDIA RTX PRO 6000 Blackwell Server Edition, P0, 0, 0, 0, 97887, 48.60, 34, 180, 12481
2026/09/15 14:39:05.811, 4, NVIDIA RTX PRO 6000 Blackwell Server Edition, P0, 0, 0, 0, 97887, 48.17, 34, 180, 12481
2026/09/15 14:39:05.813, 5, NVIDIA RTX PRO 6000 Blackwell Server Edition, P0, 0, 0, 0, 97887, 48.72, 34, 180, 12481
2026/09/15 14:39:05.815, 6, NVIDIA RTX PRO 6000 Blackwell Server Edition, P0, 0, 0, 0, 97887, 48.52, 34, 180, 12481
2026/09/15 14:39:05.818, 7, NVIDIA RTX PRO 6000 Blackwell Server Edition, P0, 0, 0, 0, 97887, 47.08, 34, 180, 12481
2026/09/15 14:39:06.889, 0, NVIDIA RTX PRO 6000 Blackwell Server Edition, P0, 0, 0, 0, 97887, 48.93, 34, 180, 12481
2026/09/15 14:39:06.891, 1, NVIDIA RTX PRO 6000 Blackwell Server Edition, P0, 0, 0, 0, 97887, 49.02, 34, 180, 12481
2026/09/15 14:39:06.893, 2, NVIDIA RTX PRO 6000 Blackwell Server Edition, P0, 0, 0, 0, 97887, 50.73, 34, 172, 12481
2026/09/15 14:39:06.895, 3, NVIDIA RTX PRO 6000 Blackwell Server Edition, P0, 0, 0, 0, 97887, 48.60, 34, 180, 12481
2026/09/15 14:39:06.898, 4, NVIDIA RTX PRO 6000 Blackwell Server Edition, P0, 0, 0, 0, 97887, 48.17, 34, 180, 12481
2026/09/15 14:39:06.900, 5, NVIDIA RTX PRO 6000 Blackwell Server Edition, P0, 0, 0, 0, 97887, 48.72, 34, 180, 12481
2026/09/15 14:39:06.902, 6, NVIDIA RTX PRO 6000 Blackwell Server Edition, P0, 0, 0, 0, 97887, 48.54, 34, 180, 12481
2026/09/15 14:39:06.904, 7, NVIDIA RTX PRO 6000 Blackwell Server Edition, P0, 0, 0, 0, 97887, 47.08, 34, 180, 12481
2026/09/15 14:39:07.975, 0, NVIDIA RTX PRO 6000 Blackwell Server Edition, P0, 0, 0, 0, 97887, 48.83, 34, 180, 12481
2026/09/15 14:39:07.977, 1, NVIDIA RTX PRO 6000 Blackwell Server Edition, P0, 0, 0, 0, 97887, 49.02, 34, 180, 12481
2026/09/15 14:39:07.980, 2, NVIDIA RTX PRO 6000 Blackwell Server Edition, P0, 0, 0, 0, 97887, 50.71, 34, 180, 12481
2026/09/15 14:39:07.982, 3, NVIDIA RTX PRO 6000 Blackwell Server Edition, P0, 0, 0, 0, 97887, 48.60, 34, 180, 12481
2026/09/15 14:39:07.984, 4, NVIDIA RTX PRO 6000 Blackwell Server Edition, P0, 0, 0, 0, 97887, 48.16, 34, 180, 12481
2026/09/15 14:39:07.986, 5, NVIDIA RTX PRO 6000 Blackwell Server Edition, P0, 0, 0, 0, 97887, 48.75, 34, 180, 12481
2026/09/15 14:39:07.988, 6, NVIDIA RTX PRO 6000 Blackwell Server Edition, P0, 0, 0, 0, 97887, 48.54, 34, 180, 12481
2026/09/15 14:39:07.991, 7, NVIDIA RTX PRO 6000 Blackwell Server Edition, P0, 0, 0, 0, 97887, 47.08, 34, 180, 12481
2026/09/15 14:39:09.061, 0, NVIDIA RTX PRO 6000 Blackwell Server Edition, P0, 0, 0, 0, 97887, 48.88, 34, 180, 12481
2026/09/15 14:39:09.063, 1, NVIDIA RTX PRO 6000 Blackwell Server Edition, P0, 0, 0, 0, 97887, 49.02, 34, 180, 12481
2026/09/15 14:39:09.065, 2, NVIDIA RTX PRO 6000 Blackwell Server Edition, P0, 0, 0, 0, 97887, 50.69, 34, 180, 12481
2026/09/15 14:39:09.068, 3, NVIDIA RTX PRO 6000 Blackwell Server Edition, P0, 0, 0, 0, 97887, 48.60, 34, 180, 12481
2026/09/15 14:39:09.070, 4, NVIDIA RTX PRO 6000 Blackwell Server Edition, P0, 0, 0, 0, 97887, 48.17, 34, 172, 12481
2026/09/15 14:39:09.072, 5, NVIDIA RTX PRO 6000 Blackwell Server Edition, P0, 0, 0, 0, 97887, 48.73, 34, 180, 12481
2026/09/15 14:39:09.074, 6, NVIDIA RTX PRO 6000 Blackwell Server Edition, P0, 0, 0, 0, 97887, 48.53, 34, 180, 12481
2026/09/15 14:39:09.076, 7, NVIDIA RTX PRO 6000 Blackwell Server Edition, P0, 0, 0, 0, 97887, 47.08, 34, 180, 12481
2026/09/15 14:39:10.145, 0, NVIDIA RTX PRO 6000 Blackwell Server Edition, P0, 0, 0, 0, 97887, 48.73, 34, 180, 12481
2026/09/15 14:39:10.147, 1, NVIDIA RTX PRO 6000 Blackwell Server Edition, P0, 0, 0, 0, 97887, 49.02, 34, 180, 12481
2026/09/15 14:39:10.149, 2, NVIDIA RTX PRO 6000 Blackwell Server Edition, P0, 0, 0, 0, 97887, 50.78, 34, 180, 12481
2026/09/15 14:39:10.152, 3, NVIDIA RTX PRO 6000 Blackwell Server Edition, P0, 0, 0, 0, 97887, 48.60, 34, 180, 12481
2026/09/15 14:39:10.154, 4, NVIDIA RTX PRO 6000 Blackwell Server Edition, P0, 0, 0, 0, 97887, 48.17, 34, 180, 12481
2026/09/15 14:39:10.156, 5, NVIDIA RTX PRO 6000 Blackwell Server Edition, P0, 0, 0, 0, 97887, 48.70, 34, 180, 12481
2026/09/15 14:39:10.158, 6, NVIDIA RTX PRO 6000 Blackwell Server Edition, P0, 0, 0, 0, 97887, 48.55, 34, 180, 12481
2026/09/15 14:39:10.160, 7, NVIDIA RTX PRO 6000 Blackwell Server Edition, P0, 0, 0, 0, 97887, 47.08, 34, 180, 12481
2026/09/15 14:39:11.229, 0, NVIDIA RTX PRO 6000 Blackwell Server Edition, P0, 0, 0, 0, 97887, 48.78, 34, 180, 12481
2026/09/15 14:39:11.231, 1, NVIDIA RTX PRO 6000 Blackwell Server Edition, P0, 0, 0, 0, 97887, 49.02, 34, 180, 12481
2026/09/15 14:39:11.233, 2, NVIDIA RTX PRO 6000 Blackwell Server Edition, P0, 0, 0, 0, 97887, 50.79, 34, 180, 12481
2026/09/15 14:39:11.236, 3, NVIDIA RTX PRO 6000 Blackwell Server Edition, P0, 0, 0, 0, 97887, 48.60, 34, 180, 12481
2026/09/15 14:39:11.238, 4, NVIDIA RTX PRO 6000 Blackwell Server Edition, P0, 0, 0, 0, 97887, 48.15, 34, 180, 12481
2026/09/15 14:39:11.240, 5, NVIDIA RTX PRO 6000 Blackwell Server Edition, P0, 0, 0, 0, 97887, 48.76, 34, 180, 12481
2026/09/15 14:39:11.242, 6, NVIDIA RTX PRO 6000 Blackwell Server Edition, P0, 0, 0, 0, 97887, 48.54, 34, 180, 12481
2026/09/15 14:39:11.244, 7, NVIDIA RTX PRO 6000 Blackwell Server Edition, P0, 0, 0, 0, 97887, 47.08, 34, 180, 12481
2026/09/15 14:39:12.314, 0, NVIDIA RTX PRO 6000 Blackwell Server Edition, P0, 0, 0, 0, 97887, 48.70, 34, 180, 12481
2026/09/15 14:39:12.316, 1, NVIDIA RTX PRO 6000 Blackwell Server Edition, P0, 0, 0, 0, 97887, 49.02, 34, 180, 12481
2026/09/15 14:39:12.318, 2, NVIDIA RTX PRO 6000 Blackwell Server Edition, P0, 0, 0, 0, 97887, 50.76, 34, 180, 12481
2026/09/15 14:39:12.320, 3, NVIDIA RTX PRO 6000 Blackwell Server Edition, P0, 0, 0, 0, 97887, 48.60, 34, 180, 12481
2026/09/15 14:39:12.322, 4, NVIDIA RTX PRO 6000 Blackwell Server Edition, P0, 0, 0, 0, 97887, 48.16, 34, 180, 12481
2026/09/15 14:39:12.325, 5, NVIDIA RTX PRO 6000 Blackwell Server Edition, P0, 0, 0, 0, 97887, 48.70, 34, 180, 12481
2026/09/15 14:39:12.327, 6, NVIDIA RTX PRO 6000 Blackwell Server Edition, P0, 0, 0, 0, 97887, 48.53, 34, 180, 12481
2026/09/15 14:39:12.329, 7, NVIDIA RTX PRO 6000 Blackwell Server Edition, P0, 0, 0, 0, 97887, 47.08, 34, 180, 12481
2026/09/15 14:39:13.400, 0, NVIDIA RTX PRO 6000 Blackwell Server Edition, P0, 0, 0, 0, 97887, 48.71, 34, 180, 12481
2026/09/15 14:39:13.402, 1, NVIDIA RTX PRO 6000 Blackwell Server Edition, P0, 0, 0, 0, 97887, 49.02, 34, 180, 12481
2026/09/15 14:39:13.404, 2, NVIDIA RTX PRO 6000 Blackwell Server Edition, P0, 0, 0, 0, 97887, 50.73, 34, 180, 12481
2026/09/15 14:39:13.406, 3, NVIDIA RTX PRO 6000 Blackwell Server Edition, P0, 0, 0, 0, 97887, 48.60, 34, 180, 12481
2026/09/15 14:39:13.409, 4, NVIDIA RTX PRO 6000 Blackwell Server Edition, P0, 0, 0, 0, 97887, 48.16, 34, 180, 12481
2026/09/15 14:39:13.411, 5, NVIDIA RTX PRO 6000 Blackwell Server Edition, P0, 0, 0, 0, 97887, 48.69, 34, 180, 12481
2026/09/15 14:39:13.413, 6, NVIDIA RTX PRO 6000 Blackwell Server Edition, P0, 0, 0, 0, 97887, 48.54, 34, 180, 12481
2026/09/15 14:39:13.415, 7, NVIDIA RTX PRO 6000 Blackwell Server Edition, P0, 0, 0, 0, 97887, 47.09, 34, 180, 12481
2026/09/15 14:39:14.486, 0, NVIDIA RTX PRO 6000 Blackwell Server Edition, P0, 0, 0, 0, 97887, 48.76, 34, 180, 12481
2026/09/15 14:39:14.488, 1, NVIDIA RTX PRO 6000 Blackwell Server Edition, P0, 0, 0, 0, 97887, 49.02, 34, 180, 12481
2026/09/15 14:39:14.491, 2, NVIDIA RTX PRO 6000 Blackwell Server Edition, P0, 0, 0, 0, 97887, 50.73, 34, 180, 12481
2026/09/15 14:39:14.493, 3, NVIDIA RTX PRO 6000 Blackwell Server Edition, P0, 0, 0, 0, 97887, 48.60, 34, 180, 12481
2026/09/15 14:39:14.495, 4, NVIDIA RTX PRO 6000 Blackwell Server Edition, P0, 0, 0, 0, 97887, 48.17, 34, 180, 12481
2026/09/15 14:39:14.497, 5, NVIDIA RTX PRO 6000 Blackwell Server Edition, P0, 0, 0, 0, 97887, 48.70, 34, 180, 12481
2026/09/15 14:39:14.500, 6, NVIDIA RTX PRO 6000 Blackwell Server Edition, P0, 0, 0, 0, 97887, 48.55, 34, 180, 12481
2026/09/15 14:39:14.502, 7, NVIDIA RTX PRO 6000 Blackwell Server Edition, P0, 0, 0, 0, 97887, 47.08, 34, 180, 12481
2026/09/15 14:39:15.573, 0, NVIDIA RTX PRO 6000 Blackwell Server Edition, P0, 0, 0, 0, 97887, 48.73, 34, 180, 12481
2026/09/15 14:39:15.575, 1, NVIDIA RTX PRO 6000 Blackwell Server Edition, P0, 0, 0, 0, 97887, 49.02, 34, 180, 12481
2026/09/15 14:39:15.577, 2, NVIDIA RTX PRO 6000 Blackwell Server Edition, P0, 0, 0, 0, 97887, 50.73, 34, 180, 12481
2026/09/15 14:39:15.579, 3, NVIDIA RTX PRO 6000 Blackwell Server Edition, P0, 0, 0, 0, 97887, 48.60, 34, 180, 12481
2026/09/15 14:39:15.582, 4, NVIDIA RTX PRO 6000 Blackwell Server Edition, P0, 0, 0, 0, 97887, 48.17, 34, 180, 12481
2026/09/15 14:39:15.584, 5, NVIDIA RTX PRO 6000 Blackwell Server Edition, P0, 0, 0, 0, 97887, 48.81, 34, 180, 12481
2026/09/15 14:39:15.586, 6, NVIDIA RTX PRO 6000 Blackwell Server Edition, P0, 0, 0, 0, 97887, 48.54, 34, 180, 12481
2026/09/15 14:39:15.588, 7, NVIDIA RTX PRO 6000 Blackwell Server Edition, P0, 0, 0, 0, 97887, 47.08, 34, 180, 12481
2026/09/15 14:39:16.657, 0, NVIDIA RTX PRO 6000 Blackwell Server Edition, P0, 0, 0, 0, 97887, 48.76, 34, 180, 12481
2026/09/15 14:39:16.660, 1, NVIDIA RTX PRO 6000 Blackwell Server Edition, P0, 0, 0, 0, 97887, 49.02, 34, 180, 12481
2026/09/15 14:39:16.662, 2, NVIDIA RTX PRO 6000 Blackwell Server Edition, P0, 0, 0, 0, 97887, 50.72, 34, 180, 12481
2026/09/15 14:39:16.664, 3, NVIDIA RTX PRO 6000 Blackwell Server Edition, P0, 0, 0, 0, 97887, 48.60, 34, 180, 12481
2026/09/15 14:39:16.666, 4, NVIDIA RTX PRO 6000 Blackwell Server Edition, P0, 0, 0, 0, 97887, 48.17, 34, 180, 12481
2026/09/15 14:39:16.669, 5, NVIDIA RTX PRO 6000 Blackwell Server Edition, P0, 0, 0, 0, 97887, 48.77, 34, 180, 12481
2026/09/15 14:39:16.671, 6, NVIDIA RTX PRO 6000 Blackwell Server Edition, P0, 0, 0, 0, 97887, 48.54, 34, 180, 12481
2026/09/15 14:39:16.673, 7, NVIDIA RTX PRO 6000 Blackwell Server Edition, P0, 0, 0, 0, 97887, 47.08, 34, 180, 12481
2026/09/15 14:39:17.742, 0, NVIDIA RTX PRO 6000 Blackwell Server Edition, P0, 0, 0, 0, 97887, 48.72, 34, 180, 12481
2026/09/15 14:39:17.744, 1, NVIDIA RTX PRO 6000 Blackwell Server Edition, P0, 0, 0, 0, 97887, 49.02, 34, 180, 12481
2026/09/15 14:39:17.746, 2, NVIDIA RTX PRO 6000 Blackwell Server Edition, P0, 0, 0, 0, 97887, 50.80, 34, 180, 12481
2026/09/15 14:39:17.749, 3, NVIDIA RTX PRO 6000 Blackwell Server Edition, P0, 0, 0, 0, 97887, 48.60, 34, 180, 12481
2026/09/15 14:39:17.751, 4, NVIDIA RTX PRO 6000 Blackwell Server Edition, P0, 0, 0, 0, 97887, 48.17, 34, 180, 12481
2026/09/15 14:39:17.753, 5, NVIDIA RTX PRO 6000 Blackwell Server Edition, P0, 0, 0, 0, 97887, 48.74, 34, 180, 12481
2026/09/15 14:39:17.755, 6, NVIDIA RTX PRO 6000 Blackwell Server Edition, P0, 0, 0, 0, 97887, 48.54, 34, 172, 12481
2026/09/15 14:39:17.757, 7, NVIDIA RTX PRO 6000 Blackwell Server Edition, P0, 0, 0, 0, 97887, 47.08, 34, 180, 12481
2026/09/15 14:39:18.826, 0, NVIDIA RTX PRO 6000 Blackwell Server Edition, P0, 0, 0, 0, 97887, 48.75, 34, 180, 12481
2026/09/15 14:39:18.828, 1, NVIDIA RTX PRO 6000 Blackwell Server Edition, P0, 0, 0, 0, 97887, 49.02, 34, 180, 12481
2026/09/15 14:39:18.830, 2, NVIDIA RTX PRO 6000 Blackwell Server Edition, P0, 0, 0, 0, 97887, 50.74, 34, 180, 12481
2026/09/15 14:39:18.833, 3, NVIDIA RTX PRO 6000 Blackwell Server Edition, P0, 0, 0, 0, 97887, 48.60, 34, 180, 12481
2026/09/15 14:39:18.835, 4, NVIDIA RTX PRO 6000 Blackwell Server Edition, P0, 0, 0, 0, 97887, 48.17, 34, 180, 12481
2026/09/15 14:39:18.837, 5, NVIDIA RTX PRO 6000 Blackwell Server Edition, P0, 0, 0, 0, 97887, 48.78, 34, 180, 12481
2026/09/15 14:39:18.839, 6, NVIDIA RTX PRO 6000 Blackwell Server Edition, P0, 0, 0, 0, 97887, 48.54, 34, 180, 12481
2026/09/15 14:39:18.841, 7, NVIDIA RTX PRO 6000 Blackwell Server Edition, P0, 0, 0, 0, 97887, 47.08, 34, 180, 12481
2026/09/15 14:39:19.913, 0, NVIDIA RTX PRO 6000 Blackwell Server Edition, P0, 0, 0, 0, 97887, 48.69, 34, 180, 12481
2026/09/15 14:39:19.915, 1, NVIDIA RTX PRO 6000 Blackwell Server Edition, P0, 0, 0, 0, 97887, 49.02, 34, 180, 12481
2026/09/15 14:39:19.917, 2, NVIDIA RTX PRO 6000 Blackwell Server Edition, P0, 0, 0, 0, 97887, 50.76, 34, 180, 12481
2026/09/15 14:39:19.919, 3, NVIDIA RTX PRO 6000 Blackwell Server Edition, P0, 0, 0, 0, 97887, 48.60, 34, 180, 12481
2026/09/15 14:39:19.922, 4, NVIDIA RTX PRO 6000 Blackwell Server Edition, P0, 0, 0, 0, 97887, 48.16, 34, 180, 12481
2026/09/15 14:39:19.924, 5, NVIDIA RTX PRO 6000 Blackwell Server Edition, P0, 0, 0, 0, 97887, 48.75, 34, 180, 12481
2026/09/15 14:39:19.926, 6, NVIDIA RTX PRO 6000 Blackwell Server Edition, P0, 0, 0, 0, 97887, 48.53, 34, 180, 12481
2026/09/15 14:39:19.928, 7, NVIDIA RTX PRO 6000 Blackwell Server Edition, P0, 0, 0, 0, 97887, 47.08, 34, 180, 12481
2026/09/15 14:39:21.000, 0, NVIDIA RTX PRO 6000 Blackwell Server Edition, P0, 0, 0, 0, 97887, 48.72, 34, 180, 12481
2026/09/15 14:39:21.002, 1, NVIDIA RTX PRO 6000 Blackwell Server Edition, P0, 0, 0, 0, 97887, 49.02, 34, 180, 12481
2026/09/15 14:39:21.004, 2, NVIDIA RTX PRO 6000 Blackwell Server Edition, P0, 0, 0, 0, 97887, 50.73, 34, 180, 12481
2026/09/15 14:39:21.006, 3, NVIDIA RTX PRO 6000 Blackwell Server Edition, P0, 0, 0, 0, 97887, 48.60, 34, 180, 12481
2026/09/15 14:39:21.008, 4, NVIDIA RTX PRO 6000 Blackwell Server Edition, P0, 0, 0, 0, 97887, 48.16, 34, 180, 12481
2026/09/15 14:39:21.011, 5, NVIDIA RTX PRO 6000 Blackwell Server Edition, P0, 0, 0, 0, 97887, 48.72, 34, 180, 12481
2026/09/15 14:39:21.013, 6, NVIDIA RTX PRO 6000 Blackwell Server Edition, P0, 0, 0, 0, 97887, 48.54, 34, 180, 12481
2026/09/15 14:39:21.015, 7, NVIDIA RTX PRO 6000 Blackwell Server Edition, P0, 0, 0, 0, 97887, 47.08, 34, 180, 12481
2026/09/15 14:39:22.086, 0, NVIDIA RTX PRO 6000 Blackwell Server Edition, P0, 0, 0, 0, 97887, 48.75, 34, 180, 12481
2026/09/15 14:39:22.088, 1, NVIDIA RTX PRO 6000 Blackwell Server Edition, P0, 0, 0, 0, 97887, 49.02, 34, 180, 12481
2026/09/15 14:39:22.090, 2, NVIDIA RTX PRO 6000 Blackwell Server Edition, P0, 0, 0, 0, 97887, 50.74, 34, 180, 12481
2026/09/15 14:39:22.093, 3, NVIDIA RTX PRO 6000 Blackwell Server Edition, P0, 0, 0, 0, 97887, 48.60, 34, 180, 12481
2026/09/15 14:39:22.095, 4, NVIDIA RTX PRO 6000 Blackwell Server Edition, P0, 0, 0, 0, 97887, 48.16, 34, 180, 12481
2026/09/15 14:39:22.097, 5, NVIDIA RTX PRO 6000 Blackwell Server Edition, P0, 0, 0, 0, 97887, 48.75, 34, 180, 12481
2026/09/15 14:39:22.099, 6, NVIDIA RTX PRO 6000 Blackwell Server Edition, P0, 0, 0, 0, 97887, 48.54, 34, 180, 12481
2026/09/15 14:39:22.101, 7, NVIDIA RTX PRO 6000 Blackwell Server Edition, P0, 0, 0, 0, 97887, 47.08, 34, 180, 12481
2026/09/15 14:39:23.170, 0, NVIDIA RTX PRO 6000 Blackwell Server Edition, P0, 0, 0, 0, 97887, 48.76, 34, 180, 12481
2026/09/15 14:39:23.173, 1, NVIDIA RTX PRO 6000 Blackwell Server Edition, P0, 0, 0, 0, 97887, 49.02, 34, 180, 12481
2026/09/15 14:39:23.175, 2, NVIDIA RTX PRO 6000 Blackwell Server Edition, P0, 0, 0, 0, 97887, 50.71, 34, 180, 12481
2026/09/15 14:39:23.177, 3, NVIDIA RTX PRO 6000 Blackwell Server Edition, P0, 0, 0, 0, 97887, 48.60, 34, 180, 12481
2026/09/15 14:39:23.179, 4, NVIDIA RTX PRO 6000 Blackwell Server Edition, P0, 0, 0, 0, 97887, 48.15, 34, 180, 12481
2026/09/15 14:39:23.181, 5, NVIDIA RTX PRO 6000 Blackwell Server Edition, P0, 0, 0, 0, 97887, 48.77, 34, 180, 12481
2026/09/15 14:39:23.184, 6, NVIDIA RTX PRO 6000 Blackwell Server Edition, P0, 0, 0, 0, 97887, 48.53, 34, 180, 12481
2026/09/15 14:39:23.186, 7, NVIDIA RTX PRO 6000 Blackwell Server Edition, P0, 0, 0, 0, 97887, 47.09, 34, 180, 12481
2026/09/15 14:39:24.256, 0, NVIDIA RTX PRO 6000 Blackwell Server Edition, P0, 0, 0, 0, 97887, 48.77, 34, 180, 12481
2026/09/15 14:39:24.258, 1, NVIDIA RTX PRO 6000 Blackwell Server Edition, P0, 0, 0, 0, 97887, 49.02, 34, 180, 12481
2026/09/15 14:39:24.261, 2, NVIDIA RTX PRO 6000 Blackwell Server Edition, P0, 0, 0, 0, 97887, 50.71, 34, 180, 12481
2026/09/15 14:39:24.263, 3, NVIDIA RTX PRO 6000 Blackwell Server Edition, P0, 0, 0, 0, 97887, 48.60, 34, 180, 12481
2026/09/15 14:39:24.265, 4, NVIDIA RTX PRO 6000 Blackwell Server Edition, P0, 0, 0, 0, 97887, 48.17, 34, 180, 12481
2026/09/15 14:39:24.267, 5, NVIDIA RTX PRO 6000 Blackwell Server Edition, P0, 0, 0, 0, 97887, 48.74, 34, 180, 12481
2026/09/15 14:39:24.269, 6, NVIDIA RTX PRO 6000 Blackwell Server Edition, P0, 0, 0, 0, 97887, 48.55, 34, 180, 12481
2026/09/15 14:39:24.272, 7, NVIDIA RTX PRO 6000 Blackwell Server Edition, P0, 0, 0, 0, 97887, 47.09, 34, 180, 12481
2026/09/15 14:39:25.340, 0, NVIDIA RTX PRO 6000 Blackwell Server Edition, P0, 0, 0, 0, 97887, 48.89, 34, 180, 12481
2026/09/15 14:39:25.343, 1, NVIDIA RTX PRO 6000 Blackwell Server Edition, P0, 0, 0, 0, 97887, 49.03, 34, 180, 12481
2026/09/15 14:39:25.345, 2, NVIDIA RTX PRO 6000 Blackwell Server Edition, P0, 0, 0, 0, 97887, 50.77, 34, 180, 12481
2026/09/15 14:39:25.347, 3, NVIDIA RTX PRO 6000 Blackwell Server Edition, P0, 0, 0, 0, 97887, 48.59, 34, 180, 12481
2026/09/15 14:39:25.349, 4, NVIDIA RTX PRO 6000 Blackwell Server Edition, P0, 0, 0, 0, 97887, 48.17, 34, 180, 12481
2026/09/15 14:39:25.351, 5, NVIDIA RTX PRO 6000 Blackwell Server Edition, P0, 0, 0, 0, 97887, 48.77, 34, 180, 12481
2026/09/15 14:39:25.354, 6, NVIDIA RTX PRO 6000 Blackwell Server Edition, P0, 0, 0, 0, 97887, 48.53, 34, 180, 12481
2026/09/15 14:39:25.356, 7, NVIDIA RTX PRO 6000 Blackwell Server Edition, P0, 0, 0, 0, 97887, 47.08, 34, 180, 12481
2026/09/15 14:39:26.426, 0, NVIDIA RTX PRO 6000 Blackwell Server Edition, P0, 0, 0, 0, 97887, 48.88, 34, 180, 12481
2026/09/15 14:39:26.428, 1, NVIDIA RTX PRO 6000 Blackwell Server Edition, P0, 0, 0, 0, 97887, 49.03, 34, 180, 12481
2026/09/15 14:39:26.431, 2, NVIDIA RTX PRO 6000 Blackwell Server Edition, P0, 0, 0, 0, 97887, 50.77, 34, 180, 12481
2026/09/15 14:39:26.433, 3, NVIDIA RTX PRO 6000 Blackwell Server Edition, P0, 0, 0, 0, 97887, 48.59, 34, 180, 12481
2026/09/15 14:39:26.435, 4, NVIDIA RTX PRO 6000 Blackwell Server Edition, P0, 0, 0, 0, 97887, 48.16, 34, 180, 12481
2026/09/15 14:39:26.437, 5, NVIDIA RTX PRO 6000 Blackwell Server Edition, P0, 0, 0, 0, 97887, 48.71, 34, 180, 12481
2026/09/15 14:39:26.440, 6, NVIDIA RTX PRO 6000 Blackwell Server Edition, P0, 0, 0, 0, 97887, 48.54, 34, 180, 12481
2026/09/15 14:39:26.442, 7, NVIDIA RTX PRO 6000 Blackwell Server Edition, P0, 0, 0, 0, 97887, 47.08, 34, 180, 12481
2026/09/15 14:39:27.516, 0, NVIDIA RTX PRO 6000 Blackwell Server Edition, P0, 0, 0, 0, 97887, 48.91, 34, 180, 12481
2026/09/15 14:39:27.518, 1, NVIDIA RTX PRO 6000 Blackwell Server Edition, P0, 0, 0, 0, 97887, 49.03, 34, 180, 12481
2026/09/15 14:39:27.521, 2, NVIDIA RTX PRO 6000 Blackwell Server Edition, P0, 0, 0, 0, 97887, 50.76, 34, 180, 12481
2026/09/15 14:39:27.523, 3, NVIDIA RTX PRO 6000 Blackwell Server Edition, P0, 0, 0, 0, 97887, 48.60, 34, 180, 12481
2026/09/15 14:39:27.525, 4, NVIDIA RTX PRO 6000 Blackwell Server Edition, P0, 0, 0, 0, 97887, 48.16, 34, 180, 12481
2026/09/15 14:39:27.527, 5, NVIDIA RTX PRO 6000 Blackwell Server Edition, P0, 0, 0, 0, 97887, 48.74, 34, 180, 12481
2026/09/15 14:39:27.529, 6, NVIDIA RTX PRO 6000 Blackwell Server Edition, P0, 0, 0, 0, 97887, 48.54, 34, 180, 12481
2026/09/15 14:39:27.532, 7, NVIDIA RTX PRO 6000 Blackwell Server Edition, P0, 0, 0, 0, 97887, 47.08, 34, 180, 12481
2026/09/15 14:39:28.602, 0, NVIDIA RTX PRO 6000 Blackwell Server Edition, P0, 0, 0, 0, 97887, 48.86, 34, 180, 12481
2026/09/15 14:39:28.604, 1, NVIDIA RTX PRO 6000 Blackwell Server Edition, P0, 0, 0, 0, 97887, 49.02, 34, 180, 12481
2026/09/15 14:39:28.606, 2, NVIDIA RTX PRO 6000 Blackwell Server Edition, P0, 0, 0, 0, 97887, 50.82, 34, 180, 12481
2026/09/15 14:39:28.608, 3, NVIDIA RTX PRO 6000 Blackwell Server Edition, P0, 0, 0, 0, 97887, 48.60, 34, 180, 12481
2026/09/15 14:39:28.611, 4, NVIDIA RTX PRO 6000 Blackwell Server Edition, P0, 0, 0, 0, 97887, 48.17, 34, 180, 12481
2026/09/15 14:39:28.613, 5, NVIDIA RTX PRO 6000 Blackwell Server Edition, P0, 0, 0, 0, 97887, 48.72, 34, 180, 12481
2026/09/15 14:39:28.615, 6, NVIDIA RTX PRO 6000 Blackwell Server Edition, P0, 0, 0, 0, 97887, 48.54, 34, 180, 12481
2026/09/15 14:39:28.617, 7, NVIDIA RTX PRO 6000 Blackwell Server Edition, P0, 0, 0, 0, 97887, 47.08, 34, 180, 12481
2026/09/15 14:39:29.689, 0, NVIDIA RTX PRO 6000 Blackwell Server Edition, P0, 0, 0, 0, 97887, 48.88, 34, 180, 12481
2026/09/15 14:39:29.692, 1, NVIDIA RTX PRO 6000 Blackwell Server Edition, P0, 0, 0, 0, 97887, 49.02, 34, 180, 12481
2026/09/15 14:39:29.694, 2, NVIDIA RTX PRO 6000 Blackwell Server Edition, P0, 0, 0, 0, 97887, 50.80, 34, 180, 12481
2026/09/15 14:39:29.696, 3, NVIDIA RTX PRO 6000 Blackwell Server Edition, P0, 0, 0, 0, 97887, 48.59, 34, 180, 12481
2026/09/15 14:39:29.698, 4, NVIDIA RTX PRO 6000 Blackwell Server Edition, P0, 0, 0, 0, 97887, 48.17, 34, 180, 12481
2026/09/15 14:39:29.701, 5, NVIDIA RTX PRO 6000 Blackwell Server Edition, P0, 0, 0, 0, 97887, 48.80, 34, 180, 12481
2026/09/15 14:39:29.703, 6, NVIDIA RTX PRO 6000 Blackwell Server Edition, P0, 0, 0, 0, 97887, 48.54, 34, 180, 12481
2026/09/15 14:39:29.705, 7, NVIDIA RTX PRO 6000 Blackwell Server Edition, P0, 0, 0, 0, 97887, 47.08, 34, 180, 12481
2026/09/15 14:39:30.775, 0, NVIDIA RTX PRO 6000 Blackwell Server Edition, P0, 0, 0, 0, 97887, 48.88, 34, 172, 12481
2026/09/15 14:39:30.777, 1, NVIDIA RTX PRO 6000 Blackwell Server Edition, P0, 0, 0, 0, 97887, 49.02, 34, 180, 12481
2026/09/15 14:39:30.779, 2, NVIDIA RTX PRO 6000 Blackwell Server Edition, P0, 0, 0, 0, 97887, 50.69, 34, 180, 12481
2026/09/15 14:39:30.781, 3, NVIDIA RTX PRO 6000 Blackwell Server Edition, P0, 0, 0, 0, 97887, 48.60, 34, 180, 12481
2026/09/15 14:39:30.784, 4, NVIDIA RTX PRO 6000 Blackwell Server Edition, P0, 0, 0, 0, 97887, 48.17, 34, 180, 12481
2026/09/15 14:39:30.786, 5, NVIDIA RTX PRO 6000 Blackwell Server Edition, P0, 0, 0, 0, 97887, 48.76, 34, 180, 12481
2026/09/15 14:39:30.788, 6, NVIDIA RTX PRO 6000 Blackwell Server Edition, P0, 0, 0, 0, 97887, 48.54, 34, 180, 12481
2026/09/15 14:39:30.790, 7, NVIDIA RTX PRO 6000 Blackwell Server Edition, P0, 0, 0, 0, 97887, 47.08, 34, 180, 12481
2026/09/15 14:39:31.860, 0, NVIDIA RTX PRO 6000 Blackwell Server Edition, P0, 0, 0, 0, 97887, 48.84, 34, 180, 12481
2026/09/15 14:39:31.863, 1, NVIDIA RTX PRO 6000 Blackwell Server Edition, P0, 0, 0, 0, 97887, 49.02, 34, 180, 12481
2026/09/15 14:39:31.865, 2, NVIDIA RTX PRO 6000 Blackwell Server Edition, P0, 0, 0, 0, 97887, 50.81, 34, 180, 12481
2026/09/15 14:39:31.867, 3, NVIDIA RTX PRO 6000 Blackwell Server Edition, P0, 0, 0, 0, 97887, 48.60, 34, 180, 12481
2026/09/15 14:39:31.869, 4, NVIDIA RTX PRO 6000 Blackwell Server Edition, P0, 0, 0, 0, 97887, 48.15, 34, 180, 12481
2026/09/15 14:39:31.872, 5, NVIDIA RTX PRO 6000 Blackwell Server Edition, P0, 0, 0, 0, 97887, 48.73, 34, 180, 12481
2026/09/15 14:39:31.874, 6, NVIDIA RTX PRO 6000 Blackwell Server Edition, P0, 0, 0, 0, 97887, 48.54, 34, 180, 12481
2026/09/15 14:39:31.876, 7, NVIDIA RTX PRO 6000 Blackwell Server Edition, P0, 0, 0, 0, 97887, 47.08, 34, 180, 12481
2026/09/15 14:39:32.948, 0, NVIDIA RTX PRO 6000 Blackwell Server Edition, P0, 0, 0, 0, 97887, 48.89, 34, 180, 12481
2026/09/15 14:39:32.950, 1, NVIDIA RTX PRO 6000 Blackwell Server Edition, P0, 0, 0, 0, 97887, 49.02, 34, 180, 12481
2026/09/15 14:39:32.953, 2, NVIDIA RTX PRO 6000 Blackwell Server Edition, P0, 0, 0, 0, 97887, 50.76, 34, 180, 12481
2026/09/15 14:39:32.955, 3, NVIDIA RTX PRO 6000 Blackwell Server Edition, P0, 0, 0, 0, 97887, 48.60, 34, 180, 12481
2026/09/15 14:39:32.958, 4, NVIDIA RTX PRO 6000 Blackwell Server Edition, P0, 0, 0, 0, 97887, 48.17, 34, 180, 12481
2026/09/15 14:39:32.960, 5, NVIDIA RTX PRO 6000 Blackwell Server Edition, P0, 0, 0, 0, 97887, 48.77, 34, 180, 12481
2026/09/15 14:39:32.962, 6, NVIDIA RTX PRO 6000 Blackwell Server Edition, P0, 0, 0, 0, 97887, 48.54, 34, 180, 12481
2026/09/15 14:39:32.964, 7, NVIDIA RTX PRO 6000 Blackwell Server Edition, P0, 0, 0, 0, 97887, 47.08, 34, 180, 12481
2026/09/15 14:39:34.036, 0, NVIDIA RTX PRO 6000 Blackwell Server Edition, P0, 0, 0, 0, 97887, 48.82, 34, 180, 12481
2026/09/15 14:39:34.038, 1, NVIDIA RTX PRO 6000 Blackwell Server Edition, P0, 0, 0, 0, 97887, 49.03, 34, 180, 12481
2026/09/15 14:39:34.040, 2, NVIDIA RTX PRO 6000 Blackwell Server Edition, P0, 0, 0, 0, 97887, 50.74, 34, 180, 12481
2026/09/15 14:39:34.042, 3, NVIDIA RTX PRO 6000 Blackwell Server Edition, P0, 0, 0, 0, 97887, 48.60, 34, 180, 12481
2026/09/15 14:39:34.045, 4, NVIDIA RTX PRO 6000 Blackwell Server Edition, P0, 0, 0, 0, 97887, 48.17, 34, 180, 12481
2026/09/15 14:39:34.047, 5, NVIDIA RTX PRO 6000 Blackwell Server Edition, P0, 0, 0, 0, 97887, 48.75, 34, 180, 12481
2026/09/15 14:39:34.049, 6, NVIDIA RTX PRO 6000 Blackwell Server Edition, P0, 0, 0, 0, 97887, 48.54, 34, 180, 12481
2026/09/15 14:39:34.051, 7, NVIDIA RTX PRO 6000 Blackwell Server Edition, P0, 0, 0, 0, 97887, 47.08, 34, 180, 12481
2026/09/15 14:39:35.122, 0, NVIDIA RTX PRO 6000 Blackwell Server Edition, P0, 0, 0, 0, 97887, 48.76, 34, 180, 12481
2026/09/15 14:39:35.125, 1, NVIDIA RTX PRO 6000 Blackwell Server Edition, P0, 0, 0, 0, 97887, 49.02, 34, 180, 12481
2026/09/15 14:39:35.127, 2, NVIDIA RTX PRO 6000 Blackwell Server Edition, P0, 0, 0, 0, 97887, 50.73, 34, 172, 12481
2026/09/15 14:39:35.129, 3, NVIDIA RTX PRO 6000 Blackwell Server Edition, P0, 0, 0, 0, 97887, 48.60, 34, 180, 12481
2026/09/15 14:39:35.131, 4, NVIDIA RTX PRO 6000 Blackwell Server Edition, P0, 0, 0, 0, 97887, 48.16, 34, 180, 12481
2026/09/15 14:39:35.133, 5, NVIDIA RTX PRO 6000 Blackwell Server Edition, P0, 0, 0, 0, 97887, 48.74, 34, 180, 12481
2026/09/15 14:39:35.136, 6, NVIDIA RTX PRO 6000 Blackwell Server Edition, P0, 0, 0, 0, 97887, 48.54, 34, 180, 12481
2026/09/15 14:39:35.139, 7, NVIDIA RTX PRO 6000 Blackwell Server Edition, P0, 0, 0, 0, 97887, 47.08, 34, 180, 12481
2026/09/15 14:39:36.210, 0, NVIDIA RTX PRO 6000 Blackwell Server Edition, P0, 0, 0, 0, 97887, 48.79, 34, 180, 12481
2026/09/15 14:39:36.212, 1, NVIDIA RTX PRO 6000 Blackwell Server Edition, P0, 0, 0, 0, 97887, 49.02, 34, 180, 12481
2026/09/15 14:39:36.214, 2, NVIDIA RTX PRO 6000 Blackwell Server Edition, P0, 0, 0, 0, 97887, 50.76, 34, 180, 12481
2026/09/15 14:39:36.216, 3, NVIDIA RTX PRO 6000 Blackwell Server Edition, P0, 0, 0, 0, 97887, 48.60, 34, 180, 12481
2026/09/15 14:39:36.218, 4, NVIDIA RTX PRO 6000 Blackwell Server Edition, P0, 0, 0, 0, 97887, 48.17, 34, 180, 12481
2026/09/15 14:39:36.221, 5, NVIDIA RTX PRO 6000 Blackwell Server Edition, P0, 0, 0, 0, 97887, 48.73, 34, 180, 12481
2026/09/15 14:39:36.223, 6, NVIDIA RTX PRO 6000 Blackwell Server Edition, P0, 0, 0, 0, 97887, 48.53, 34, 180, 12481
2026/09/15 14:39:36.225, 7, NVIDIA RTX PRO 6000 Blackwell Server Edition, P0, 0, 0, 0, 97887, 47.08, 34, 180, 12481
2026/09/15 14:39:37.296, 0, NVIDIA RTX PRO 6000 Blackwell Server Edition, P0, 0, 0, 0, 97887, 48.71, 34, 180, 12481
2026/09/15 14:39:37.299, 1, NVIDIA RTX PRO 6000 Blackwell Server Edition, P0, 0, 0, 0, 97887, 49.03, 34, 180, 12481
2026/09/15 14:39:37.301, 2, NVIDIA RTX PRO 6000 Blackwell Server Edition, P0, 0, 0, 0, 97887, 50.68, 34, 180, 12481
2026/09/15 14:39:37.303, 3, NVIDIA RTX PRO 6000 Blackwell Server Edition, P0, 0, 0, 0, 97887, 48.60, 34, 180, 12481
2026/09/15 14:39:37.305, 4, NVIDIA RTX PRO 6000 Blackwell Server Edition, P0, 0, 0, 0, 97887, 48.17, 34, 180, 12481
2026/09/15 14:39:37.307, 5, NVIDIA RTX PRO 6000 Blackwell Server Edition, P0, 0, 0, 0, 97887, 48.70, 34, 180, 12481
2026/09/15 14:39:37.309, 6, NVIDIA RTX PRO 6000 Blackwell Server Edition, P0, 0, 0, 0, 97887, 48.53, 34, 180, 12481
2026/09/15 14:39:37.312, 7, NVIDIA RTX PRO 6000 Blackwell Server Edition, P0, 0, 0, 0, 97887, 47.08, 34, 180, 12481
2026/09/15 14:39:38.382, 0, NVIDIA RTX PRO 6000 Blackwell Server Edition, P0, 0, 0, 0, 97887, 48.79, 34, 180, 12481
2026/09/15 14:39:38.384, 1, NVIDIA RTX PRO 6000 Blackwell Server Edition, P0, 0, 0, 0, 97887, 49.02, 34, 180, 12481
2026/09/15 14:39:38.386, 2, NVIDIA RTX PRO 6000 Blackwell Server Edition, P0, 0, 0, 0, 97887, 50.73, 34, 180, 12481
2026/09/15 14:39:38.388, 3, NVIDIA RTX PRO 6000 Blackwell Server Edition, P0, 0, 0, 0, 97887, 48.60, 34, 172, 12481
2026/09/15 14:39:38.390, 4, NVIDIA RTX PRO 6000 Blackwell Server Edition, P0, 0, 0, 0, 97887, 48.17, 34, 180, 12481
2026/09/15 14:39:38.393, 5, NVIDIA RTX PRO 6000 Blackwell Server Edition, P0, 0, 0, 0, 97887, 48.69, 34, 180, 12481
2026/09/15 14:39:38.395, 6, NVIDIA RTX PRO 6000 Blackwell Server Edition, P0, 0, 0, 0, 97887, 48.53, 34, 180, 12481
2026/09/15 14:39:38.397, 7, NVIDIA RTX PRO 6000 Blackwell Server Edition, P0, 0, 0, 0, 97887, 47.08, 34, 180, 12481
2026/09/15 14:39:39.466, 0, NVIDIA RTX PRO 6000 Blackwell Server Edition, P0, 0, 0, 0, 97887, 48.73, 34, 180, 12481
2026/09/15 14:39:39.468, 1, NVIDIA RTX PRO 6000 Blackwell Server Edition, P0, 0, 0, 0, 97887, 49.02, 34, 180, 12481
2026/09/15 14:39:39.470, 2, NVIDIA RTX PRO 6000 Blackwell Server Edition, P0, 0, 0, 0, 97887, 50.73, 34, 180, 12481
2026/09/15 14:39:39.473, 3, NVIDIA RTX PRO 6000 Blackwell Server Edition, P0, 0, 0, 0, 97887, 48.60, 34, 180, 12481
2026/09/15 14:39:39.475, 4, NVIDIA RTX PRO 6000 Blackwell Server Edition, P0, 0, 0, 0, 97887, 48.16, 34, 180, 12481
2026/09/15 14:39:39.477, 5, NVIDIA RTX PRO 6000 Blackwell Server Edition, P0, 0, 0, 0, 97887, 48.74, 34, 180, 12481
2026/09/15 14:39:39.479, 6, NVIDIA RTX PRO 6000 Blackwell Server Edition, P0, 0, 0, 0, 97887, 48.53, 34, 180, 12481
2026/09/15 14:39:39.481, 7, NVIDIA RTX PRO 6000 Blackwell Server Edition, P0, 0, 0, 0, 97887, 47.08, 34, 180, 12481
2026/09/15 14:39:40.552, 0, NVIDIA RTX PRO 6000 Blackwell Server Edition, P0, 0, 0, 0, 97887, 48.75, 34, 180, 12481
2026/09/15 14:39:40.554, 1, NVIDIA RTX PRO 6000 Blackwell Server Edition, P0, 0, 0, 0, 97887, 49.02, 34, 180, 12481
2026/09/15 14:39:40.557, 2, NVIDIA RTX PRO 6000 Blackwell Server Edition, P0, 0, 0, 0, 97887, 50.70, 34, 180, 12481
2026/09/15 14:39:40.560, 3, NVIDIA RTX PRO 6000 Blackwell Server Edition, P0, 0, 0, 0, 97887, 48.60, 34, 180, 12481
2026/09/15 14:39:40.562, 4, NVIDIA RTX PRO 6000 Blackwell Server Edition, P0, 0, 0, 0, 97887, 48.16, 34, 180, 12481
2026/09/15 14:39:40.564, 5, NVIDIA RTX PRO 6000 Blackwell Server Edition, P0, 0, 0, 0, 97887, 48.71, 34, 180, 12481
2026/09/15 14:39:40.566, 6, NVIDIA RTX PRO 6000 Blackwell Server Edition, P0, 0, 0, 0, 97887, 48.53, 34, 180, 12481
2026/09/15 14:39:40.568, 7, NVIDIA RTX PRO 6000 Blackwell Server Edition, P0, 0, 0, 0, 97887, 47.08, 34, 180, 12481
2026/09/15 14:39:41.639, 0, NVIDIA RTX PRO 6000 Blackwell Server Edition, P0, 0, 0, 0, 97887, 48.82, 34, 180, 12481
2026/09/15 14:39:41.642, 1, NVIDIA RTX PRO 6000 Blackwell Server Edition, P0, 0, 0, 0, 97887, 49.02, 34, 180, 12481
2026/09/15 14:39:41.644, 2, NVIDIA RTX PRO 6000 Blackwell Server Edition, P0, 0, 0, 0, 97887, 50.81, 34, 180, 12481
2026/09/15 14:39:41.646, 3, NVIDIA RTX PRO 6000 Blackwell Server Edition, P0, 0, 0, 0, 97887, 48.61, 34, 180, 12481
2026/09/15 14:39:41.648, 4, NVIDIA RTX PRO 6000 Blackwell Server Edition, P0, 0, 0, 0, 97887, 48.15, 34, 180, 12481
2026/09/15 14:39:41.651, 5, NVIDIA RTX PRO 6000 Blackwell Server Edition, P0, 0, 0, 0, 97887, 48.78, 34, 180, 12481
2026/09/15 14:39:41.653, 6, NVIDIA RTX PRO 6000 Blackwell Server Edition, P0, 0, 0, 0, 97887, 48.53, 34, 180, 12481
2026/09/15 14:39:41.655, 7, NVIDIA RTX PRO 6000 Blackwell Server Edition, P0, 0, 0, 0, 97887, 47.08, 34, 180, 12481
2026/09/15 14:39:42.727, 0, NVIDIA RTX PRO 6000 Blackwell Server Edition, P0, 0, 0, 0, 97887, 48.75, 34, 180, 12481
2026/09/15 14:39:42.729, 1, NVIDIA RTX PRO 6000 Blackwell Server Edition, P0, 0, 0, 0, 97887, 49.02, 34, 180, 12481
2026/09/15 14:39:42.731, 2, NVIDIA RTX PRO 6000 Blackwell Server Edition, P0, 0, 0, 0, 97887, 50.79, 34, 180, 12481
2026/09/15 14:39:42.733, 3, NVIDIA RTX PRO 6000 Blackwell Server Edition, P0, 0, 0, 0, 97887, 48.60, 34, 180, 12481
2026/09/15 14:39:42.736, 4, NVIDIA RTX PRO 6000 Blackwell Server Edition, P0, 0, 0, 0, 97887, 48.15, 34, 180, 12481
2026/09/15 14:39:42.738, 5, NVIDIA RTX PRO 6000 Blackwell Server Edition, P0, 0, 0, 0, 97887, 48.71, 34, 180, 12481
2026/09/15 14:39:42.741, 6, NVIDIA RTX PRO 6000 Blackwell Server Edition, P0, 0, 0, 0, 97887, 48.53, 34, 180, 12481
2026/09/15 14:39:42.743, 7, NVIDIA RTX PRO 6000 Blackwell Server Edition, P0, 0, 0, 0, 97887, 47.08, 34, 180, 12481
2026/09/15 14:39:43.813, 0, NVIDIA RTX PRO 6000 Blackwell Server Edition, P0, 0, 0, 0, 97887, 48.87, 34, 180, 12481
2026/09/15 14:39:43.815, 1, NVIDIA RTX PRO 6000 Blackwell Server Edition, P0, 0, 0, 0, 97887, 49.02, 34, 180, 12481
2026/09/15 14:39:43.818, 2, NVIDIA RTX PRO 6000 Blackwell Server Edition, P0, 0, 0, 0, 97887, 50.78, 34, 180, 12481
2026/09/15 14:39:43.820, 3, NVIDIA RTX PRO 6000 Blackwell Server Edition, P0, 0, 0, 0, 97887, 48.60, 34, 180, 12481
2026/09/15 14:39:43.822, 4, NVIDIA RTX PRO 6000 Blackwell Server Edition, P0, 0, 0, 0, 97887, 48.16, 34, 180, 12481
2026/09/15 14:39:43.824, 5, NVIDIA RTX PRO 6000 Blackwell Server Edition, P0, 0, 0, 0, 97887, 48.73, 34, 180, 12481
2026/09/15 14:39:43.826, 6, NVIDIA RTX PRO 6000 Blackwell Server Edition, P0, 0, 0, 0, 97887, 48.54, 34, 180, 12481
2026/09/15 14:39:43.829, 7, NVIDIA RTX PRO 6000 Blackwell Server Edition, P0, 0, 0, 0, 97887, 47.09, 34, 180, 12481
2026/09/15 14:39:44.898, 0, NVIDIA RTX PRO 6000 Blackwell Server Edition, P0, 0, 0, 0, 97887, 48.82, 34, 180, 12481
2026/09/15 14:39:44.901, 1, NVIDIA RTX PRO 6000 Blackwell Server Edition, P0, 0, 0, 0, 97887, 49.02, 34, 180, 12481
2026/09/15 14:39:44.903, 2, NVIDIA RTX PRO 6000 Blackwell Server Edition, P0, 0, 0, 0, 97887, 50.71, 34, 180, 12481
2026/09/15 14:39:44.905, 3, NVIDIA RTX PRO 6000 Blackwell Server Edition, P0, 0, 0, 0, 97887, 48.60, 34, 180, 12481
2026/09/15 14:39:44.907, 4, NVIDIA RTX PRO 6000 Blackwell Server Edition, P0, 0, 0, 0, 97887, 48.16, 34, 180, 12481
2026/09/15 14:39:44.909, 5, NVIDIA RTX PRO 6000 Blackwell Server Edition, P0, 0, 0, 0, 97887, 48.71, 34, 180, 12481
2026/09/15 14:39:44.912, 6, NVIDIA RTX PRO 6000 Blackwell Server Edition, P0, 0, 0, 0, 97887, 48.53, 34, 180, 12481
2026/09/15 14:39:44.914, 7, NVIDIA RTX PRO 6000 Blackwell Server Edition, P0, 0, 0, 0, 97887, 47.09, 34, 180, 12481
2026/09/15 14:39:45.985, 0, NVIDIA RTX PRO 6000 Blackwell Server Edition, P0, 0, 0, 0, 97887, 48.92, 34, 180, 12481
2026/09/15 14:39:45.987, 1, NVIDIA RTX PRO 6000 Blackwell Server Edition, P0, 0, 0, 0, 97887, 49.02, 34, 180, 12481
2026/09/15 14:39:45.990, 2, NVIDIA RTX PRO 6000 Blackwell Server Edition, P0, 0, 0, 0, 97887, 50.70, 34, 180, 12481
2026/09/15 14:39:45.992, 3, NVIDIA RTX PRO 6000 Blackwell Server Edition, P0, 0, 0, 0, 97887, 48.60, 34, 180, 12481
2026/09/15 14:39:45.994, 4, NVIDIA RTX PRO 6000 Blackwell Server Edition, P0, 0, 0, 0, 97887, 48.16, 34, 180, 12481
2026/09/15 14:39:45.996, 5, NVIDIA RTX PRO 6000 Blackwell Server Edition, P0, 0, 0, 0, 97887, 48.72, 34, 180, 12481
2026/09/15 14:39:45.998, 6, NVIDIA RTX PRO 6000 Blackwell Server Edition, P0, 0, 0, 0, 97887, 48.54, 34, 180, 12481
2026/09/15 14:39:46.001, 7, NVIDIA RTX PRO 6000 Blackwell Server Edition, P0, 0, 0, 0, 97887, 47.08, 34, 180, 12481
2026/09/15 14:39:47.070, 0, NVIDIA RTX PRO 6000 Blackwell Server Edition, P0, 0, 0, 0, 97887, 48.90, 34, 180, 12481
2026/09/15 14:39:47.072, 1, NVIDIA RTX PRO 6000 Blackwell Server Edition, P0, 0, 0, 0, 97887, 49.02, 34, 180, 12481
2026/09/15 14:39:47.074, 2, NVIDIA RTX PRO 6000 Blackwell Server Edition, P0, 0, 0, 0, 97887, 50.71, 34, 180, 12481
2026/09/15 14:39:47.077, 3, NVIDIA RTX PRO 6000 Blackwell Server Edition, P0, 0, 0, 0, 97887, 48.61, 34, 180, 12481
2026/09/15 14:39:47.079, 4, NVIDIA RTX PRO 6000 Blackwell Server Edition, P0, 0, 0, 0, 97887, 48.15, 34, 180, 12481
2026/09/15 14:39:47.081, 5, NVIDIA RTX PRO 6000 Blackwell Server Edition, P0, 0, 0, 0, 97887, 48.72, 34, 180, 12481
2026/09/15 14:39:47.083, 6, NVIDIA RTX PRO 6000 Blackwell Server Edition, P0, 0, 0, 0, 97887, 48.52, 34, 180, 12481
2026/09/15 14:39:47.085, 7, NVIDIA RTX PRO 6000 Blackwell Server Edition, P0, 0, 0, 0, 97887, 47.08, 34, 180, 12481
2026/09/15 14:39:48.155, 0, NVIDIA RTX PRO 6000 Blackwell Server Edition, P0, 0, 0, 0, 97887, 48.84, 34, 180, 12481
2026/09/15 14:39:48.158, 1, NVIDIA RTX PRO 6000 Blackwell Server Edition, P0, 0, 0, 0, 97887, 49.02, 34, 180, 12481
2026/09/15 14:39:48.160, 2, NVIDIA RTX PRO 6000 Blackwell Server Edition, P0, 0, 0, 0, 97887, 50.74, 34, 180, 12481
2026/09/15 14:39:48.162, 3, NVIDIA RTX PRO 6000 Blackwell Server Edition, P0, 0, 0, 0, 97887, 48.61, 34, 180, 12481
2026/09/15 14:39:48.165, 4, NVIDIA RTX PRO 6000 Blackwell Server Edition, P0, 0, 0, 0, 97887, 48.16, 34, 180, 12481
2026/09/15 14:39:48.167, 5, NVIDIA RTX PRO 6000 Blackwell Server Edition, P0, 0, 0, 0, 97887, 48.73, 34, 180, 12481
2026/09/15 14:39:48.169, 6, NVIDIA RTX PRO 6000 Blackwell Server Edition, P0, 0, 0, 0, 97887, 48.54, 34, 180, 12481
2026/09/15 14:39:48.171, 7, NVIDIA RTX PRO 6000 Blackwell Server Edition, P0, 0, 0, 0, 97887, 47.08, 34, 180, 12481
2026/09/15 14:39:49.242, 0, NVIDIA RTX PRO 6000 Blackwell Server Edition, P0, 0, 0, 0, 97887, 48.74, 34, 180, 12481
2026/09/15 14:39:49.244, 1, NVIDIA RTX PRO 6000 Blackwell Server Edition, P0, 0, 0, 0, 97887, 49.04, 34, 180, 12481
2026/09/15 14:39:49.246, 2, NVIDIA RTX PRO 6000 Blackwell Server Edition, P0, 0, 0, 0, 97887, 50.68, 34, 172, 12481
2026/09/15 14:39:49.248, 3, NVIDIA RTX PRO 6000 Blackwell Server Edition, P0, 0, 0, 0, 97887, 48.60, 34, 180, 12481
2026/09/15 14:39:49.251, 4, NVIDIA RTX PRO 6000 Blackwell Server Edition, P0, 0, 0, 0, 97887, 48.16, 34, 180, 12481
2026/09/15 14:39:49.253, 5, NVIDIA RTX PRO 6000 Blackwell Server Edition, P0, 0, 0, 0, 97887, 48.74, 34, 180, 12481
2026/09/15 14:39:49.255, 6, NVIDIA RTX PRO 6000 Blackwell Server Edition, P0, 0, 0, 0, 97887, 48.53, 34, 180, 12481
2026/09/15 14:39:49.257, 7, NVIDIA RTX PRO 6000 Blackwell Server Edition, P0, 0, 0, 0, 97887, 47.08, 34, 180, 12481
2026/09/15 14:39:50.326, 0, NVIDIA RTX PRO 6000 Blackwell Server Edition, P0, 0, 0, 0, 97887, 48.70, 34, 180, 12481
2026/09/15 14:39:50.329, 1, NVIDIA RTX PRO 6000 Blackwell Server Edition, P0, 0, 0, 0, 97887, 49.03, 34, 180, 12481
2026/09/15 14:39:50.331, 2, NVIDIA RTX PRO 6000 Blackwell Server Edition, P0, 0, 0, 0, 97887, 50.80, 34, 180, 12481
2026/09/15 14:39:50.333, 3, NVIDIA RTX PRO 6000 Blackwell Server Edition, P0, 0, 0, 0, 97887, 48.60, 34, 180, 12481
2026/09/15 14:39:50.335, 4, NVIDIA RTX PRO 6000 Blackwell Server Edition, P0, 0, 0, 0, 97887, 48.16, 34, 180, 12481
2026/09/15 14:39:50.337, 5, NVIDIA RTX PRO 6000 Blackwell Server Edition, P0, 0, 0, 0, 97887, 48.75, 34, 180, 12481
2026/09/15 14:39:50.339, 6, NVIDIA RTX PRO 6000 Blackwell Server Edition, P0, 0, 0, 0, 97887, 48.53, 34, 180, 12481
2026/09/15 14:39:50.342, 7, NVIDIA RTX PRO 6000 Blackwell Server Edition, P0, 0, 0, 0, 97887, 47.08, 34, 180, 12481
2026/09/15 14:39:51.413, 0, NVIDIA RTX PRO 6000 Blackwell Server Edition, P0, 0, 0, 0, 97887, 48.71, 34, 180, 12481
2026/09/15 14:39:51.415, 1, NVIDIA RTX PRO 6000 Blackwell Server Edition, P0, 0, 0, 0, 97887, 49.02, 34, 180, 12481
2026/09/15 14:39:51.417, 2, NVIDIA RTX PRO 6000 Blackwell Server Edition, P0, 0, 0, 0, 97887, 50.77, 34, 180, 12481
2026/09/15 14:39:51.420, 3, NVIDIA RTX PRO 6000 Blackwell Server Edition, P0, 0, 0, 0, 97887, 48.60, 34, 180, 12481
2026/09/15 14:39:51.422, 4, NVIDIA RTX PRO 6000 Blackwell Server Edition, P0, 0, 0, 0, 97887, 48.16, 34, 180, 12481
2026/09/15 14:39:51.424, 5, NVIDIA RTX PRO 6000 Blackwell Server Edition, P0, 0, 0, 0, 97887, 48.81, 34, 180, 12481
2026/09/15 14:39:51.426, 6, NVIDIA RTX PRO 6000 Blackwell Server Edition, P0, 0, 0, 0, 97887, 48.53, 34, 180, 12481
2026/09/15 14:39:51.428, 7, NVIDIA RTX PRO 6000 Blackwell Server Edition, P0, 0, 0, 0, 97887, 47.08, 34, 180, 12481
2026/09/15 14:39:52.499, 0, NVIDIA RTX PRO 6000 Blackwell Server Edition, P0, 0, 0, 0, 97887, 48.73, 34, 180, 12481
2026/09/15 14:39:52.502, 1, NVIDIA RTX PRO 6000 Blackwell Server Edition, P0, 0, 0, 0, 97887, 49.02, 34, 180, 12481
2026/09/15 14:39:52.504, 2, NVIDIA RTX PRO 6000 Blackwell Server Edition, P0, 0, 0, 0, 97887, 50.74, 34, 180, 12481
2026/09/15 14:39:52.506, 3, NVIDIA RTX PRO 6000 Blackwell Server Edition, P0, 0, 0, 0, 97887, 48.60, 34, 172, 12481
2026/09/15 14:39:52.508, 4, NVIDIA RTX PRO 6000 Blackwell Server Edition, P0, 0, 0, 0, 97887, 48.16, 34, 180, 12481
2026/09/15 14:39:52.511, 5, NVIDIA RTX PRO 6000 Blackwell Server Edition, P0, 0, 0, 0, 97887, 48.72, 34, 180, 12481
2026/09/15 14:39:52.513, 6, NVIDIA RTX PRO 6000 Blackwell Server Edition, P0, 0, 0, 0, 97887, 48.53, 34, 180, 12481
2026/09/15 14:39:52.515, 7, NVIDIA RTX PRO 6000 Blackwell Server Edition, P0, 0, 0, 0, 97887, 47.08, 34, 180, 12481
2026/09/15 14:39:53.588, 0, NVIDIA RTX PRO 6000 Blackwell Server Edition, P0, 0, 0, 0, 97887, 48.75, 34, 180, 12481
2026/09/15 14:39:53.591, 1, NVIDIA RTX PRO 6000 Blackwell Server Edition, P0, 0, 0, 0, 97887, 49.02, 34, 180, 12481
2026/09/15 14:39:53.593, 2, NVIDIA RTX PRO 6000 Blackwell Server Edition, P0, 0, 0, 0, 97887, 50.78, 34, 180, 12481
2026/09/15 14:39:53.595, 3, NVIDIA RTX PRO 6000 Blackwell Server Edition, P0, 0, 0, 0, 97887, 48.60, 34, 180, 12481
2026/09/15 14:39:53.597, 4, NVIDIA RTX PRO 6000 Blackwell Server Edition, P0, 0, 0, 0, 97887, 48.15, 34, 180, 12481
2026/09/15 14:39:53.599, 5, NVIDIA RTX PRO 6000 Blackwell Server Edition, P0, 0, 0, 0, 97887, 48.73, 34, 180, 12481
2026/09/15 14:39:53.602, 6, NVIDIA RTX PRO 6000 Blackwell Server Edition, P0, 0, 0, 0, 97887, 48.54, 34, 180, 12481
2026/09/15 14:39:53.604, 7, NVIDIA RTX PRO 6000 Blackwell Server Edition, P0, 0, 0, 0, 97887, 47.08, 34, 180, 12481
2026/09/15 14:39:54.673, 0, NVIDIA RTX PRO 6000 Blackwell Server Edition, P0, 0, 0, 0, 97887, 48.78, 34, 180, 12481
2026/09/15 14:39:54.675, 1, NVIDIA RTX PRO 6000 Blackwell Server Edition, P0, 0, 0, 0, 97887, 49.02, 34, 180, 12481
2026/09/15 14:39:54.677, 2, NVIDIA RTX PRO 6000 Blackwell Server Edition, P0, 0, 0, 0, 97887, 50.76, 34, 180, 12481
2026/09/15 14:39:54.680, 3, NVIDIA RTX PRO 6000 Blackwell Server Edition, P0, 0, 0, 0, 97887, 48.60, 34, 180, 12481
2026/09/15 14:39:54.682, 4, NVIDIA RTX PRO 6000 Blackwell Server Edition, P0, 0, 0, 0, 97887, 48.14, 34, 180, 12481
2026/09/15 14:39:54.684, 5, NVIDIA RTX PRO 6000 Blackwell Server Edition, P0, 0, 0, 0, 97887, 48.77, 34, 180, 12481
2026/09/15 14:39:54.686, 6, NVIDIA RTX PRO 6000 Blackwell Server Edition, P0, 0, 0, 0, 97887, 48.52, 34, 180, 12481
2026/09/15 14:39:54.688, 7, NVIDIA RTX PRO 6000 Blackwell Server Edition, P0, 0, 0, 0, 97887, 47.08, 34, 180, 12481
2026/09/15 14:39:55.761, 0, NVIDIA RTX PRO 6000 Blackwell Server Edition, P0, 0, 0, 0, 97887, 48.69, 34, 180, 12481
2026/09/15 14:39:55.763, 1, NVIDIA RTX PRO 6000 Blackwell Server Edition, P0, 0, 0, 0, 97887, 49.02, 34, 180, 12481
2026/09/15 14:39:55.765, 2, NVIDIA RTX PRO 6000 Blackwell Server Edition, P0, 0, 0, 0, 97887, 50.75, 34, 180, 12481
2026/09/15 14:39:55.767, 3, NVIDIA RTX PRO 6000 Blackwell Server Edition, P0, 0, 0, 0, 97887, 48.60, 34, 180, 12481
2026/09/15 14:39:55.769, 4, NVIDIA RTX PRO 6000 Blackwell Server Edition, P0, 0, 0, 0, 97887, 48.16, 34, 180, 12481
2026/09/15 14:39:55.772, 5, NVIDIA RTX PRO 6000 Blackwell Server Edition, P0, 0, 0, 0, 97887, 48.76, 34, 180, 12481
2026/09/15 14:39:55.774, 6, NVIDIA RTX PRO 6000 Blackwell Server Edition, P0, 0, 0, 0, 97887, 48.53, 34, 180, 12481
2026/09/15 14:39:55.776, 7, NVIDIA RTX PRO 6000 Blackwell Server Edition, P0, 0, 0, 0, 97887, 47.08, 34, 180, 12481
2026/09/15 14:39:56.845, 0, NVIDIA RTX PRO 6000 Blackwell Server Edition, P0, 0, 0, 0, 97887, 48.69, 34, 180, 12481
2026/09/15 14:39:56.848, 1, NVIDIA RTX PRO 6000 Blackwell Server Edition, P0, 0, 0, 0, 97887, 49.03, 34, 180, 12481
2026/09/15 14:39:56.850, 2, NVIDIA RTX PRO 6000 Blackwell Server Edition, P0, 0, 0, 0, 97887, 50.79, 34, 180, 12481
2026/09/15 14:39:56.852, 3, NVIDIA RTX PRO 6000 Blackwell Server Edition, P0, 0, 0, 0, 97887, 48.60, 34, 180, 12481
2026/09/15 14:39:56.854, 4, NVIDIA RTX PRO 6000 Blackwell Server Edition, P0, 0, 0, 0, 97887, 48.15, 34, 180, 12481
2026/09/15 14:39:56.856, 5, NVIDIA RTX PRO 6000 Blackwell Server Edition, P0, 0, 0, 0, 97887, 48.77, 34, 180, 12481
2026/09/15 14:39:56.859, 6, NVIDIA RTX PRO 6000 Blackwell Server Edition, P0, 0, 0, 0, 97887, 48.53, 34, 180, 12481
2026/09/15 14:39:56.861, 7, NVIDIA RTX PRO 6000 Blackwell Server Edition, P0, 0, 0, 0, 97887, 47.08, 34, 180, 12481
2026/09/15 14:39:57.932, 0, NVIDIA RTX PRO 6000 Blackwell Server Edition, P0, 0, 0, 0, 97887, 48.74, 34, 180, 12481
2026/09/15 14:39:57.934, 1, NVIDIA RTX PRO 6000 Blackwell Server Edition, P0, 0, 0, 0, 97887, 49.02, 34, 180, 12481
2026/09/15 14:39:57.936, 2, NVIDIA RTX PRO 6000 Blackwell Server Edition, P0, 0, 0, 0, 97887, 50.80, 34, 180, 12481
2026/09/15 14:39:57.939, 3, NVIDIA RTX PRO 6000 Blackwell Server Edition, P0, 0, 0, 0, 97887, 48.60, 34, 180, 12481
2026/09/15 14:39:57.941, 4, NVIDIA RTX PRO 6000 Blackwell Server Edition, P0, 0, 0, 0, 97887, 48.15, 34, 180, 12481
2026/09/15 14:39:57.943, 5, NVIDIA RTX PRO 6000 Blackwell Server Edition, P0, 0, 0, 0, 97887, 48.76, 34, 180, 12481
2026/09/15 14:39:57.945, 6, NVIDIA RTX PRO 6000 Blackwell Server Edition, P0, 0, 0, 0, 97887, 48.54, 34, 180, 12481
2026/09/15 14:39:57.947, 7, NVIDIA RTX PRO 6000 Blackwell Server Edition, P0, 0, 0, 0, 97887, 47.08, 34, 180, 12481
2026/09/15 14:39:59.017, 0, NVIDIA RTX PRO 6000 Blackwell Server Edition, P0, 0, 0, 0, 97887, 48.75, 34, 172, 12481
2026/09/15 14:39:59.019, 1, NVIDIA RTX PRO 6000 Blackwell Server Edition, P0, 0, 0, 0, 97887, 49.02, 34, 180, 12481
2026/09/15 14:39:59.021, 2, NVIDIA RTX PRO 6000 Blackwell Server Edition, P0, 0, 0, 0, 97887, 50.74, 34, 180, 12481
2026/09/15 14:39:59.023, 3, NVIDIA RTX PRO 6000 Blackwell Server Edition, P0, 0, 0, 0, 97887, 48.60, 34, 180, 12481
2026/09/15 14:39:59.025, 4, NVIDIA RTX PRO 6000 Blackwell Server Edition, P0, 0, 0, 0, 97887, 48.15, 34, 180, 12481
2026/09/15 14:39:59.028, 5, NVIDIA RTX PRO 6000 Blackwell Server Edition, P0, 0, 0, 0, 97887, 48.81, 34, 180, 12481
2026/09/15 14:39:59.030, 6, NVIDIA RTX PRO 6000 Blackwell Server Edition, P0, 0, 0, 0, 97887, 48.53, 34, 180, 12481
2026/09/15 14:39:59.032, 7, NVIDIA RTX PRO 6000 Blackwell Server Edition, P0, 0, 0, 0, 97887, 47.08, 34, 180, 12481
2026/09/15 14:40:00.101, 0, NVIDIA RTX PRO 6000 Blackwell Server Edition, P0, 0, 0, 0, 97887, 48.81, 34, 180, 12481
2026/09/15 14:40:00.103, 1, NVIDIA RTX PRO 6000 Blackwell Server Edition, P0, 0, 0, 0, 97887, 49.02, 34, 180, 12481
2026/09/15 14:40:00.106, 2, NVIDIA RTX PRO 6000 Blackwell Server Edition, P0, 0, 0, 0, 97887, 50.72, 34, 180, 12481
2026/09/15 14:40:00.108, 3, NVIDIA RTX PRO 6000 Blackwell Server Edition, P0, 0, 0, 0, 97887, 48.60, 34, 180, 12481
2026/09/15 14:40:00.110, 4, NVIDIA RTX PRO 6000 Blackwell Server Edition, P0, 0, 0, 0, 97887, 48.17, 34, 180, 12481
2026/09/15 14:40:00.112, 5, NVIDIA RTX PRO 6000 Blackwell Server Edition, P0, 0, 0, 0, 97887, 48.75, 34, 180, 12481
2026/09/15 14:40:00.114, 6, NVIDIA RTX PRO 6000 Blackwell Server Edition, P0, 0, 0, 0, 97887, 48.53, 34, 172, 12481
2026/09/15 14:40:00.117, 7, NVIDIA RTX PRO 6000 Blackwell Server Edition, P0, 0, 0, 0, 97887, 47.09, 34, 180, 12481
2026/09/15 14:40:01.188, 0, NVIDIA RTX PRO 6000 Blackwell Server Edition, P0, 0, 0, 0, 97887, 48.76, 34, 180, 12481
2026/09/15 14:40:01.190, 1, NVIDIA RTX PRO 6000 Blackwell Server Edition, P0, 0, 0, 0, 97887, 49.02, 34, 180, 12481
2026/09/15 14:40:01.192, 2, NVIDIA RTX PRO 6000 Blackwell Server Edition, P0, 0, 0, 0, 97887, 50.71, 34, 180, 12481
2026/09/15 14:40:01.195, 3, NVIDIA RTX PRO 6000 Blackwell Server Edition, P0, 0, 0, 0, 97887, 48.60, 34, 180, 12481
2026/09/15 14:40:01.197, 4, NVIDIA RTX PRO 6000 Blackwell Server Edition, P0, 0, 0, 0, 97887, 48.15, 34, 180, 12481
2026/09/15 14:40:01.199, 5, NVIDIA RTX PRO 6000 Blackwell Server Edition, P0, 0, 0, 0, 97887, 48.75, 34, 180, 12481
2026/09/15 14:40:01.201, 6, NVIDIA RTX PRO 6000 Blackwell Server Edition, P0, 0, 0, 0, 97887, 48.55, 34, 180, 12481
2026/09/15 14:40:01.203, 7, NVIDIA RTX PRO 6000 Blackwell Server Edition, P0, 0, 0, 0, 97887, 47.08, 34, 180, 12481
2026/09/15 14:40:02.274, 0, NVIDIA RTX PRO 6000 Blackwell Server Edition, P0, 0, 0, 0, 97887, 48.71, 34, 180, 12481
2026/09/15 14:40:02.276, 1, NVIDIA RTX PRO 6000 Blackwell Server Edition, P0, 0, 0, 0, 97887, 49.02, 34, 180, 12481
2026/09/15 14:40:02.279, 2, NVIDIA RTX PRO 6000 Blackwell Server Edition, P0, 0, 0, 0, 97887, 50.78, 34, 180, 12481
2026/09/15 14:40:02.281, 3, NVIDIA RTX PRO 6000 Blackwell Server Edition, P0, 0, 0, 0, 97887, 48.60, 34, 180, 12481
2026/09/15 14:40:02.283, 4, NVIDIA RTX PRO 6000 Blackwell Server Edition, P0, 0, 0, 0, 97887, 48.16, 34, 180, 12481
2026/09/15 14:40:02.285, 5, NVIDIA RTX PRO 6000 Blackwell Server Edition, P0, 0, 0, 0, 97887, 48.75, 34, 180, 12481
2026/09/15 14:40:02.287, 6, NVIDIA RTX PRO 6000 Blackwell Server Edition, P0, 0, 0, 0, 97887, 48.55, 34, 180, 12481
2026/09/15 14:40:02.290, 7, NVIDIA RTX PRO 6000 Blackwell Server Edition, P0, 0, 0, 0, 97887, 47.08, 34, 180, 12481
2026/09/15 14:40:03.360, 0, NVIDIA RTX PRO 6000 Blackwell Server Edition, P0, 0, 0, 0, 97887, 48.69, 34, 180, 12481
2026/09/15 14:40:03.362, 1, NVIDIA RTX PRO 6000 Blackwell Server Edition, P0, 0, 0, 0, 97887, 49.03, 34, 180, 12481
2026/09/15 14:40:03.365, 2, NVIDIA RTX PRO 6000 Blackwell Server Edition, P0, 0, 0, 0, 97887, 50.76, 34, 180, 12481
2026/09/15 14:40:03.367, 3, NVIDIA RTX PRO 6000 Blackwell Server Edition, P0, 0, 0, 0, 97887, 48.60, 34, 180, 12481
2026/09/15 14:40:03.369, 4, NVIDIA RTX PRO 6000 Blackwell Server Edition, P0, 0, 0, 0, 97887, 48.16, 34, 180, 12481
2026/09/15 14:40:03.371, 5, NVIDIA RTX PRO 6000 Blackwell Server Edition, P0, 0, 0, 0, 97887, 48.73, 34, 180, 12481
2026/09/15 14:40:03.374, 6, NVIDIA RTX PRO 6000 Blackwell Server Edition, P0, 0, 0, 0, 97887, 48.54, 34, 180, 12481
2026/09/15 14:40:03.376, 7, NVIDIA RTX PRO 6000 Blackwell Server Edition, P0, 0, 0, 0, 97887, 47.08, 34, 180, 12481
2026/09/15 14:40:04.447, 0, NVIDIA RTX PRO 6000 Blackwell Server Edition, P0, 0, 0, 0, 97887, 48.76, 34, 180, 12481
2026/09/15 14:40:04.449, 1, NVIDIA RTX PRO 6000 Blackwell Server Edition, P0, 0, 0, 0, 97887, 49.03, 34, 180, 12481
2026/09/15 14:40:04.451, 2, NVIDIA RTX PRO 6000 Blackwell Server Edition, P0, 0, 0, 0, 97887, 50.70, 34, 180, 12481
2026/09/15 14:40:04.453, 3, NVIDIA RTX PRO 6000 Blackwell Server Edition, P0, 0, 0, 0, 97887, 48.60, 34, 180, 12481
2026/09/15 14:40:04.455, 4, NVIDIA RTX PRO 6000 Blackwell Server Edition, P0, 0, 0, 0, 97887, 48.15, 34, 180, 12481
2026/09/15 14:40:04.458, 5, NVIDIA RTX PRO 6000 Blackwell Server Edition, P0, 0, 0, 0, 97887, 48.71, 34, 180, 12481
2026/09/15 14:40:04.460, 6, NVIDIA RTX PRO 6000 Blackwell Server Edition, P0, 0, 0, 0, 97887, 48.53, 34, 180, 12481
2026/09/15 14:40:04.462, 7, NVIDIA RTX PRO 6000 Blackwell Server Edition, P0, 0, 0, 0, 97887, 47.08, 34, 180, 12481
2026/09/15 14:40:05.533, 0, NVIDIA RTX PRO 6000 Blackwell Server Edition, P0, 0, 0, 0, 97887, 48.70, 34, 180, 12481
2026/09/15 14:40:05.535, 1, NVIDIA RTX PRO 6000 Blackwell Server Edition, P0, 0, 0, 0, 97887, 49.02, 34, 180, 12481
2026/09/15 14:40:05.537, 2, NVIDIA RTX PRO 6000 Blackwell Server Edition, P0, 0, 0, 0, 97887, 50.77, 34, 180, 12481
2026/09/15 14:40:05.540, 3, NVIDIA RTX PRO 6000 Blackwell Server Edition, P0, 0, 0, 0, 97887, 48.60, 34, 180, 12481
2026/09/15 14:40:05.542, 4, NVIDIA RTX PRO 6000 Blackwell Server Edition, P0, 0, 0, 0, 97887, 48.15, 34, 172, 12481
2026/09/15 14:40:05.544, 5, NVIDIA RTX PRO 6000 Blackwell Server Edition, P0, 0, 0, 0, 97887, 48.75, 34, 180, 12481
2026/09/15 14:40:05.546, 6, NVIDIA RTX PRO 6000 Blackwell Server Edition, P0, 0, 0, 0, 97887, 48.54, 34, 180, 12481
2026/09/15 14:40:05.548, 7, NVIDIA RTX PRO 6000 Blackwell Server Edition, P0, 0, 0, 0, 97887, 47.08, 34, 180, 12481
2026/09/15 14:40:06.620, 0, NVIDIA RTX PRO 6000 Blackwell Server Edition, P0, 0, 0, 0, 97887, 48.81, 34, 180, 12481
2026/09/15 14:40:06.622, 1, NVIDIA RTX PRO 6000 Blackwell Server Edition, P0, 0, 0, 0, 97887, 49.03, 34, 180, 12481
2026/09/15 14:40:06.624, 2, NVIDIA RTX PRO 6000 Blackwell Server Edition, P0, 0, 0, 0, 97887, 50.71, 34, 180, 12481
2026/09/15 14:40:06.626, 3, NVIDIA RTX PRO 6000 Blackwell Server Edition, P0, 0, 0, 0, 97887, 48.60, 34, 180, 12481
2026/09/15 14:40:06.628, 4, NVIDIA RTX PRO 6000 Blackwell Server Edition, P0, 0, 0, 0, 97887, 48.15, 34, 180, 12481
2026/09/15 14:40:06.631, 5, NVIDIA RTX PRO 6000 Blackwell Server Edition, P0, 0, 0, 0, 97887, 48.74, 34, 180, 12481
2026/09/15 14:40:06.633, 6, NVIDIA RTX PRO 6000 Blackwell Server Edition, P0, 0, 0, 0, 97887, 48.52, 34, 180, 12481
2026/09/15 14:40:06.635, 7, NVIDIA RTX PRO 6000 Blackwell Server Edition, P0, 0, 0, 0, 97887, 47.08, 34, 180, 12481
2026/09/15 14:40:07.705, 0, NVIDIA RTX PRO 6000 Blackwell Server Edition, P0, 0, 0, 0, 97887, 48.91, 34, 180, 12481
2026/09/15 14:40:07.708, 1, NVIDIA RTX PRO 6000 Blackwell Server Edition, P0, 0, 0, 0, 97887, 49.02, 34, 180, 12481
2026/09/15 14:40:07.710, 2, NVIDIA RTX PRO 6000 Blackwell Server Edition, P0, 0, 0, 0, 97887, 50.75, 34, 180, 12481
2026/09/15 14:40:07.712, 3, NVIDIA RTX PRO 6000 Blackwell Server Edition, P0, 0, 0, 0, 97887, 48.60, 34, 180, 12481
2026/09/15 14:40:07.714, 4, NVIDIA RTX PRO 6000 Blackwell Server Edition, P0, 0, 0, 0, 97887, 48.18, 34, 180, 12481
2026/09/15 14:40:07.716, 5, NVIDIA RTX PRO 6000 Blackwell Server Edition, P0, 0, 0, 0, 97887, 48.78, 34, 180, 12481
2026/09/15 14:40:07.719, 6, NVIDIA RTX PRO 6000 Blackwell Server Edition, P0, 0, 0, 0, 97887, 48.54, 34, 180, 12481
2026/09/15 14:40:07.721, 7, NVIDIA RTX PRO 6000 Blackwell Server Edition, P0, 0, 0, 0, 97887, 47.09, 34, 180, 12481
2026/09/15 14:40:08.791, 0, NVIDIA RTX PRO 6000 Blackwell Server Edition, P0, 0, 0, 0, 97887, 48.89, 34, 180, 12481
2026/09/15 14:40:08.794, 1, NVIDIA RTX PRO 6000 Blackwell Server Edition, P0, 0, 0, 0, 97887, 49.03, 34, 180, 12481
2026/09/15 14:40:08.796, 2, NVIDIA RTX PRO 6000 Blackwell Server Edition, P0, 0, 0, 0, 97887, 50.73, 34, 180, 12481
2026/09/15 14:40:08.798, 3, NVIDIA RTX PRO 6000 Blackwell Server Edition, P0, 0, 0, 0, 97887, 48.60, 34, 180, 12481
2026/09/15 14:40:08.800, 4, NVIDIA RTX PRO 6000 Blackwell Server Edition, P0, 0, 0, 0, 97887, 48.17, 34, 180, 12481
2026/09/15 14:40:08.803, 5, NVIDIA RTX PRO 6000 Blackwell Server Edition, P0, 0, 0, 0, 97887, 48.74, 34, 180, 12481
2026/09/15 14:40:08.805, 6, NVIDIA RTX PRO 6000 Blackwell Server Edition, P0, 0, 0, 0, 97887, 48.54, 34, 180, 12481
2026/09/15 14:40:08.807, 7, NVIDIA RTX PRO 6000 Blackwell Server Edition, P0, 0, 0, 0, 97887, 47.08, 34, 180, 12481
2026/09/15 14:40:09.876, 0, NVIDIA RTX PRO 6000 Blackwell Server Edition, P0, 0, 0, 0, 97887, 48.80, 34, 180, 12481
2026/09/15 14:40:09.879, 1, NVIDIA RTX PRO 6000 Blackwell Server Edition, P0, 0, 0, 0, 97887, 49.02, 34, 180, 12481
2026/09/15 14:40:09.882, 2, NVIDIA RTX PRO 6000 Blackwell Server Edition, P0, 0, 0, 0, 97887, 50.71, 34, 180, 12481
2026/09/15 14:40:09.884, 3, NVIDIA RTX PRO 6000 Blackwell Server Edition, P0, 0, 0, 0, 97887, 48.60, 34, 180, 12481
2026/09/15 14:40:09.887, 4, NVIDIA RTX PRO 6000 Blackwell Server Edition, P0, 0, 0, 0, 97887, 48.17, 34, 180, 12481
2026/09/15 14:40:09.889, 5, NVIDIA RTX PRO 6000 Blackwell Server Edition, P0, 0, 0, 0, 97887, 48.81, 34, 180, 12481
2026/09/15 14:40:09.891, 6, NVIDIA RTX PRO 6000 Blackwell Server Edition, P0, 0, 0, 0, 97887, 48.54, 34, 180, 12481
2026/09/15 14:40:09.893, 7, NVIDIA RTX PRO 6000 Blackwell Server Edition, P0, 0, 0, 0, 97887, 47.08, 34, 180, 12481
2026/09/15 14:40:10.964, 0, NVIDIA RTX PRO 6000 Blackwell Server Edition, P0, 0, 0, 0, 97887, 48.89, 34, 180, 12481
2026/09/15 14:40:10.967, 1, NVIDIA RTX PRO 6000 Blackwell Server Edition, P0, 0, 0, 0, 97887, 49.03, 34, 180, 12481
2026/09/15 14:40:10.969, 2, NVIDIA RTX PRO 6000 Blackwell Server Edition, P0, 0, 0, 0, 97887, 50.77, 34, 180, 12481
2026/09/15 14:40:10.971, 3, NVIDIA RTX PRO 6000 Blackwell Server Edition, P0, 0, 0, 0, 97887, 48.60, 34, 180, 12481
2026/09/15 14:40:10.973, 4, NVIDIA RTX PRO 6000 Blackwell Server Edition, P0, 0, 0, 0, 97887, 48.15, 34, 180, 12481
2026/09/15 14:40:10.975, 5, NVIDIA RTX PRO 6000 Blackwell Server Edition, P0, 0, 0, 0, 97887, 48.73, 34, 180, 12481
2026/09/15 14:40:10.978, 6, NVIDIA RTX PRO 6000 Blackwell Server Edition, P0, 0, 0, 0, 97887, 48.54, 34, 180, 12481
2026/09/15 14:40:10.980, 7, NVIDIA RTX PRO 6000 Blackwell Server Edition, P0, 0, 0, 0, 97887, 47.08, 34, 180, 12481
2026/09/15 14:40:12.050, 0, NVIDIA RTX PRO 6000 Blackwell Server Edition, P0, 0, 0, 0, 97887, 48.81, 34, 180, 12481
2026/09/15 14:40:12.052, 1, NVIDIA RTX PRO 6000 Blackwell Server Edition, P0, 0, 0, 0, 97887, 49.02, 34, 180, 12481
2026/09/15 14:40:12.054, 2, NVIDIA RTX PRO 6000 Blackwell Server Edition, P0, 0, 0, 0, 97887, 50.82, 34, 180, 12481
2026/09/15 14:40:12.056, 3, NVIDIA RTX PRO 6000 Blackwell Server Edition, P0, 0, 0, 0, 97887, 48.61, 34, 180, 12481
2026/09/15 14:40:12.059, 4, NVIDIA RTX PRO 6000 Blackwell Server Edition, P0, 0, 0, 0, 97887, 48.15, 34, 180, 12481
2026/09/15 14:40:12.061, 5, NVIDIA RTX PRO 6000 Blackwell Server Edition, P0, 0, 0, 0, 97887, 48.79, 34, 180, 12481
2026/09/15 14:40:12.063, 6, NVIDIA RTX PRO 6000 Blackwell Server Edition, P0, 0, 0, 0, 97887, 48.53, 34, 180, 12481
2026/09/15 14:40:12.065, 7, NVIDIA RTX PRO 6000 Blackwell Server Edition, P0, 0, 0, 0, 97887, 47.08, 34, 180, 12481
2026/09/15 14:40:13.137, 0, NVIDIA RTX PRO 6000 Blackwell Server Edition, P0, 0, 0, 0, 97887, 48.88, 34, 172, 12481
2026/09/15 14:40:13.139, 1, NVIDIA RTX PRO 6000 Blackwell Server Edition, P0, 0, 0, 0, 97887, 49.03, 34, 180, 12481
2026/09/15 14:40:13.142, 2, NVIDIA RTX PRO 6000 Blackwell Server Edition, P0, 0, 0, 0, 97887, 50.73, 34, 180, 12481
2026/09/15 14:40:13.144, 3, NVIDIA RTX PRO 6000 Blackwell Server Edition, P0, 0, 0, 0, 97887, 48.60, 34, 180, 12481
2026/09/15 14:40:13.146, 4, NVIDIA RTX PRO 6000 Blackwell Server Edition, P0, 0, 0, 0, 97887, 48.14, 34, 180, 12481
2026/09/15 14:40:13.148, 5, NVIDIA RTX PRO 6000 Blackwell Server Edition, P0, 0, 0, 0, 97887, 48.72, 34, 180, 12481
2026/09/15 14:40:13.150, 6, NVIDIA RTX PRO 6000 Blackwell Server Edition, P0, 0, 0, 0, 97887, 48.54, 34, 180, 12481
2026/09/15 14:40:13.153, 7, NVIDIA RTX PRO 6000 Blackwell Server Edition, P0, 0, 0, 0, 97887, 47.08, 34, 180, 12481
2026/09/15 14:40:14.223, 0, NVIDIA RTX PRO 6000 Blackwell Server Edition, P0, 0, 0, 0, 97887, 48.85, 34, 180, 12481
2026/09/15 14:40:14.226, 1, NVIDIA RTX PRO 6000 Blackwell Server Edition, P0, 0, 0, 0, 97887, 49.02, 34, 180, 12481
2026/09/15 14:40:14.228, 2, NVIDIA RTX PRO 6000 Blackwell Server Edition, P0, 0, 0, 0, 97887, 50.72, 34, 180, 12481
2026/09/15 14:40:14.230, 3, NVIDIA RTX PRO 6000 Blackwell Server Edition, P0, 0, 0, 0, 97887, 48.60, 34, 180, 12481
2026/09/15 14:40:14.232, 4, NVIDIA RTX PRO 6000 Blackwell Server Edition, P0, 0, 0, 0, 97887, 48.16, 34, 180, 12481
2026/09/15 14:40:14.234, 5, NVIDIA RTX PRO 6000 Blackwell Server Edition, P0, 0, 0, 0, 97887, 48.71, 34, 180, 12481
2026/09/15 14:40:14.237, 6, NVIDIA RTX PRO 6000 Blackwell Server Edition, P0, 0, 0, 0, 97887, 48.53, 34, 180, 12481
2026/09/15 14:40:14.239, 7, NVIDIA RTX PRO 6000 Blackwell Server Edition, P0, 0, 0, 0, 97887, 47.09, 34, 180, 12481
2026/09/15 14:40:15.311, 0, NVIDIA RTX PRO 6000 Blackwell Server Edition, P0, 0, 0, 0, 97887, 48.87, 34, 180, 12481
2026/09/15 14:40:15.313, 1, NVIDIA RTX PRO 6000 Blackwell Server Edition, P0, 0, 0, 0, 97887, 49.03, 34, 180, 12481
2026/09/15 14:40:15.315, 2, NVIDIA RTX PRO 6000 Blackwell Server Edition, P0, 0, 0, 0, 97887, 50.77, 34, 180, 12481
2026/09/15 14:40:15.318, 3, NVIDIA RTX PRO 6000 Blackwell Server Edition, P0, 0, 0, 0, 97887, 48.60, 34, 180, 12481
2026/09/15 14:40:15.320, 4, NVIDIA RTX PRO 6000 Blackwell Server Edition, P0, 0, 0, 0, 97887, 48.15, 34, 180, 12481
2026/09/15 14:40:15.322, 5, NVIDIA RTX PRO 6000 Blackwell Server Edition, P0, 0, 0, 0, 97887, 48.73, 34, 180, 12481
2026/09/15 14:40:15.324, 6, NVIDIA RTX PRO 6000 Blackwell Server Edition, P0, 0, 0, 0, 97887, 48.53, 34, 180, 12481
2026/09/15 14:40:15.326, 7, NVIDIA RTX PRO 6000 Blackwell Server Edition, P0, 0, 0, 0, 97887, 47.08, 34, 180, 12481
2026/09/15 14:40:16.397, 0, NVIDIA RTX PRO 6000 Blackwell Server Edition, P0, 0, 0, 0, 97887, 48.87, 34, 180, 12481
2026/09/15 14:40:16.399, 1, NVIDIA RTX PRO 6000 Blackwell Server Edition, P0, 0, 0, 0, 97887, 49.02, 34, 180, 12481
2026/09/15 14:40:16.401, 2, NVIDIA RTX PRO 6000 Blackwell Server Edition, P0, 0, 0, 0, 97887, 50.69, 34, 180, 12481
2026/09/15 14:40:16.404, 3, NVIDIA RTX PRO 6000 Blackwell Server Edition, P0, 0, 0, 0, 97887, 48.60, 34, 180, 12481
2026/09/15 14:40:16.406, 4, NVIDIA RTX PRO 6000 Blackwell Server Edition, P0, 0, 0, 0, 97887, 48.15, 34, 180, 12481
2026/09/15 14:40:16.408, 5, NVIDIA RTX PRO 6000 Blackwell Server Edition, P0, 0, 0, 0, 97887, 48.75, 34, 180, 12481
2026/09/15 14:40:16.410, 6, NVIDIA RTX PRO 6000 Blackwell Server Edition, P0, 0, 0, 0, 97887, 48.54, 34, 180, 12481
2026/09/15 14:40:16.412, 7, NVIDIA RTX PRO 6000 Blackwell Server Edition, P0, 0, 0, 0, 97887, 47.09, 34, 172, 12481
2026/09/15 14:40:17.481, 0, NVIDIA RTX PRO 6000 Blackwell Server Edition, P0, 0, 0, 0, 97887, 48.83, 34, 180, 12481
2026/09/15 14:40:17.484, 1, NVIDIA RTX PRO 6000 Blackwell Server Edition, P0, 0, 0, 0, 97887, 49.02, 34, 180, 12481
2026/09/15 14:40:17.486, 2, NVIDIA RTX PRO 6000 Blackwell Server Edition, P0, 0, 0, 0, 97887, 50.71, 34, 172, 12481
2026/09/15 14:40:17.488, 3, NVIDIA RTX PRO 6000 Blackwell Server Edition, P0, 0, 0, 0, 97887, 48.60, 34, 180, 12481
2026/09/15 14:40:17.490, 4, NVIDIA RTX PRO 6000 Blackwell Server Edition, P0, 0, 0, 0, 97887, 48.16, 34, 180, 12481
2026/09/15 14:40:17.492, 5, NVIDIA RTX PRO 6000 Blackwell Server Edition, P0, 0, 0, 0, 97887, 48.74, 34, 180, 12481
2026/09/15 14:40:17.495, 6, NVIDIA RTX PRO 6000 Blackwell Server Edition, P0, 0, 0, 0, 97887, 48.54, 34, 180, 12481
2026/09/15 14:40:17.497, 7, NVIDIA RTX PRO 6000 Blackwell Server Edition, P0, 0, 0, 0, 97887, 47.08, 34, 180, 12481
2026/09/15 14:40:18.568, 0, NVIDIA RTX PRO 6000 Blackwell Server Edition, P0, 0, 0, 0, 97887, 48.86, 34, 180, 12481
2026/09/15 14:40:18.570, 1, NVIDIA RTX PRO 6000 Blackwell Server Edition, P0, 0, 0, 0, 97887, 49.04, 34, 180, 12481
2026/09/15 14:40:18.573, 2, NVIDIA RTX PRO 6000 Blackwell Server Edition, P0, 0, 0, 0, 97887, 50.72, 34, 180, 12481
2026/09/15 14:40:18.575, 3, NVIDIA RTX PRO 6000 Blackwell Server Edition, P0, 0, 0, 0, 97887, 48.59, 34, 180, 12481
2026/09/15 14:40:18.577, 4, NVIDIA RTX PRO 6000 Blackwell Server Edition, P0, 0, 0, 0, 97887, 48.16, 34, 180, 12481
2026/09/15 14:40:18.579, 5, NVIDIA RTX PRO 6000 Blackwell Server Edition, P0, 0, 0, 0, 97887, 48.84, 34, 180, 12481
2026/09/15 14:40:18.581, 6, NVIDIA RTX PRO 6000 Blackwell Server Edition, P0, 0, 0, 0, 97887, 48.54, 34, 180, 12481
2026/09/15 14:40:18.584, 7, NVIDIA RTX PRO 6000 Blackwell Server Edition, P0, 0, 0, 0, 97887, 47.08, 34, 180, 12481
2026/09/15 14:40:19.653, 0, NVIDIA RTX PRO 6000 Blackwell Server Edition, P0, 0, 0, 0, 97887, 48.79, 34, 180, 12481
2026/09/15 14:40:19.655, 1, NVIDIA RTX PRO 6000 Blackwell Server Edition, P0, 0, 0, 0, 97887, 49.02, 34, 180, 12481
2026/09/15 14:40:19.657, 2, NVIDIA RTX PRO 6000 Blackwell Server Edition, P0, 0, 0, 0, 97887, 50.78, 34, 180, 12481
2026/09/15 14:40:19.659, 3, NVIDIA RTX PRO 6000 Blackwell Server Edition, P0, 0, 0, 0, 97887, 48.60, 34, 180, 12481
2026/09/15 14:40:19.662, 4, NVIDIA RTX PRO 6000 Blackwell Server Edition, P0, 0, 0, 0, 97887, 48.15, 34, 180, 12481
2026/09/15 14:40:19.664, 5, NVIDIA RTX PRO 6000 Blackwell Server Edition, P0, 0, 0, 0, 97887, 48.73, 34, 180, 12481
2026/09/15 14:40:19.666, 6, NVIDIA RTX PRO 6000 Blackwell Server Edition, P0, 0, 0, 0, 97887, 48.54, 34, 180, 12481
2026/09/15 14:40:19.668, 7, NVIDIA RTX PRO 6000 Blackwell Server Edition, P0, 0, 0, 0, 97887, 47.08, 34, 180, 12481
2026/09/15 14:40:20.740, 0, NVIDIA RTX PRO 6000 Blackwell Server Edition, P0, 0, 0, 0, 97887, 48.84, 34, 180, 12481
2026/09/15 14:40:20.742, 1, NVIDIA RTX PRO 6000 Blackwell Server Edition, P0, 0, 0, 0, 97887, 49.02, 34, 180, 12481
2026/09/15 14:40:20.745, 2, NVIDIA RTX PRO 6000 Blackwell Server Edition, P0, 0, 0, 0, 97887, 50.77, 34, 180, 12481
2026/09/15 14:40:20.747, 3, NVIDIA RTX PRO 6000 Blackwell Server Edition, P0, 0, 0, 0, 97887, 48.60, 34, 172, 12481
2026/09/15 14:40:20.749, 4, NVIDIA RTX PRO 6000 Blackwell Server Edition, P0, 0, 0, 0, 97887, 48.15, 34, 180, 12481
2026/09/15 14:40:20.751, 5, NVIDIA RTX PRO 6000 Blackwell Server Edition, P0, 0, 0, 0, 97887, 48.72, 34, 180, 12481
2026/09/15 14:40:20.753, 6, NVIDIA RTX PRO 6000 Blackwell Server Edition, P0, 0, 0, 0, 97887, 48.54, 34, 180, 12481
2026/09/15 14:40:20.756, 7, NVIDIA RTX PRO 6000 Blackwell Server Edition, P0, 0, 0, 0, 97887, 47.08, 34, 180, 12481
2026/09/15 14:40:21.826, 0, NVIDIA RTX PRO 6000 Blackwell Server Edition, P0, 0, 0, 0, 97887, 48.83, 34, 180, 12481
2026/09/15 14:40:21.828, 1, NVIDIA RTX PRO 6000 Blackwell Server Edition, P0, 0, 0, 0, 97887, 49.04, 34, 180, 12481
2026/09/15 14:40:21.830, 2, NVIDIA RTX PRO 6000 Blackwell Server Edition, P0, 0, 0, 0, 97887, 50.79, 34, 180, 12481
2026/09/15 14:40:21.833, 3, NVIDIA RTX PRO 6000 Blackwell Server Edition, P0, 0, 0, 0, 97887, 48.60, 34, 180, 12481
2026/09/15 14:40:21.835, 4, NVIDIA RTX PRO 6000 Blackwell Server Edition, P0, 0, 0, 0, 97887, 48.16, 34, 180, 12481
2026/09/15 14:40:21.837, 5, NVIDIA RTX PRO 6000 Blackwell Server Edition, P0, 0, 0, 0, 97887, 48.75, 34, 180, 12481
2026/09/15 14:40:21.839, 6, NVIDIA RTX PRO 6000 Blackwell Server Edition, P0, 0, 0, 0, 97887, 48.53, 34, 180, 12481
2026/09/15 14:40:21.841, 7, NVIDIA RTX PRO 6000 Blackwell Server Edition, P0, 0, 0, 0, 97887, 47.09, 34, 180, 12481
2026/09/15 14:40:22.913, 0, NVIDIA RTX PRO 6000 Blackwell Server Edition, P0, 0, 0, 0, 97887, 48.84, 34, 180, 12481
2026/09/15 14:40:22.915, 1, NVIDIA RTX PRO 6000 Blackwell Server Edition, P0, 0, 0, 0, 97887, 49.02, 34, 180, 12481
2026/09/15 14:40:22.918, 2, NVIDIA RTX PRO 6000 Blackwell Server Edition, P0, 0, 0, 0, 97887, 50.81, 34, 180, 12481
2026/09/15 14:40:22.920, 3, NVIDIA RTX PRO 6000 Blackwell Server Edition, P0, 0, 0, 0, 97887, 48.60, 34, 180, 12481
2026/09/15 14:40:22.922, 4, NVIDIA RTX PRO 6000 Blackwell Server Edition, P0, 0, 0, 0, 97887, 48.15, 34, 180, 12481
2026/09/15 14:40:22.924, 5, NVIDIA RTX PRO 6000 Blackwell Server Edition, P0, 0, 0, 0, 97887, 48.76, 34, 180, 12481
2026/09/15 14:40:22.926, 6, NVIDIA RTX PRO 6000 Blackwell Server Edition, P0, 0, 0, 0, 97887, 48.54, 34, 180, 12481
2026/09/15 14:40:22.929, 7, NVIDIA RTX PRO 6000 Blackwell Server Edition, P0, 0, 0, 0, 97887, 47.08, 34, 180, 12481
2026/09/15 14:40:23.998, 0, NVIDIA RTX PRO 6000 Blackwell Server Edition, P0, 0, 0, 0, 97887, 48.78, 34, 180, 12481
2026/09/15 14:40:24.001, 1, NVIDIA RTX PRO 6000 Blackwell Server Edition, P0, 0, 0, 0, 97887, 49.03, 34, 180, 12481
2026/09/15 14:40:24.003, 2, NVIDIA RTX PRO 6000 Blackwell Server Edition, P0, 0, 0, 0, 97887, 50.75, 34, 180, 12481
2026/09/15 14:40:24.005, 3, NVIDIA RTX PRO 6000 Blackwell Server Edition, P0, 0, 0, 0, 97887, 48.60, 34, 180, 12481
2026/09/15 14:40:24.007, 4, NVIDIA RTX PRO 6000 Blackwell Server Edition, P0, 0, 0, 0, 97887, 48.15, 34, 180, 12481
2026/09/15 14:40:24.009, 5, NVIDIA RTX PRO 6000 Blackwell Server Edition, P0, 0, 0, 0, 97887, 48.74, 34, 180, 12481
2026/09/15 14:40:24.012, 6, NVIDIA RTX PRO 6000 Blackwell Server Edition, P0, 0, 0, 0, 97887, 48.54, 34, 180, 12481
2026/09/15 14:40:24.014, 7, NVIDIA RTX PRO 6000 Blackwell Server Edition, P0, 0, 0, 0, 97887, 47.09, 34, 180, 12481
2026/09/15 14:40:25.089, 0, NVIDIA RTX PRO 6000 Blackwell Server Edition, P0, 0, 0, 0, 97887, 48.77, 34, 180, 12481
2026/09/15 14:40:25.091, 1, NVIDIA RTX PRO 6000 Blackwell Server Edition, P0, 0, 0, 0, 97887, 49.03, 34, 180, 12481
2026/09/15 14:40:25.093, 2, NVIDIA RTX PRO 6000 Blackwell Server Edition, P0, 0, 0, 0, 97887, 50.78, 34, 180, 12481
2026/09/15 14:40:25.095, 3, NVIDIA RTX PRO 6000 Blackwell Server Edition, P0, 0, 0, 0, 97887, 48.60, 34, 180, 12481
2026/09/15 14:40:25.098, 4, NVIDIA RTX PRO 6000 Blackwell Server Edition, P0, 0, 0, 0, 97887, 48.15, 34, 180, 12481
2026/09/15 14:40:25.100, 5, NVIDIA RTX PRO 6000 Blackwell Server Edition, P0, 0, 0, 0, 97887, 48.73, 34, 180, 12481
2026/09/15 14:40:25.102, 6, NVIDIA RTX PRO 6000 Blackwell Server Edition, P0, 0, 0, 0, 97887, 48.53, 34, 180, 12481
2026/09/15 14:40:25.104, 7, NVIDIA RTX PRO 6000 Blackwell Server Edition, P0, 0, 0, 0, 97887, 47.08, 34, 180, 12481
2026/09/15 14:40:26.173, 0, NVIDIA RTX PRO 6000 Blackwell Server Edition, P0, 0, 0, 0, 97887, 48.83, 34, 180, 12481
2026/09/15 14:40:26.176, 1, NVIDIA RTX PRO 6000 Blackwell Server Edition, P0, 0, 0, 0, 97887, 49.02, 34, 180, 12481
2026/09/15 14:40:26.178, 2, NVIDIA RTX PRO 6000 Blackwell Server Edition, P0, 0, 0, 0, 97887, 50.75, 34, 180, 12481
2026/09/15 14:40:26.180, 3, NVIDIA RTX PRO 6000 Blackwell Server Edition, P0, 0, 0, 0, 97887, 48.60, 34, 180, 12481
2026/09/15 14:40:26.183, 4, NVIDIA RTX PRO 6000 Blackwell Server Edition, P0, 0, 0, 0, 97887, 48.16, 34, 180, 12481
2026/09/15 14:40:26.185, 5, NVIDIA RTX PRO 6000 Blackwell Server Edition, P0, 0, 0, 0, 97887, 48.77, 34, 180, 12481
2026/09/15 14:40:26.187, 6, NVIDIA RTX PRO 6000 Blackwell Server Edition, P0, 0, 0, 0, 97887, 48.53, 34, 180, 12481
2026/09/15 14:40:26.189, 7, NVIDIA RTX PRO 6000 Blackwell Server Edition, P0, 0, 0, 0, 97887, 47.08, 34, 180, 12481
2026/09/15 14:40:27.260, 0, NVIDIA RTX PRO 6000 Blackwell Server Edition, P0, 0, 0, 0, 97887, 48.85, 34, 180, 12481
2026/09/15 14:40:27.263, 1, NVIDIA RTX PRO 6000 Blackwell Server Edition, P0, 0, 0, 0, 97887, 49.04, 34, 180, 12481
2026/09/15 14:40:27.265, 2, NVIDIA RTX PRO 6000 Blackwell Server Edition, P0, 0, 0, 0, 97887, 50.71, 34, 180, 12481
2026/09/15 14:40:27.267, 3, NVIDIA RTX PRO 6000 Blackwell Server Edition, P0, 0, 0, 0, 97887, 48.60, 34, 180, 12481
2026/09/15 14:40:27.269, 4, NVIDIA RTX PRO 6000 Blackwell Server Edition, P0, 0, 0, 0, 97887, 48.15, 34, 180, 12481
2026/09/15 14:40:27.271, 5, NVIDIA RTX PRO 6000 Blackwell Server Edition, P0, 0, 0, 0, 97887, 48.74, 34, 180, 12481
2026/09/15 14:40:27.274, 6, NVIDIA RTX PRO 6000 Blackwell Server Edition, P0, 0, 0, 0, 97887, 48.53, 34, 180, 12481
2026/09/15 14:40:27.276, 7, NVIDIA RTX PRO 6000 Blackwell Server Edition, P0, 0, 0, 0, 97887, 47.08, 34, 180, 12481
2026/09/15 14:40:28.345, 0, NVIDIA RTX PRO 6000 Blackwell Server Edition, P0, 0, 0, 0, 97887, 48.89, 34, 180, 12481
2026/09/15 14:40:28.347, 1, NVIDIA RTX PRO 6000 Blackwell Server Edition, P0, 0, 0, 0, 97887, 49.05, 34, 180, 12481
2026/09/15 14:40:28.350, 2, NVIDIA RTX PRO 6000 Blackwell Server Edition, P0, 0, 0, 0, 97887, 50.74, 34, 180, 12481
2026/09/15 14:40:28.352, 3, NVIDIA RTX PRO 6000 Blackwell Server Edition, P0, 0, 0, 0, 97887, 48.60, 34, 180, 12481
2026/09/15 14:40:28.354, 4, NVIDIA RTX PRO 6000 Blackwell Server Edition, P0, 0, 0, 0, 97887, 48.16, 34, 180, 12481
2026/09/15 14:40:28.356, 5, NVIDIA RTX PRO 6000 Blackwell Server Edition, P0, 0, 0, 0, 97887, 48.78, 34, 180, 12481
2026/09/15 14:40:28.358, 6, NVIDIA RTX PRO 6000 Blackwell Server Edition, P0, 0, 0, 0, 97887, 48.54, 34, 172, 12481
2026/09/15 14:40:28.361, 7, NVIDIA RTX PRO 6000 Blackwell Server Edition, P0, 0, 0, 0, 97887, 47.08, 34, 180, 12481
2026/09/15 14:40:29.430, 0, NVIDIA RTX PRO 6000 Blackwell Server Edition, P0, 0, 0, 0, 97887, 48.87, 34, 180, 12481
2026/09/15 14:40:29.433, 1, NVIDIA RTX PRO 6000 Blackwell Server Edition, P0, 0, 0, 0, 97887, 49.05, 34, 180, 12481
2026/09/15 14:40:29.435, 2, NVIDIA RTX PRO 6000 Blackwell Server Edition, P0, 0, 0, 0, 97887, 50.77, 34, 180, 12481
2026/09/15 14:40:29.437, 3, NVIDIA RTX PRO 6000 Blackwell Server Edition, P0, 0, 0, 0, 97887, 48.60, 34, 180, 12481
2026/09/15 14:40:29.439, 4, NVIDIA RTX PRO 6000 Blackwell Server Edition, P0, 0, 0, 0, 97887, 48.17, 34, 180, 12481
2026/09/15 14:40:29.441, 5, NVIDIA RTX PRO 6000 Blackwell Server Edition, P0, 0, 0, 0, 97887, 48.79, 34, 180, 12481
2026/09/15 14:40:29.444, 6, NVIDIA RTX PRO 6000 Blackwell Server Edition, P0, 0, 0, 0, 97887, 48.53, 34, 180, 12481
2026/09/15 14:40:29.446, 7, NVIDIA RTX PRO 6000 Blackwell Server Edition, P0, 0, 0, 0, 97887, 47.08, 34, 180, 12481
2026/09/15 14:40:30.516, 0, NVIDIA RTX PRO 6000 Blackwell Server Edition, P0, 0, 0, 0, 97887, 48.90, 34, 180, 12481
2026/09/15 14:40:30.518, 1, NVIDIA RTX PRO 6000 Blackwell Server Edition, P0, 0, 0, 0, 97887, 49.04, 34, 180, 12481
2026/09/15 14:40:30.521, 2, NVIDIA RTX PRO 6000 Blackwell Server Edition, P0, 0, 0, 0, 97887, 50.74, 34, 180, 12481
2026/09/15 14:40:30.523, 3, NVIDIA RTX PRO 6000 Blackwell Server Edition, P0, 0, 0, 0, 97887, 48.60, 34, 180, 12481
2026/09/15 14:40:30.525, 4, NVIDIA RTX PRO 6000 Blackwell Server Edition, P0, 0, 0, 0, 97887, 48.16, 34, 180, 12481
2026/09/15 14:40:30.527, 5, NVIDIA RTX PRO 6000 Blackwell Server Edition, P0, 0, 0, 0, 97887, 48.78, 34, 180, 12481
2026/09/15 14:40:30.529, 6, NVIDIA RTX PRO 6000 Blackwell Server Edition, P0, 0, 0, 0, 97887, 48.54, 34, 180, 12481
2026/09/15 14:40:30.532, 7, NVIDIA RTX PRO 6000 Blackwell Server Edition, P0, 0, 0, 0, 97887, 47.08, 34, 172, 12481
2026/09/15 14:40:31.602, 0, NVIDIA RTX PRO 6000 Blackwell Server Edition, P0, 0, 0, 0, 97887, 48.90, 34, 180, 12481
2026/09/15 14:40:31.605, 1, NVIDIA RTX PRO 6000 Blackwell Server Edition, P0, 0, 0, 0, 97887, 49.02, 34, 180, 12481
2026/09/15 14:40:31.607, 2, NVIDIA RTX PRO 6000 Blackwell Server Edition, P0, 0, 0, 0, 97887, 50.72, 34, 180, 12481
2026/09/15 14:40:31.609, 3, NVIDIA RTX PRO 6000 Blackwell Server Edition, P0, 0, 0, 0, 97887, 48.60, 34, 180, 12481
2026/09/15 14:40:31.611, 4, NVIDIA RTX PRO 6000 Blackwell Server Edition, P0, 0, 0, 0, 97887, 48.16, 34, 180, 12481
2026/09/15 14:40:31.614, 5, NVIDIA RTX PRO 6000 Blackwell Server Edition, P0, 0, 0, 0, 97887, 48.72, 34, 180, 12481
2026/09/15 14:40:31.616, 6, NVIDIA RTX PRO 6000 Blackwell Server Edition, P0, 0, 0, 0, 97887, 48.54, 34, 180, 12481
2026/09/15 14:40:31.618, 7, NVIDIA RTX PRO 6000 Blackwell Server Edition, P0, 0, 0, 0, 97887, 47.08, 34, 180, 12481
2026/09/15 14:40:32.687, 0, NVIDIA RTX PRO 6000 Blackwell Server Edition, P0, 0, 0, 0, 97887, 48.88, 34, 180, 12481
2026/09/15 14:40:32.690, 1, NVIDIA RTX PRO 6000 Blackwell Server Edition, P0, 0, 0, 0, 97887, 49.02, 34, 180, 12481
2026/09/15 14:40:32.692, 2, NVIDIA RTX PRO 6000 Blackwell Server Edition, P0, 0, 0, 0, 97887, 50.77, 34, 180, 12481
2026/09/15 14:40:32.694, 3, NVIDIA RTX PRO 6000 Blackwell Server Edition, P0, 0, 0, 0, 97887, 48.60, 34, 180, 12481
2026/09/15 14:40:32.696, 4, NVIDIA RTX PRO 6000 Blackwell Server Edition, P0, 0, 0, 0, 97887, 48.15, 34, 180, 12481
2026/09/15 14:40:32.698, 5, NVIDIA RTX PRO 6000 Blackwell Server Edition, P0, 0, 0, 0, 97887, 48.74, 34, 180, 12481
2026/09/15 14:40:32.701, 6, NVIDIA RTX PRO 6000 Blackwell Server Edition, P0, 0, 0, 0, 97887, 48.54, 34, 180, 12481
2026/09/15 14:40:32.703, 7, NVIDIA RTX PRO 6000 Blackwell Server Edition, P0, 0, 0, 0, 97887, 47.08, 34, 180, 12481
2026/09/15 14:40:33.774, 0, NVIDIA RTX PRO 6000 Blackwell Server Edition, P0, 0, 0, 0, 97887, 48.89, 34, 180, 12481
2026/09/15 14:40:33.776, 1, NVIDIA RTX PRO 6000 Blackwell Server Edition, P0, 0, 0, 0, 97887, 49.03, 34, 180, 12481
2026/09/15 14:40:33.778, 2, NVIDIA RTX PRO 6000 Blackwell Server Edition, P0, 0, 0, 0, 97887, 50.79, 34, 180, 12481
2026/09/15 14:40:33.780, 3, NVIDIA RTX PRO 6000 Blackwell Server Edition, P0, 0, 0, 0, 97887, 48.60, 34, 180, 12481
2026/09/15 14:40:33.783, 4, NVIDIA RTX PRO 6000 Blackwell Server Edition, P0, 0, 0, 0, 97887, 48.16, 34, 180, 12481
2026/09/15 14:40:33.785, 5, NVIDIA RTX PRO 6000 Blackwell Server Edition, P0, 0, 0, 0, 97887, 48.76, 34, 180, 12481
2026/09/15 14:40:33.787, 6, NVIDIA RTX PRO 6000 Blackwell Server Edition, P0, 0, 0, 0, 97887, 48.53, 34, 180, 12481
2026/09/15 14:40:33.789, 7, NVIDIA RTX PRO 6000 Blackwell Server Edition, P0, 0, 0, 0, 97887, 47.09, 34, 180, 12481
2026/09/15 14:40:34.860, 0, NVIDIA RTX PRO 6000 Blackwell Server Edition, P0, 0, 0, 0, 97887, 48.93, 34, 180, 12481
2026/09/15 14:40:34.862, 1, NVIDIA RTX PRO 6000 Blackwell Server Edition, P0, 0, 0, 0, 97887, 49.02, 34, 180, 12481
2026/09/15 14:40:34.864, 2, NVIDIA RTX PRO 6000 Blackwell Server Edition, P0, 0, 0, 0, 97887, 50.80, 34, 180, 12481
2026/09/15 14:40:34.867, 3, NVIDIA RTX PRO 6000 Blackwell Server Edition, P0, 0, 0, 0, 97887, 48.60, 34, 180, 12481
2026/09/15 14:40:34.869, 4, NVIDIA RTX PRO 6000 Blackwell Server Edition, P0, 0, 0, 0, 97887, 48.17, 34, 180, 12481
2026/09/15 14:40:34.872, 5, NVIDIA RTX PRO 6000 Blackwell Server Edition, P0, 0, 0, 0, 97887, 48.78, 34, 180, 12481
2026/09/15 14:40:34.874, 6, NVIDIA RTX PRO 6000 Blackwell Server Edition, P0, 0, 0, 0, 97887, 48.54, 34, 180, 12481
2026/09/15 14:40:34.876, 7, NVIDIA RTX PRO 6000 Blackwell Server Edition, P0, 0, 0, 0, 97887, 47.08, 34, 180, 12481
2026/09/15 14:40:35.947, 0, NVIDIA RTX PRO 6000 Blackwell Server Edition, P0, 0, 0, 0, 97887, 48.89, 34, 180, 12481
2026/09/15 14:40:35.950, 1, NVIDIA RTX PRO 6000 Blackwell Server Edition, P0, 0, 0, 0, 97887, 49.03, 34, 180, 12481
2026/09/15 14:40:35.952, 2, NVIDIA RTX PRO 6000 Blackwell Server Edition, P0, 0, 0, 0, 97887, 50.78, 34, 180, 12481
2026/09/15 14:40:35.954, 3, NVIDIA RTX PRO 6000 Blackwell Server Edition, P0, 0, 0, 0, 97887, 48.60, 34, 180, 12481
2026/09/15 14:40:35.957, 4, NVIDIA RTX PRO 6000 Blackwell Server Edition, P0, 0, 0, 0, 97887, 48.17, 34, 180, 12481
2026/09/15 14:40:35.959, 5, NVIDIA RTX PRO 6000 Blackwell Server Edition, P0, 0, 0, 0, 97887, 48.78, 34, 180, 12481
2026/09/15 14:40:35.961, 6, NVIDIA RTX PRO 6000 Blackwell Server Edition, P0, 0, 0, 0, 97887, 48.53, 34, 180, 12481
2026/09/15 14:40:35.963, 7, NVIDIA RTX PRO 6000 Blackwell Server Edition, P0, 0, 0, 0, 97887, 47.09, 34, 180, 12481
2026/09/15 14:40:37.036, 0, NVIDIA RTX PRO 6000 Blackwell Server Edition, P0, 0, 0, 0, 97887, 48.91, 34, 180, 12481
2026/09/15 14:40:37.038, 1, NVIDIA RTX PRO 6000 Blackwell Server Edition, P0, 0, 0, 0, 97887, 49.02, 34, 180, 12481
2026/09/15 14:40:37.040, 2, NVIDIA RTX PRO 6000 Blackwell Server Edition, P0, 0, 0, 0, 97887, 50.70, 34, 180, 12481
2026/09/15 14:40:37.042, 3, NVIDIA RTX PRO 6000 Blackwell Server Edition, P0, 0, 0, 0, 97887, 48.60, 34, 180, 12481
2026/09/15 14:40:37.044, 4, NVIDIA RTX PRO 6000 Blackwell Server Edition, P0, 0, 0, 0, 97887, 48.16, 34, 180, 12481
2026/09/15 14:40:37.047, 5, NVIDIA RTX PRO 6000 Blackwell Server Edition, P0, 0, 0, 0, 97887, 48.79, 34, 180, 12481
2026/09/15 14:40:37.049, 6, NVIDIA RTX PRO 6000 Blackwell Server Edition, P0, 0, 0, 0, 97887, 48.54, 34, 180, 12481
2026/09/15 14:40:37.051, 7, NVIDIA RTX PRO 6000 Blackwell Server Edition, P0, 0, 0, 0, 97887, 47.08, 34, 180, 12481
2026/09/15 14:40:38.122, 0, NVIDIA RTX PRO 6000 Blackwell Server Edition, P0, 0, 0, 0, 97887, 48.88, 34, 180, 12481
2026/09/15 14:40:38.124, 1, NVIDIA RTX PRO 6000 Blackwell Server Edition, P0, 0, 0, 0, 97887, 49.02, 34, 180, 12481
2026/09/15 14:40:38.127, 2, NVIDIA RTX PRO 6000 Blackwell Server Edition, P0, 0, 0, 0, 97887, 50.80, 34, 180, 12481
2026/09/15 14:40:38.129, 3, NVIDIA RTX PRO 6000 Blackwell Server Edition, P0, 0, 0, 0, 97887, 48.60, 34, 180, 12481
2026/09/15 14:40:38.131, 4, NVIDIA RTX PRO 6000 Blackwell Server Edition, P0, 0, 0, 0, 97887, 48.17, 34, 180, 12481
2026/09/15 14:40:38.133, 5, NVIDIA RTX PRO 6000 Blackwell Server Edition, P0, 0, 0, 0, 97887, 48.82, 34, 180, 12481
2026/09/15 14:40:38.135, 6, NVIDIA RTX PRO 6000 Blackwell Server Edition, P0, 0, 0, 0, 97887, 48.55, 34, 180, 12481
2026/09/15 14:40:38.137, 7, NVIDIA RTX PRO 6000 Blackwell Server Edition, P0, 0, 0, 0, 97887, 47.08, 34, 180, 12481
2026/09/15 14:40:39.208, 0, NVIDIA RTX PRO 6000 Blackwell Server Edition, P0, 0, 0, 0, 97887, 48.92, 34, 180, 12481
2026/09/15 14:40:39.210, 1, NVIDIA RTX PRO 6000 Blackwell Server Edition, P0, 0, 0, 0, 97887, 49.02, 34, 180, 12481
2026/09/15 14:40:39.212, 2, NVIDIA RTX PRO 6000 Blackwell Server Edition, P0, 0, 0, 0, 97887, 50.76, 34, 180, 12481
2026/09/15 14:40:39.215, 3, NVIDIA RTX PRO 6000 Blackwell Server Edition, P0, 0, 0, 0, 97887, 48.60, 34, 180, 12481
2026/09/15 14:40:39.217, 4, NVIDIA RTX PRO 6000 Blackwell Server Edition, P0, 0, 0, 0, 97887, 48.16, 34, 180, 12481
2026/09/15 14:40:39.219, 5, NVIDIA RTX PRO 6000 Blackwell Server Edition, P0, 0, 0, 0, 97887, 48.80, 34, 180, 12481
2026/09/15 14:40:39.221, 6, NVIDIA RTX PRO 6000 Blackwell Server Edition, P0, 0, 0, 0, 97887, 48.54, 34, 180, 12481
2026/09/15 14:40:39.223, 7, NVIDIA RTX PRO 6000 Blackwell Server Edition, P0, 0, 0, 0, 97887, 47.08, 34, 180, 12481
2026/09/15 14:40:40.292, 0, NVIDIA RTX PRO 6000 Blackwell Server Edition, P0, 0, 0, 0, 97887, 48.85, 34, 180, 12481
2026/09/15 14:40:40.294, 1, NVIDIA RTX PRO 6000 Blackwell Server Edition, P0, 0, 0, 0, 97887, 49.03, 34, 180, 12481
2026/09/15 14:40:40.296, 2, NVIDIA RTX PRO 6000 Blackwell Server Edition, P0, 0, 0, 0, 97887, 50.80, 34, 180, 12481
2026/09/15 14:40:40.299, 3, NVIDIA RTX PRO 6000 Blackwell Server Edition, P0, 0, 0, 0, 97887, 48.60, 34, 180, 12481
2026/09/15 14:40:40.301, 4, NVIDIA RTX PRO 6000 Blackwell Server Edition, P0, 0, 0, 0, 97887, 48.16, 34, 180, 12481
2026/09/15 14:40:40.303, 5, NVIDIA RTX PRO 6000 Blackwell Server Edition, P0, 0, 0, 0, 97887, 48.70, 34, 180, 12481
2026/09/15 14:40:40.305, 6, NVIDIA RTX PRO 6000 Blackwell Server Edition, P0, 0, 0, 0, 97887, 48.55, 34, 180, 12481
2026/09/15 14:40:40.307, 7, NVIDIA RTX PRO 6000 Blackwell Server Edition, P0, 0, 0, 0, 97887, 47.08, 34, 180, 12481
2026/09/15 14:40:41.376, 0, NVIDIA RTX PRO 6000 Blackwell Server Edition, P0, 0, 0, 0, 97887, 48.85, 34, 180, 12481
2026/09/15 14:40:41.379, 1, NVIDIA RTX PRO 6000 Blackwell Server Edition, P0, 0, 0, 0, 97887, 49.02, 34, 180, 12481
2026/09/15 14:40:41.381, 2, NVIDIA RTX PRO 6000 Blackwell Server Edition, P0, 0, 0, 0, 97887, 50.78, 34, 180, 12481
2026/09/15 14:40:41.383, 3, NVIDIA RTX PRO 6000 Blackwell Server Edition, P0, 0, 0, 0, 97887, 48.60, 34, 180, 12481
2026/09/15 14:40:41.385, 4, NVIDIA RTX PRO 6000 Blackwell Server Edition, P0, 0, 0, 0, 97887, 48.17, 34, 180, 12481
2026/09/15 14:40:41.388, 5, NVIDIA RTX PRO 6000 Blackwell Server Edition, P0, 0, 0, 0, 97887, 48.74, 34, 180, 12481
2026/09/15 14:40:41.390, 6, NVIDIA RTX PRO 6000 Blackwell Server Edition, P0, 0, 0, 0, 97887, 48.54, 34, 180, 12481
2026/09/15 14:40:41.392, 7, NVIDIA RTX PRO 6000 Blackwell Server Edition, P0, 0, 0, 0, 97887, 47.09, 34, 180, 12481
2026/09/15 14:40:42.462, 0, NVIDIA RTX PRO 6000 Blackwell Server Edition, P0, 0, 0, 0, 97887, 48.81, 34, 180, 12481
2026/09/15 14:40:42.464, 1, NVIDIA RTX PRO 6000 Blackwell Server Edition, P0, 0, 0, 0, 97887, 49.04, 34, 180, 12481
2026/09/15 14:40:42.466, 2, NVIDIA RTX PRO 6000 Blackwell Server Edition, P0, 0, 0, 0, 97887, 50.81, 34, 180, 12481
2026/09/15 14:40:42.469, 3, NVIDIA RTX PRO 6000 Blackwell Server Edition, P0, 0, 0, 0, 97887, 48.59, 34, 180, 12481
2026/09/15 14:40:42.471, 4, NVIDIA RTX PRO 6000 Blackwell Server Edition, P0, 0, 0, 0, 97887, 48.15, 34, 180, 12481
2026/09/15 14:40:42.473, 5, NVIDIA RTX PRO 6000 Blackwell Server Edition, P0, 0, 0, 0, 97887, 48.76, 34, 180, 12481
2026/09/15 14:40:42.475, 6, NVIDIA RTX PRO 6000 Blackwell Server Edition, P0, 0, 0, 0, 97887, 48.54, 34, 180, 12481
2026/09/15 14:40:42.478, 7, NVIDIA RTX PRO 6000 Blackwell Server Edition, P0, 0, 0, 0, 97887, 47.08, 34, 180, 12481
2026/09/15 14:40:43.547, 0, NVIDIA RTX PRO 6000 Blackwell Server Edition, P0, 0, 0, 0, 97887, 48.89, 34, 180, 12481
2026/09/15 14:40:43.549, 1, NVIDIA RTX PRO 6000 Blackwell Server Edition, P0, 0, 0, 0, 97887, 49.03, 34, 180, 12481
2026/09/15 14:40:43.551, 2, NVIDIA RTX PRO 6000 Blackwell Server Edition, P0, 0, 0, 0, 97887, 50.75, 34, 180, 12481
2026/09/15 14:40:43.553, 3, NVIDIA RTX PRO 6000 Blackwell Server Edition, P0, 0, 0, 0, 97887, 48.60, 34, 180, 12481
2026/09/15 14:40:43.555, 4, NVIDIA RTX PRO 6000 Blackwell Server Edition, P0, 0, 0, 0, 97887, 48.16, 34, 180, 12481
2026/09/15 14:40:43.558, 5, NVIDIA RTX PRO 6000 Blackwell Server Edition, P0, 0, 0, 0, 97887, 48.80, 34, 180, 12481
2026/09/15 14:40:43.560, 6, NVIDIA RTX PRO 6000 Blackwell Server Edition, P0, 0, 0, 0, 97887, 48.54, 34, 180, 12481
2026/09/15 14:40:43.562, 7, NVIDIA RTX PRO 6000 Blackwell Server Edition, P0, 0, 0, 0, 97887, 47.08, 34, 180, 12481
2026/09/15 14:40:44.632, 0, NVIDIA RTX PRO 6000 Blackwell Server Edition, P0, 0, 0, 0, 97887, 48.87, 34, 180, 12481
2026/09/15 14:40:44.635, 1, NVIDIA RTX PRO 6000 Blackwell Server Edition, P0, 0, 0, 0, 97887, 49.02, 34, 180, 12481
2026/09/15 14:40:44.637, 2, NVIDIA RTX PRO 6000 Blackwell Server Edition, P0, 0, 0, 0, 97887, 50.75, 34, 180, 12481
2026/09/15 14:40:44.639, 3, NVIDIA RTX PRO 6000 Blackwell Server Edition, P0, 0, 0, 0, 97887, 48.60, 34, 180, 12481
2026/09/15 14:40:44.641, 4, NVIDIA RTX PRO 6000 Blackwell Server Edition, P0, 0, 0, 0, 97887, 48.16, 34, 180, 12481
2026/09/15 14:40:44.643, 5, NVIDIA RTX PRO 6000 Blackwell Server Edition, P0, 0, 0, 0, 97887, 48.74, 34, 180, 12481
2026/09/15 14:40:44.646, 6, NVIDIA RTX PRO 6000 Blackwell Server Edition, P0, 0, 0, 0, 97887, 48.52, 34, 180, 12481
2026/09/15 14:40:44.648, 7, NVIDIA RTX PRO 6000 Blackwell Server Edition, P0, 0, 0, 0, 97887, 47.09, 34, 180, 12481
2026/09/15 14:40:45.718, 0, NVIDIA RTX PRO 6000 Blackwell Server Edition, P0, 0, 0, 0, 97887, 48.82, 34, 180, 12481
2026/09/15 14:40:45.720, 1, NVIDIA RTX PRO 6000 Blackwell Server Edition, P0, 0, 0, 0, 97887, 49.02, 34, 180, 12481
2026/09/15 14:40:45.723, 2, NVIDIA RTX PRO 6000 Blackwell Server Edition, P0, 0, 0, 0, 97887, 50.72, 34, 180, 12481
2026/09/15 14:40:45.725, 3, NVIDIA RTX PRO 6000 Blackwell Server Edition, P0, 0, 0, 0, 97887, 48.60, 34, 180, 12481
2026/09/15 14:40:45.727, 4, NVIDIA RTX PRO 6000 Blackwell Server Edition, P0, 0, 0, 0, 97887, 48.16, 34, 180, 12481
2026/09/15 14:40:45.729, 5, NVIDIA RTX PRO 6000 Blackwell Server Edition, P0, 0, 0, 0, 97887, 48.77, 34, 180, 12481
2026/09/15 14:40:45.731, 6, NVIDIA RTX PRO 6000 Blackwell Server Edition, P0, 0, 0, 0, 97887, 48.54, 34, 180, 12481
2026/09/15 14:40:45.734, 7, NVIDIA RTX PRO 6000 Blackwell Server Edition, P0, 0, 0, 0, 97887, 47.08, 34, 180, 12481
2026/09/15 14:40:46.802, 0, NVIDIA RTX PRO 6000 Blackwell Server Edition, P0, 0, 0, 0, 97887, 48.82, 34, 180, 12481
2026/09/15 14:40:46.804, 1, NVIDIA RTX PRO 6000 Blackwell Server Edition, P0, 0, 0, 0, 97887, 49.02, 34, 180, 12481
2026/09/15 14:40:46.806, 2, NVIDIA RTX PRO 6000 Blackwell Server Edition, P0, 0, 0, 0, 97887, 50.77, 34, 180, 12481
2026/09/15 14:40:46.809, 3, NVIDIA RTX PRO 6000 Blackwell Server Edition, P0, 0, 0, 0, 97887, 48.60, 34, 180, 12481
2026/09/15 14:40:46.811, 4, NVIDIA RTX PRO 6000 Blackwell Server Edition, P0, 0, 0, 0, 97887, 48.17, 34, 180, 12481
2026/09/15 14:40:46.813, 5, NVIDIA RTX PRO 6000 Blackwell Server Edition, P0, 0, 0, 0, 97887, 48.77, 34, 180, 12481
2026/09/15 14:40:46.815, 6, NVIDIA RTX PRO 6000 Blackwell Server Edition, P0, 0, 0, 0, 97887, 48.54, 34, 180, 12481
2026/09/15 14:40:46.817, 7, NVIDIA RTX PRO 6000 Blackwell Server Edition, P0, 0, 0, 0, 97887, 47.08, 34, 180, 12481
2026/09/15 14:40:47.887, 0, NVIDIA RTX PRO 6000 Blackwell Server Edition, P0, 0, 0, 0, 97887, 48.84, 34, 180, 12481
2026/09/15 14:40:47.889, 1, NVIDIA RTX PRO 6000 Blackwell Server Edition, P0, 0, 0, 0, 97887, 49.02, 34, 180, 12481
2026/09/15 14:40:47.892, 2, NVIDIA RTX PRO 6000 Blackwell Server Edition, P0, 0, 0, 0, 97887, 50.77, 34, 180, 12481
2026/09/15 14:40:47.894, 3, NVIDIA RTX PRO 6000 Blackwell Server Edition, P0, 0, 0, 0, 97887, 48.59, 34, 180, 12481
2026/09/15 14:40:47.896, 4, NVIDIA RTX PRO 6000 Blackwell Server Edition, P0, 0, 0, 0, 97887, 48.15, 34, 172, 12481
2026/09/15 14:40:47.898, 5, NVIDIA RTX PRO 6000 Blackwell Server Edition, P0, 0, 0, 0, 97887, 48.73, 34, 180, 12481
2026/09/15 14:40:47.901, 6, NVIDIA RTX PRO 6000 Blackwell Server Edition, P0, 0, 0, 0, 97887, 48.54, 34, 180, 12481
2026/09/15 14:40:47.903, 7, NVIDIA RTX PRO 6000 Blackwell Server Edition, P0, 0, 0, 0, 97887, 47.08, 34, 180, 12481
2026/09/15 14:40:48.974, 0, NVIDIA RTX PRO 6000 Blackwell Server Edition, P0, 0, 0, 0, 97887, 48.84, 34, 180, 12481
2026/09/15 14:40:48.977, 1, NVIDIA RTX PRO 6000 Blackwell Server Edition, P0, 0, 0, 0, 97887, 49.03, 34, 180, 12481
2026/09/15 14:40:48.979, 2, NVIDIA RTX PRO 6000 Blackwell Server Edition, P0, 0, 0, 0, 97887, 50.80, 34, 180, 12481
2026/09/15 14:40:48.981, 3, NVIDIA RTX PRO 6000 Blackwell Server Edition, P0, 0, 0, 0, 97887, 48.59, 34, 180, 12481
2026/09/15 14:40:48.984, 4, NVIDIA RTX PRO 6000 Blackwell Server Edition, P0, 0, 0, 0, 97887, 48.16, 34, 180, 12481
2026/09/15 14:40:48.986, 5, NVIDIA RTX PRO 6000 Blackwell Server Edition, P0, 0, 0, 0, 97887, 48.80, 34, 180, 12481
2026/09/15 14:40:48.988, 6, NVIDIA RTX PRO 6000 Blackwell Server Edition, P0, 0, 0, 0, 97887, 48.55, 34, 180, 12481
2026/09/15 14:40:48.990, 7, NVIDIA RTX PRO 6000 Blackwell Server Edition, P0, 0, 0, 0, 97887, 47.08, 34, 180, 12481
2026/09/15 14:40:50.061, 0, NVIDIA RTX PRO 6000 Blackwell Server Edition, P0, 0, 0, 0, 97887, 48.92, 34, 180, 12481
2026/09/15 14:40:50.064, 1, NVIDIA RTX PRO 6000 Blackwell Server Edition, P0, 0, 0, 0, 97887, 49.02, 34, 180, 12481
2026/09/15 14:40:50.066, 2, NVIDIA RTX PRO 6000 Blackwell Server Edition, P0, 0, 0, 0, 97887, 50.75, 34, 180, 12481
2026/09/15 14:40:50.068, 3, NVIDIA RTX PRO 6000 Blackwell Server Edition, P0, 0, 0, 0, 97887, 48.60, 34, 180, 12481
2026/09/15 14:40:50.070, 4, NVIDIA RTX PRO 6000 Blackwell Server Edition, P0, 0, 0, 0, 97887, 48.15, 34, 180, 12481
2026/09/15 14:40:50.073, 5, NVIDIA RTX PRO 6000 Blackwell Server Edition, P0, 0, 0, 0, 97887, 48.73, 34, 180, 12481
2026/09/15 14:40:50.075, 6, NVIDIA RTX PRO 6000 Blackwell Server Edition, P0, 0, 0, 0, 97887, 48.56, 34, 180, 12481
2026/09/15 14:40:50.077, 7, NVIDIA RTX PRO 6000 Blackwell Server Edition, P0, 0, 0, 0, 97887, 47.08, 34, 180, 12481
2026/09/15 14:40:51.148, 0, NVIDIA RTX PRO 6000 Blackwell Server Edition, P0, 0, 0, 0, 97887, 48.82, 34, 180, 12481
2026/09/15 14:40:51.151, 1, NVIDIA RTX PRO 6000 Blackwell Server Edition, P0, 0, 0, 0, 97887, 49.02, 34, 180, 12481
2026/09/15 14:40:51.153, 2, NVIDIA RTX PRO 6000 Blackwell Server Edition, P0, 0, 0, 0, 97887, 50.72, 34, 180, 12481
2026/09/15 14:40:51.155, 3, NVIDIA RTX PRO 6000 Blackwell Server Edition, P0, 0, 0, 0, 97887, 48.60, 34, 180, 12481
2026/09/15 14:40:51.157, 4, NVIDIA RTX PRO 6000 Blackwell Server Edition, P0, 0, 0, 0, 97887, 48.16, 34, 180, 12481
2026/09/15 14:40:51.159, 5, NVIDIA RTX PRO 6000 Blackwell Server Edition, P0, 0, 0, 0, 97887, 48.76, 34, 180, 12481
2026/09/15 14:40:51.162, 6, NVIDIA RTX PRO 6000 Blackwell Server Edition, P0, 0, 0, 0, 97887, 48.56, 34, 180, 12481
2026/09/15 14:40:51.164, 7, NVIDIA RTX PRO 6000 Blackwell Server Edition, P0, 0, 0, 0, 97887, 47.08, 34, 180, 12481
2026/09/15 14:40:52.236, 0, NVIDIA RTX PRO 6000 Blackwell Server Edition, P0, 0, 0, 0, 97887, 48.83, 34, 180, 12481
2026/09/15 14:40:52.238, 1, NVIDIA RTX PRO 6000 Blackwell Server Edition, P0, 0, 0, 0, 97887, 49.02, 34, 180, 12481
2026/09/15 14:40:52.240, 2, NVIDIA RTX PRO 6000 Blackwell Server Edition, P0, 0, 0, 0, 97887, 50.76, 34, 180, 12481
2026/09/15 14:40:52.242, 3, NVIDIA RTX PRO 6000 Blackwell Server Edition, P0, 0, 0, 0, 97887, 48.60, 34, 180, 12481
2026/09/15 14:40:52.244, 4, NVIDIA RTX PRO 6000 Blackwell Server Edition, P0, 0, 0, 0, 97887, 48.16, 34, 180, 12481
2026/09/15 14:40:52.247, 5, NVIDIA RTX PRO 6000 Blackwell Server Edition, P0, 0, 0, 0, 97887, 48.77, 34, 180, 12481
2026/09/15 14:40:52.249, 6, NVIDIA RTX PRO 6000 Blackwell Server Edition, P0, 0, 0, 0, 97887, 48.54, 34, 180, 12481
2026/09/15 14:40:52.251, 7, NVIDIA RTX PRO 6000 Blackwell Server Edition, P0, 0, 0, 0, 97887, 47.08, 34, 180, 12481
2026/09/15 14:40:53.320, 0, NVIDIA RTX PRO 6000 Blackwell Server Edition, P0, 0, 0, 0, 97887, 48.92, 34, 180, 12481
2026/09/15 14:40:53.323, 1, NVIDIA RTX PRO 6000 Blackwell Server Edition, P0, 0, 0, 0, 97887, 49.03, 34, 180, 12481
2026/09/15 14:40:53.325, 2, NVIDIA RTX PRO 6000 Blackwell Server Edition, P0, 0, 0, 0, 97887, 50.73, 34, 180, 12481
2026/09/15 14:40:53.327, 3, NVIDIA RTX PRO 6000 Blackwell Server Edition, P0, 0, 0, 0, 97887, 48.59, 34, 180, 12481
2026/09/15 14:40:53.329, 4, NVIDIA RTX PRO 6000 Blackwell Server Edition, P0, 0, 0, 0, 97887, 48.17, 34, 180, 12481
2026/09/15 14:40:53.331, 5, NVIDIA RTX PRO 6000 Blackwell Server Edition, P0, 0, 0, 0, 97887, 48.80, 34, 180, 12481
2026/09/15 14:40:53.333, 6, NVIDIA RTX PRO 6000 Blackwell Server Edition, P0, 0, 0, 0, 97887, 48.55, 34, 180, 12481
2026/09/15 14:40:53.336, 7, NVIDIA RTX PRO 6000 Blackwell Server Edition, P0, 0, 0, 0, 97887, 47.08, 34, 180, 12481
2026/09/15 14:40:54.406, 0, NVIDIA RTX PRO 6000 Blackwell Server Edition, P0, 0, 0, 0, 97887, 48.85, 34, 180, 12481
2026/09/15 14:40:54.409, 1, NVIDIA RTX PRO 6000 Blackwell Server Edition, P0, 0, 0, 0, 97887, 49.03, 34, 180, 12481
2026/09/15 14:40:54.411, 2, NVIDIA RTX PRO 6000 Blackwell Server Edition, P0, 0, 0, 0, 97887, 50.69, 34, 180, 12481
2026/09/15 14:40:54.413, 3, NVIDIA RTX PRO 6000 Blackwell Server Edition, P0, 0, 0, 0, 97887, 48.59, 34, 180, 12481
2026/09/15 14:40:54.415, 4, NVIDIA RTX PRO 6000 Blackwell Server Edition, P0, 0, 0, 0, 97887, 48.16, 34, 180, 12481
2026/09/15 14:40:54.417, 5, NVIDIA RTX PRO 6000 Blackwell Server Edition, P0, 0, 0, 0, 97887, 48.73, 34, 180, 12481
2026/09/15 14:40:54.420, 6, NVIDIA RTX PRO 6000 Blackwell Server Edition, P0, 0, 0, 0, 97887, 48.54, 34, 180, 12481
2026/09/15 14:40:54.422, 7, NVIDIA RTX PRO 6000 Blackwell Server Edition, P0, 0, 0, 0, 97887, 47.08, 34, 180, 12481
2026/09/15 14:40:55.493, 0, NVIDIA RTX PRO 6000 Blackwell Server Edition, P0, 0, 0, 0, 97887, 48.88, 34, 180, 12481
2026/09/15 14:40:55.495, 1, NVIDIA RTX PRO 6000 Blackwell Server Edition, P0, 0, 0, 0, 97887, 49.03, 34, 180, 12481
2026/09/15 14:40:55.497, 2, NVIDIA RTX PRO 6000 Blackwell Server Edition, P0, 0, 0, 0, 97887, 50.75, 34, 180, 12481
2026/09/15 14:40:55.499, 3, NVIDIA RTX PRO 6000 Blackwell Server Edition, P0, 0, 0, 0, 97887, 48.60, 34, 180, 12481
2026/09/15 14:40:55.502, 4, NVIDIA RTX PRO 6000 Blackwell Server Edition, P0, 0, 0, 0, 97887, 48.16, 34, 180, 12481
2026/09/15 14:40:55.504, 5, NVIDIA RTX PRO 6000 Blackwell Server Edition, P0, 0, 0, 0, 97887, 48.79, 34, 180, 12481
2026/09/15 14:40:55.506, 6, NVIDIA RTX PRO 6000 Blackwell Server Edition, P0, 0, 0, 0, 97887, 48.55, 34, 180, 12481
2026/09/15 14:40:55.508, 7, NVIDIA RTX PRO 6000 Blackwell Server Edition, P0, 0, 0, 0, 97887, 47.08, 34, 180, 12481
2026/09/15 14:40:56.579, 0, NVIDIA RTX PRO 6000 Blackwell Server Edition, P0, 0, 0, 0, 97887, 48.87, 34, 180, 12481
2026/09/15 14:40:56.581, 1, NVIDIA RTX PRO 6000 Blackwell Server Edition, P0, 0, 0, 0, 97887, 49.04, 34, 180, 12481
2026/09/15 14:40:56.583, 2, NVIDIA RTX PRO 6000 Blackwell Server Edition, P0, 0, 0, 0, 97887, 50.63, 34, 180, 12481
2026/09/15 14:40:56.585, 3, NVIDIA RTX PRO 6000 Blackwell Server Edition, P0, 0, 0, 0, 97887, 48.60, 34, 180, 12481
2026/09/15 14:40:56.588, 4, NVIDIA RTX PRO 6000 Blackwell Server Edition, P0, 0, 0, 0, 97887, 48.16, 34, 180, 12481
2026/09/15 14:40:56.590, 5, NVIDIA RTX PRO 6000 Blackwell Server Edition, P0, 0, 0, 0, 97887, 48.77, 34, 180, 12481
2026/09/15 14:40:56.592, 6, NVIDIA RTX PRO 6000 Blackwell Server Edition, P0, 0, 0, 0, 97887, 48.55, 34, 180, 12481
2026/09/15 14:40:56.594, 7, NVIDIA RTX PRO 6000 Blackwell Server Edition, P0, 0, 0, 0, 97887, 47.08, 34, 180, 12481
2026/09/15 14:40:57.663, 0, NVIDIA RTX PRO 6000 Blackwell Server Edition, P0, 0, 0, 0, 97887, 48.90, 34, 180, 12481
2026/09/15 14:40:57.666, 1, NVIDIA RTX PRO 6000 Blackwell Server Edition, P0, 0, 0, 0, 97887, 49.02, 34, 180, 12481
2026/09/15 14:40:57.668, 2, NVIDIA RTX PRO 6000 Blackwell Server Edition, P0, 0, 0, 0, 97887, 50.73, 34, 180, 12481
2026/09/15 14:40:57.670, 3, NVIDIA RTX PRO 6000 Blackwell Server Edition, P0, 0, 0, 0, 97887, 48.60, 34, 180, 12481
2026/09/15 14:40:57.672, 4, NVIDIA RTX PRO 6000 Blackwell Server Edition, P0, 0, 0, 0, 97887, 48.16, 34, 180, 12481
2026/09/15 14:40:57.674, 5, NVIDIA RTX PRO 6000 Blackwell Server Edition, P0, 0, 0, 0, 97887, 48.75, 34, 180, 12481
2026/09/15 14:40:57.677, 6, NVIDIA RTX PRO 6000 Blackwell Server Edition, P0, 0, 0, 0, 97887, 48.55, 34, 180, 12481
2026/09/15 14:40:57.679, 7, NVIDIA RTX PRO 6000 Blackwell Server Edition, P0, 0, 0, 0, 97887, 47.08, 34, 180, 12481
2026/09/15 14:40:58.750, 0, NVIDIA RTX PRO 6000 Blackwell Server Edition, P0, 0, 0, 0, 97887, 48.83, 34, 180, 12481
2026/09/15 14:40:58.752, 1, NVIDIA RTX PRO 6000 Blackwell Server Edition, P0, 0, 0, 0, 97887, 49.02, 34, 180, 12481
2026/09/15 14:40:58.754, 2, NVIDIA RTX PRO 6000 Blackwell Server Edition, P0, 0, 0, 0, 97887, 50.75, 34, 180, 12481
2026/09/15 14:40:58.756, 3, NVIDIA RTX PRO 6000 Blackwell Server Edition, P0, 0, 0, 0, 97887, 48.60, 34, 180, 12481
2026/09/15 14:40:58.759, 4, NVIDIA RTX PRO 6000 Blackwell Server Edition, P0, 0, 0, 0, 97887, 48.16, 34, 180, 12481
2026/09/15 14:40:58.761, 5, NVIDIA RTX PRO 6000 Blackwell Server Edition, P0, 0, 0, 0, 97887, 48.75, 34, 180, 12481
2026/09/15 14:40:58.763, 6, NVIDIA RTX PRO 6000 Blackwell Server Edition, P0, 0, 0, 0, 97887, 48.55, 34, 180, 12481
2026/09/15 14:40:58.765, 7, NVIDIA RTX PRO 6000 Blackwell Server Edition, P0, 0, 0, 0, 97887, 47.08, 34, 180, 12481
2026/09/15 14:40:59.836, 0, NVIDIA RTX PRO 6000 Blackwell Server Edition, P0, 0, 0, 0, 97887, 48.90, 34, 180, 12481
2026/09/15 14:40:59.838, 1, NVIDIA RTX PRO 6000 Blackwell Server Edition, P0, 0, 0, 0, 97887, 49.02, 34, 180, 12481
2026/09/15 14:40:59.841, 2, NVIDIA RTX PRO 6000 Blackwell Server Edition, P0, 0, 0, 0, 97887, 50.75, 34, 180, 12481
2026/09/15 14:40:59.843, 3, NVIDIA RTX PRO 6000 Blackwell Server Edition, P0, 0, 0, 0, 97887, 48.60, 34, 180, 12481
2026/09/15 14:40:59.845, 4, NVIDIA RTX PRO 6000 Blackwell Server Edition, P0, 0, 0, 0, 97887, 48.17, 34, 180, 12481
2026/09/15 14:40:59.847, 5, NVIDIA RTX PRO 6000 Blackwell Server Edition, P0, 0, 0, 0, 97887, 48.78, 34, 180, 12481
2026/09/15 14:40:59.849, 6, NVIDIA RTX PRO 6000 Blackwell Server Edition, P0, 0, 0, 0, 97887, 48.56, 34, 180, 12481
2026/09/15 14:40:59.852, 7, NVIDIA RTX PRO 6000 Blackwell Server Edition, P0, 0, 0, 0, 97887, 47.09, 34, 180, 12481
2026/09/15 14:41:00.923, 0, NVIDIA RTX PRO 6000 Blackwell Server Edition, P0, 0, 0, 0, 97887, 48.87, 34, 180, 12481
2026/09/15 14:41:00.925, 1, NVIDIA RTX PRO 6000 Blackwell Server Edition, P0, 0, 0, 0, 97887, 49.03, 34, 180, 12481
2026/09/15 14:41:00.927, 2, NVIDIA RTX PRO 6000 Blackwell Server Edition, P0, 0, 0, 0, 97887, 50.72, 34, 180, 12481
2026/09/15 14:41:00.929, 3, NVIDIA RTX PRO 6000 Blackwell Server Edition, P0, 0, 0, 0, 97887, 48.60, 34, 180, 12481
2026/09/15 14:41:00.932, 4, NVIDIA RTX PRO 6000 Blackwell Server Edition, P0, 0, 0, 0, 97887, 48.15, 34, 180, 12481
2026/09/15 14:41:00.934, 5, NVIDIA RTX PRO 6000 Blackwell Server Edition, P0, 0, 0, 0, 97887, 48.78, 34, 180, 12481
2026/09/15 14:41:00.936, 6, NVIDIA RTX PRO 6000 Blackwell Server Edition, P0, 0, 0, 0, 97887, 48.55, 34, 180, 12481
2026/09/15 14:41:00.938, 7, NVIDIA RTX PRO 6000 Blackwell Server Edition, P0, 0, 0, 0, 97887, 47.08, 34, 180, 12481
2026/09/15 14:41:02.008, 0, NVIDIA RTX PRO 6000 Blackwell Server Edition, P0, 0, 0, 0, 97887, 48.91, 34, 180, 12481
2026/09/15 14:41:02.011, 1, NVIDIA RTX PRO 6000 Blackwell Server Edition, P0, 0, 0, 0, 97887, 49.02, 34, 180, 12481
2026/09/15 14:41:02.013, 2, NVIDIA RTX PRO 6000 Blackwell Server Edition, P0, 0, 0, 0, 97887, 50.79, 34, 180, 12481
2026/09/15 14:41:02.015, 3, NVIDIA RTX PRO 6000 Blackwell Server Edition, P0, 0, 0, 0, 97887, 48.59, 34, 180, 12481
2026/09/15 14:41:02.017, 4, NVIDIA RTX PRO 6000 Blackwell Server Edition, P0, 0, 0, 0, 97887, 48.17, 34, 172, 12481
2026/09/15 14:41:02.019, 5, NVIDIA RTX PRO 6000 Blackwell Server Edition, P0, 0, 0, 0, 97887, 48.76, 34, 180, 12481
2026/09/15 14:41:02.022, 6, NVIDIA RTX PRO 6000 Blackwell Server Edition, P0, 0, 0, 0, 97887, 48.54, 34, 180, 12481
2026/09/15 14:41:02.024, 7, NVIDIA RTX PRO 6000 Blackwell Server Edition, P0, 0, 0, 0, 97887, 47.08, 34, 180, 12481
2026/09/15 14:41:03.093, 0, NVIDIA RTX PRO 6000 Blackwell Server Edition, P0, 0, 0, 0, 97887, 48.87, 34, 180, 12481
2026/09/15 14:41:03.096, 1, NVIDIA RTX PRO 6000 Blackwell Server Edition, P0, 0, 0, 0, 97887, 49.02, 34, 180, 12481
2026/09/15 14:41:03.099, 2, NVIDIA RTX PRO 6000 Blackwell Server Edition, P0, 0, 0, 0, 97887, 50.77, 34, 180, 12481
2026/09/15 14:41:03.101, 3, NVIDIA RTX PRO 6000 Blackwell Server Edition, P0, 0, 0, 0, 97887, 48.59, 34, 180, 12481
2026/09/15 14:41:03.103, 4, NVIDIA RTX PRO 6000 Blackwell Server Edition, P0, 0, 0, 0, 97887, 48.16, 34, 180, 12481
2026/09/15 14:41:03.105, 5, NVIDIA RTX PRO 6000 Blackwell Server Edition, P0, 0, 0, 0, 97887, 48.72, 34, 180, 12481
2026/09/15 14:41:03.107, 6, NVIDIA RTX PRO 6000 Blackwell Server Edition, P0, 0, 0, 0, 97887, 48.56, 34, 180, 12481
2026/09/15 14:41:03.110, 7, NVIDIA RTX PRO 6000 Blackwell Server Edition, P0, 0, 0, 0, 97887, 47.09, 34, 180, 12481
2026/09/15 14:41:04.178, 0, NVIDIA RTX PRO 6000 Blackwell Server Edition, P0, 0, 0, 0, 97887, 48.90, 34, 180, 12481
2026/09/15 14:41:04.181, 1, NVIDIA RTX PRO 6000 Blackwell Server Edition, P0, 0, 0, 0, 97887, 49.03, 34, 180, 12481
2026/09/15 14:41:04.183, 2, NVIDIA RTX PRO 6000 Blackwell Server Edition, P0, 0, 0, 0, 97887, 50.77, 34, 180, 12481
2026/09/15 14:41:04.185, 3, NVIDIA RTX PRO 6000 Blackwell Server Edition, P0, 0, 0, 0, 97887, 48.59, 34, 180, 12481
2026/09/15 14:41:04.187, 4, NVIDIA RTX PRO 6000 Blackwell Server Edition, P0, 0, 0, 0, 97887, 48.16, 34, 180, 12481
2026/09/15 14:41:04.189, 5, NVIDIA RTX PRO 6000 Blackwell Server Edition, P0, 0, 0, 0, 97887, 48.74, 34, 180, 12481
2026/09/15 14:41:04.192, 6, NVIDIA RTX PRO 6000 Blackwell Server Edition, P0, 0, 0, 0, 97887, 48.55, 34, 180, 12481
2026/09/15 14:41:04.194, 7, NVIDIA RTX PRO 6000 Blackwell Server Edition, P0, 0, 0, 0, 97887, 47.08, 34, 180, 12481
2026/09/15 14:41:05.264, 0, NVIDIA RTX PRO 6000 Blackwell Server Edition, P0, 0, 0, 0, 97887, 48.93, 34, 180, 12481
2026/09/15 14:41:05.267, 1, NVIDIA RTX PRO 6000 Blackwell Server Edition, P0, 0, 0, 0, 97887, 49.03, 34, 180, 12481
2026/09/15 14:41:05.269, 2, NVIDIA RTX PRO 6000 Blackwell Server Edition, P0, 0, 0, 0, 97887, 50.74, 34, 180, 12481
2026/09/15 14:41:05.271, 3, NVIDIA RTX PRO 6000 Blackwell Server Edition, P0, 0, 0, 0, 97887, 48.60, 34, 180, 12481
2026/09/15 14:41:05.273, 4, NVIDIA RTX PRO 6000 Blackwell Server Edition, P0, 0, 0, 0, 97887, 48.15, 34, 180, 12481
2026/09/15 14:41:05.275, 5, NVIDIA RTX PRO 6000 Blackwell Server Edition, P0, 0, 0, 0, 97887, 48.74, 34, 180, 12481
2026/09/15 14:41:05.278, 6, NVIDIA RTX PRO 6000 Blackwell Server Edition, P0, 0, 0, 0, 97887, 48.55, 34, 180, 12481
2026/09/15 14:41:05.280, 7, NVIDIA RTX PRO 6000 Blackwell Server Edition, P0, 0, 0, 0, 97887, 47.08, 34, 180, 12481
2026/09/15 14:41:06.349, 0, NVIDIA RTX PRO 6000 Blackwell Server Edition, P0, 0, 0, 0, 97887, 48.85, 34, 180, 12481
2026/09/15 14:41:06.352, 1, NVIDIA RTX PRO 6000 Blackwell Server Edition, P0, 0, 0, 0, 97887, 49.02, 34, 180, 12481
2026/09/15 14:41:06.354, 2, NVIDIA RTX PRO 6000 Blackwell Server Edition, P0, 0, 0, 0, 97887, 50.77, 34, 180, 12481
2026/09/15 14:41:06.356, 3, NVIDIA RTX PRO 6000 Blackwell Server Edition, P0, 0, 0, 0, 97887, 48.60, 34, 180, 12481
2026/09/15 14:41:06.358, 4, NVIDIA RTX PRO 6000 Blackwell Server Edition, P0, 0, 0, 0, 97887, 48.15, 34, 180, 12481
2026/09/15 14:41:06.360, 5, NVIDIA RTX PRO 6000 Blackwell Server Edition, P0, 0, 0, 0, 97887, 48.77, 34, 180, 12481
2026/09/15 14:41:06.363, 6, NVIDIA RTX PRO 6000 Blackwell Server Edition, P0, 0, 0, 0, 97887, 48.55, 34, 180, 12481
2026/09/15 14:41:06.365, 7, NVIDIA RTX PRO 6000 Blackwell Server Edition, P0, 0, 0, 0, 97887, 47.08, 34, 180, 12481
2026/09/15 14:41:07.435, 0, NVIDIA RTX PRO 6000 Blackwell Server Edition, P0, 0, 0, 0, 97887, 48.85, 34, 180, 12481
2026/09/15 14:41:07.437, 1, NVIDIA RTX PRO 6000 Blackwell Server Edition, P0, 0, 0, 0, 97887, 49.02, 34, 180, 12481
2026/09/15 14:41:07.439, 2, NVIDIA RTX PRO 6000 Blackwell Server Edition, P0, 0, 0, 0, 97887, 50.74, 34, 180, 12481
2026/09/15 14:41:07.441, 3, NVIDIA RTX PRO 6000 Blackwell Server Edition, P0, 0, 0, 0, 97887, 48.60, 34, 180, 12481
2026/09/15 14:41:07.444, 4, NVIDIA RTX PRO 6000 Blackwell Server Edition, P0, 0, 0, 0, 97887, 48.16, 34, 180, 12481
2026/09/15 14:41:07.446, 5, NVIDIA RTX PRO 6000 Blackwell Server Edition, P0, 0, 0, 0, 97887, 48.81, 34, 180, 12481
2026/09/15 14:41:07.448, 6, NVIDIA RTX PRO 6000 Blackwell Server Edition, P0, 0, 0, 0, 97887, 48.55, 34, 180, 12481
2026/09/15 14:41:07.450, 7, NVIDIA RTX PRO 6000 Blackwell Server Edition, P0, 0, 0, 0, 97887, 47.08, 34, 180, 12481
2026/09/15 14:41:08.526, 0, NVIDIA RTX PRO 6000 Blackwell Server Edition, P0, 0, 0, 0, 97887, 48.86, 34, 180, 12481
2026/09/15 14:41:08.528, 1, NVIDIA RTX PRO 6000 Blackwell Server Edition, P0, 0, 0, 0, 97887, 49.02, 34, 180, 12481
2026/09/15 14:41:08.530, 2, NVIDIA RTX PRO 6000 Blackwell Server Edition, P0, 0, 0, 0, 97887, 50.72, 34, 180, 12481
2026/09/15 14:41:08.532, 3, NVIDIA RTX PRO 6000 Blackwell Server Edition, P0, 0, 0, 0, 97887, 48.60, 34, 180, 12481
2026/09/15 14:41:08.535, 4, NVIDIA RTX PRO 6000 Blackwell Server Edition, P0, 0, 0, 0, 97887, 48.17, 34, 180, 12481
2026/09/15 14:41:08.537, 5, NVIDIA RTX PRO 6000 Blackwell Server Edition, P0, 0, 0, 0, 97887, 48.79, 34, 180, 12481
2026/09/15 14:41:08.539, 6, NVIDIA RTX PRO 6000 Blackwell Server Edition, P0, 0, 0, 0, 97887, 48.56, 34, 180, 12481
2026/09/15 14:41:08.541, 7, NVIDIA RTX PRO 6000 Blackwell Server Edition, P0, 0, 0, 0, 97887, 47.08, 34, 180, 12481
2026/09/15 14:41:09.612, 0, NVIDIA RTX PRO 6000 Blackwell Server Edition, P0, 0, 0, 0, 97887, 48.90, 34, 180, 12481
2026/09/15 14:41:09.614, 1, NVIDIA RTX PRO 6000 Blackwell Server Edition, P0, 0, 0, 0, 97887, 49.02, 34, 180, 12481
2026/09/15 14:41:09.617, 2, NVIDIA RTX PRO 6000 Blackwell Server Edition, P0, 0, 0, 0, 97887, 50.70, 34, 180, 12481
2026/09/15 14:41:09.619, 3, NVIDIA RTX PRO 6000 Blackwell Server Edition, P0, 0, 0, 0, 97887, 48.60, 34, 180, 12481
2026/09/15 14:41:09.621, 4, NVIDIA RTX PRO 6000 Blackwell Server Edition, P0, 0, 0, 0, 97887, 48.16, 34, 180, 12481
2026/09/15 14:41:09.623, 5, NVIDIA RTX PRO 6000 Blackwell Server Edition, P0, 0, 0, 0, 97887, 48.75, 34, 180, 12481
2026/09/15 14:41:09.625, 6, NVIDIA RTX PRO 6000 Blackwell Server Edition, P0, 0, 0, 0, 97887, 48.55, 34, 180, 12481
2026/09/15 14:41:09.628, 7, NVIDIA RTX PRO 6000 Blackwell Server Edition, P0, 0, 0, 0, 97887, 47.08, 34, 180, 12481
2026/09/15 14:41:10.697, 0, NVIDIA RTX PRO 6000 Blackwell Server Edition, P0, 0, 0, 0, 97887, 48.87, 34, 180, 12481
2026/09/15 14:41:10.699, 1, NVIDIA RTX PRO 6000 Blackwell Server Edition, P0, 0, 0, 0, 97887, 49.02, 34, 180, 12481
2026/09/15 14:41:10.702, 2, NVIDIA RTX PRO 6000 Blackwell Server Edition, P0, 0, 0, 0, 97887, 50.74, 34, 180, 12481
2026/09/15 14:41:10.704, 3, NVIDIA RTX PRO 6000 Blackwell Server Edition, P0, 0, 0, 0, 97887, 48.60, 34, 180, 12481
2026/09/15 14:41:10.707, 4, NVIDIA RTX PRO 6000 Blackwell Server Edition, P0, 0, 0, 0, 97887, 48.17, 34, 180, 12481
2026/09/15 14:41:10.709, 5, NVIDIA RTX PRO 6000 Blackwell Server Edition, P0, 0, 0, 0, 97887, 48.75, 34, 180, 12481
2026/09/15 14:41:10.711, 6, NVIDIA RTX PRO 6000 Blackwell Server Edition, P0, 0, 0, 0, 97887, 48.55, 34, 180, 12481
2026/09/15 14:41:10.713, 7, NVIDIA RTX PRO 6000 Blackwell Server Edition, P0, 0, 0, 0, 97887, 47.08, 34, 180, 12481
2026/09/15 14:41:11.785, 0, NVIDIA RTX PRO 6000 Blackwell Server Edition, P0, 0, 0, 0, 97887, 48.90, 34, 180, 12481
2026/09/15 14:41:11.787, 1, NVIDIA RTX PRO 6000 Blackwell Server Edition, P0, 0, 0, 0, 97887, 49.02, 34, 180, 12481
2026/09/15 14:41:11.789, 2, NVIDIA RTX PRO 6000 Blackwell Server Edition, P0, 0, 0, 0, 97887, 50.68, 34, 180, 12481
2026/09/15 14:41:11.791, 3, NVIDIA RTX PRO 6000 Blackwell Server Edition, P0, 0, 0, 0, 97887, 48.60, 34, 180, 12481
2026/09/15 14:41:11.794, 4, NVIDIA RTX PRO 6000 Blackwell Server Edition, P0, 0, 0, 0, 97887, 48.16, 34, 180, 12481
2026/09/15 14:41:11.796, 5, NVIDIA RTX PRO 6000 Blackwell Server Edition, P0, 0, 0, 0, 97887, 48.76, 34, 180, 12481
2026/09/15 14:41:11.798, 6, NVIDIA RTX PRO 6000 Blackwell Server Edition, P0, 0, 0, 0, 97887, 48.54, 34, 180, 12481
2026/09/15 14:41:11.800, 7, NVIDIA RTX PRO 6000 Blackwell Server Edition, P0, 0, 0, 0, 97887, 47.08, 34, 180, 12481
2026/09/15 14:41:12.870, 0, NVIDIA RTX PRO 6000 Blackwell Server Edition, P0, 0, 0, 0, 97887, 48.84, 34, 180, 12481
2026/09/15 14:41:12.872, 1, NVIDIA RTX PRO 6000 Blackwell Server Edition, P0, 0, 0, 0, 97887, 49.02, 34, 180, 12481
2026/09/15 14:41:12.874, 2, NVIDIA RTX PRO 6000 Blackwell Server Edition, P0, 0, 0, 0, 97887, 50.73, 34, 180, 12481
2026/09/15 14:41:12.876, 3, NVIDIA RTX PRO 6000 Blackwell Server Edition, P0, 0, 0, 0, 97887, 48.60, 34, 180, 12481
2026/09/15 14:41:12.879, 4, NVIDIA RTX PRO 6000 Blackwell Server Edition, P0, 0, 0, 0, 97887, 48.15, 34, 180, 12481
2026/09/15 14:41:12.881, 5, NVIDIA RTX PRO 6000 Blackwell Server Edition, P0, 0, 0, 0, 97887, 48.78, 34, 180, 12481
2026/09/15 14:41:12.883, 6, NVIDIA RTX PRO 6000 Blackwell Server Edition, P0, 0, 0, 0, 97887, 48.54, 34, 180, 12481
2026/09/15 14:41:12.885, 7, NVIDIA RTX PRO 6000 Blackwell Server Edition, P0, 0, 0, 0, 97887, 47.08, 34, 172, 12481
2026/09/15 14:41:13.957, 0, NVIDIA RTX PRO 6000 Blackwell Server Edition, P0, 0, 0, 0, 97887, 48.92, 34, 180, 12481
2026/09/15 14:41:13.959, 1, NVIDIA RTX PRO 6000 Blackwell Server Edition, P0, 0, 0, 0, 97887, 49.02, 34, 180, 12481
2026/09/15 14:41:13.961, 2, NVIDIA RTX PRO 6000 Blackwell Server Edition, P0, 0, 0, 0, 97887, 50.72, 34, 172, 12481
2026/09/15 14:41:13.963, 3, NVIDIA RTX PRO 6000 Blackwell Server Edition, P0, 0, 0, 0, 97887, 48.60, 34, 180, 12481
2026/09/15 14:41:13.966, 4, NVIDIA RTX PRO 6000 Blackwell Server Edition, P0, 0, 0, 0, 97887, 48.17, 34, 180, 12481
2026/09/15 14:41:13.968, 5, NVIDIA RTX PRO 6000 Blackwell Server Edition, P0, 0, 0, 0, 97887, 48.73, 34, 180, 12481
2026/09/15 14:41:13.970, 6, NVIDIA RTX PRO 6000 Blackwell Server Edition, P0, 0, 0, 0, 97887, 48.56, 34, 180, 12481
2026/09/15 14:41:13.972, 7, NVIDIA RTX PRO 6000 Blackwell Server Edition, P0, 0, 0, 0, 97887, 47.09, 34, 180, 12481
2026/09/15 14:41:15.041, 0, NVIDIA RTX PRO 6000 Blackwell Server Edition, P0, 0, 0, 0, 97887, 48.83, 34, 180, 12481
2026/09/15 14:41:15.043, 1, NVIDIA RTX PRO 6000 Blackwell Server Edition, P0, 0, 0, 0, 97887, 49.02, 34, 180, 12481
2026/09/15 14:41:15.046, 2, NVIDIA RTX PRO 6000 Blackwell Server Edition, P0, 0, 0, 0, 97887, 50.73, 34, 180, 12481
2026/09/15 14:41:15.048, 3, NVIDIA RTX PRO 6000 Blackwell Server Edition, P0, 0, 0, 0, 97887, 48.60, 34, 180, 12481
2026/09/15 14:41:15.050, 4, NVIDIA RTX PRO 6000 Blackwell Server Edition, P0, 0, 0, 0, 97887, 48.15, 34, 180, 12481
2026/09/15 14:41:15.052, 5, NVIDIA RTX PRO 6000 Blackwell Server Edition, P0, 0, 0, 0, 97887, 48.77, 34, 180, 12481
2026/09/15 14:41:15.054, 6, NVIDIA RTX PRO 6000 Blackwell Server Edition, P0, 0, 0, 0, 97887, 48.56, 34, 180, 12481
2026/09/15 14:41:15.057, 7, NVIDIA RTX PRO 6000 Blackwell Server Edition, P0, 0, 0, 0, 97887, 47.08, 34, 180, 12481
2026/09/15 14:41:16.126, 0, NVIDIA RTX PRO 6000 Blackwell Server Edition, P0, 0, 0, 0, 97887, 48.86, 34, 180, 12481
2026/09/15 14:41:16.128, 1, NVIDIA RTX PRO 6000 Blackwell Server Edition, P0, 0, 0, 0, 97887, 49.02, 34, 180, 12481
2026/09/15 14:41:16.130, 2, NVIDIA RTX PRO 6000 Blackwell Server Edition, P0, 0, 0, 0, 97887, 50.72, 34, 180, 12481
2026/09/15 14:41:16.132, 3, NVIDIA RTX PRO 6000 Blackwell Server Edition, P0, 0, 0, 0, 97887, 48.60, 34, 180, 12481
2026/09/15 14:41:16.135, 4, NVIDIA RTX PRO 6000 Blackwell Server Edition, P0, 0, 0, 0, 97887, 48.15, 34, 172, 12481
2026/09/15 14:41:16.137, 5, NVIDIA RTX PRO 6000 Blackwell Server Edition, P0, 0, 0, 0, 97887, 48.78, 34, 180, 12481
2026/09/15 14:41:16.139, 6, NVIDIA RTX PRO 6000 Blackwell Server Edition, P0, 0, 0, 0, 97887, 48.56, 34, 180, 12481
2026/09/15 14:41:16.141, 7, NVIDIA RTX PRO 6000 Blackwell Server Edition, P0, 0, 0, 0, 97887, 47.08, 34, 180, 12481
2026/09/15 14:41:17.210, 0, NVIDIA RTX PRO 6000 Blackwell Server Edition, P0, 0, 0, 0, 97887, 48.85, 34, 180, 12481
2026/09/15 14:41:17.212, 1, NVIDIA RTX PRO 6000 Blackwell Server Edition, P0, 0, 0, 0, 97887, 49.02, 34, 180, 12481
2026/09/15 14:41:17.215, 2, NVIDIA RTX PRO 6000 Blackwell Server Edition, P0, 0, 0, 0, 97887, 50.76, 34, 180, 12481
2026/09/15 14:41:17.217, 3, NVIDIA RTX PRO 6000 Blackwell Server Edition, P0, 0, 0, 0, 97887, 48.59, 34, 172, 12481
2026/09/15 14:41:17.219, 4, NVIDIA RTX PRO 6000 Blackwell Server Edition, P0, 0, 0, 0, 97887, 48.15, 34, 180, 12481
2026/09/15 14:41:17.221, 5, NVIDIA RTX PRO 6000 Blackwell Server Edition, P0, 0, 0, 0, 97887, 48.76, 34, 180, 12481
2026/09/15 14:41:17.223, 6, NVIDIA RTX PRO 6000 Blackwell Server Edition, P0, 0, 0, 0, 97887, 48.55, 34, 180, 12481
2026/09/15 14:41:17.226, 7, NVIDIA RTX PRO 6000 Blackwell Server Edition, P0, 0, 0, 0, 97887, 47.08, 34, 180, 12481
2026/09/15 14:41:18.297, 0, NVIDIA RTX PRO 6000 Blackwell Server Edition, P0, 0, 0, 0, 97887, 48.92, 34, 180, 12481
2026/09/15 14:41:18.299, 1, NVIDIA RTX PRO 6000 Blackwell Server Edition, P0, 0, 0, 0, 97887, 49.03, 34, 180, 12481
2026/09/15 14:41:18.302, 2, NVIDIA RTX PRO 6000 Blackwell Server Edition, P0, 0, 0, 0, 97887, 50.72, 34, 180, 12481
2026/09/15 14:41:18.304, 3, NVIDIA RTX PRO 6000 Blackwell Server Edition, P0, 0, 0, 0, 97887, 48.59, 34, 180, 12481
2026/09/15 14:41:18.306, 4, NVIDIA RTX PRO 6000 Blackwell Server Edition, P0, 0, 0, 0, 97887, 48.16, 34, 180, 12481
2026/09/15 14:41:18.308, 5, NVIDIA RTX PRO 6000 Blackwell Server Edition, P0, 0, 0, 0, 97887, 48.77, 34, 180, 12481
2026/09/15 14:41:18.310, 6, NVIDIA RTX PRO 6000 Blackwell Server Edition, P0, 0, 0, 0, 97887, 48.54, 34, 180, 12481
2026/09/15 14:41:18.313, 7, NVIDIA RTX PRO 6000 Blackwell Server Edition, P0, 0, 0, 0, 97887, 47.08, 34, 180, 12481
2026/09/15 14:41:19.382, 0, NVIDIA RTX PRO 6000 Blackwell Server Edition, P0, 0, 0, 0, 97887, 48.81, 34, 180, 12481
2026/09/15 14:41:19.384, 1, NVIDIA RTX PRO 6000 Blackwell Server Edition, P0, 0, 0, 0, 97887, 49.02, 34, 180, 12481
2026/09/15 14:41:19.386, 2, NVIDIA RTX PRO 6000 Blackwell Server Edition, P0, 0, 0, 0, 97887, 50.81, 34, 180, 12481
2026/09/15 14:41:19.389, 3, NVIDIA RTX PRO 6000 Blackwell Server Edition, P0, 0, 0, 0, 97887, 48.60, 34, 180, 12481
2026/09/15 14:41:19.391, 4, NVIDIA RTX PRO 6000 Blackwell Server Edition, P0, 0, 0, 0, 97887, 48.16, 34, 180, 12481
2026/09/15 14:41:19.394, 5, NVIDIA RTX PRO 6000 Blackwell Server Edition, P0, 0, 0, 0, 97887, 48.78, 34, 180, 12481
2026/09/15 14:41:19.396, 6, NVIDIA RTX PRO 6000 Blackwell Server Edition, P0, 0, 0, 0, 97887, 48.53, 34, 180, 12481
2026/09/15 14:41:19.398, 7, NVIDIA RTX PRO 6000 Blackwell Server Edition, P0, 0, 0, 0, 97887, 47.08, 34, 180, 12481
2026/09/15 14:41:20.468, 0, NVIDIA RTX PRO 6000 Blackwell Server Edition, P0, 0, 0, 0, 97887, 48.88, 34, 180, 12481
2026/09/15 14:41:20.470, 1, NVIDIA RTX PRO 6000 Blackwell Server Edition, P0, 0, 0, 0, 97887, 49.02, 34, 180, 12481
2026/09/15 14:41:20.472, 2, NVIDIA RTX PRO 6000 Blackwell Server Edition, P0, 0, 0, 0, 97887, 50.79, 34, 180, 12481
2026/09/15 14:41:20.475, 3, NVIDIA RTX PRO 6000 Blackwell Server Edition, P0, 0, 0, 0, 97887, 48.58, 34, 180, 12481
2026/09/15 14:41:20.478, 4, NVIDIA RTX PRO 6000 Blackwell Server Edition, P0, 0, 0, 0, 97887, 48.16, 34, 180, 12481
2026/09/15 14:41:20.480, 5, NVIDIA RTX PRO 6000 Blackwell Server Edition, P0, 0, 0, 0, 97887, 48.76, 34, 180, 12481
2026/09/15 14:41:20.482, 6, NVIDIA RTX PRO 6000 Blackwell Server Edition, P0, 0, 0, 0, 97887, 48.54, 34, 180, 12481
2026/09/15 14:41:20.484, 7, NVIDIA RTX PRO 6000 Blackwell Server Edition, P0, 0, 0, 0, 97887, 47.08, 34, 180, 12481
2026/09/15 14:41:21.556, 0, NVIDIA RTX PRO 6000 Blackwell Server Edition, P0, 0, 0, 0, 97887, 48.86, 34, 180, 12481
2026/09/15 14:41:21.558, 1, NVIDIA RTX PRO 6000 Blackwell Server Edition, P0, 0, 0, 0, 97887, 49.03, 34, 180, 12481
2026/09/15 14:41:21.560, 2, NVIDIA RTX PRO 6000 Blackwell Server Edition, P0, 0, 0, 0, 97887, 50.78, 34, 180, 12481
2026/09/15 14:41:21.563, 3, NVIDIA RTX PRO 6000 Blackwell Server Edition, P0, 0, 0, 0, 97887, 48.59, 34, 180, 12481
2026/09/15 14:41:21.565, 4, NVIDIA RTX PRO 6000 Blackwell Server Edition, P0, 0, 0, 0, 97887, 48.15, 34, 180, 12481
2026/09/15 14:41:21.567, 5, NVIDIA RTX PRO 6000 Blackwell Server Edition, P0, 0, 0, 0, 97887, 48.79, 34, 180, 12481
2026/09/15 14:41:21.569, 6, NVIDIA RTX PRO 6000 Blackwell Server Edition, P0, 0, 0, 0, 97887, 48.55, 34, 180, 12481
2026/09/15 14:41:21.571, 7, NVIDIA RTX PRO 6000 Blackwell Server Edition, P0, 0, 0, 0, 97887, 47.08, 34, 180, 12481
2026/09/15 14:41:22.641, 0, NVIDIA RTX PRO 6000 Blackwell Server Edition, P0, 0, 0, 0, 97887, 48.91, 34, 180, 12481
2026/09/15 14:41:22.643, 1, NVIDIA RTX PRO 6000 Blackwell Server Edition, P0, 0, 0, 0, 97887, 49.03, 34, 180, 12481
2026/09/15 14:41:22.645, 2, NVIDIA RTX PRO 6000 Blackwell Server Edition, P0, 0, 0, 0, 97887, 50.75, 34, 180, 12481
2026/09/15 14:41:22.647, 3, NVIDIA RTX PRO 6000 Blackwell Server Edition, P0, 0, 0, 0, 97887, 48.58, 34, 180, 12481
2026/09/15 14:41:22.649, 4, NVIDIA RTX PRO 6000 Blackwell Server Edition, P0, 0, 0, 0, 97887, 48.16, 34, 180, 12481
2026/09/15 14:41:22.652, 5, NVIDIA RTX PRO 6000 Blackwell Server Edition, P0, 0, 0, 0, 97887, 48.77, 34, 180, 12481
2026/09/15 14:41:22.654, 6, NVIDIA RTX PRO 6000 Blackwell Server Edition, P0, 0, 0, 0, 97887, 48.55, 34, 180, 12481
2026/09/15 14:41:22.656, 7, NVIDIA RTX PRO 6000 Blackwell Server Edition, P0, 0, 0, 0, 97887, 47.09, 34, 180, 12481
2026/09/15 14:41:23.725, 0, NVIDIA RTX PRO 6000 Blackwell Server Edition, P0, 0, 0, 0, 97887, 48.90, 34, 180, 12481
2026/09/15 14:41:23.728, 1, NVIDIA RTX PRO 6000 Blackwell Server Edition, P0, 0, 0, 0, 97887, 49.02, 34, 180, 12481
2026/09/15 14:41:23.730, 2, NVIDIA RTX PRO 6000 Blackwell Server Edition, P0, 0, 0, 0, 97887, 50.78, 34, 180, 12481
2026/09/15 14:41:23.732, 3, NVIDIA RTX PRO 6000 Blackwell Server Edition, P0, 0, 0, 0, 97887, 48.59, 34, 180, 12481
2026/09/15 14:41:23.734, 4, NVIDIA RTX PRO 6000 Blackwell Server Edition, P0, 0, 0, 0, 97887, 48.17, 34, 180, 12481
2026/09/15 14:41:23.737, 5, NVIDIA RTX PRO 6000 Blackwell Server Edition, P0, 0, 0, 0, 97887, 48.82, 34, 180, 12481
2026/09/15 14:41:23.739, 6, NVIDIA RTX PRO 6000 Blackwell Server Edition, P0, 0, 0, 0, 97887, 48.53, 34, 180, 12481
2026/09/15 14:41:23.741, 7, NVIDIA RTX PRO 6000 Blackwell Server Edition, P0, 0, 0, 0, 97887, 47.08, 34, 180, 12481
2026/09/15 14:41:24.811, 0, NVIDIA RTX PRO 6000 Blackwell Server Edition, P0, 0, 0, 0, 97887, 48.83, 34, 180, 12481
2026/09/15 14:41:24.814, 1, NVIDIA RTX PRO 6000 Blackwell Server Edition, P0, 0, 0, 0, 97887, 49.02, 34, 180, 12481
2026/09/15 14:41:24.816, 2, NVIDIA RTX PRO 6000 Blackwell Server Edition, P0, 0, 0, 0, 97887, 50.79, 34, 180, 12481
2026/09/15 14:41:24.818, 3, NVIDIA RTX PRO 6000 Blackwell Server Edition, P0, 0, 0, 0, 97887, 48.59, 34, 180, 12481
2026/09/15 14:41:24.820, 4, NVIDIA RTX PRO 6000 Blackwell Server Edition, P0, 0, 0, 0, 97887, 48.16, 34, 180, 12481
2026/09/15 14:41:24.823, 5, NVIDIA RTX PRO 6000 Blackwell Server Edition, P0, 0, 0, 0, 97887, 48.79, 34, 180, 12481
2026/09/15 14:41:24.825, 6, NVIDIA RTX PRO 6000 Blackwell Server Edition, P0, 0, 0, 0, 97887, 48.54, 34, 180, 12481
2026/09/15 14:41:24.827, 7, NVIDIA RTX PRO 6000 Blackwell Server Edition, P0, 0, 0, 0, 97887, 47.08, 34, 180, 12481
2026/09/15 14:41:25.897, 0, NVIDIA RTX PRO 6000 Blackwell Server Edition, P0, 0, 0, 0, 97887, 48.88, 34, 180, 12481
2026/09/15 14:41:25.899, 1, NVIDIA RTX PRO 6000 Blackwell Server Edition, P0, 0, 0, 0, 97887, 49.02, 34, 180, 12481
2026/09/15 14:41:25.901, 2, NVIDIA RTX PRO 6000 Blackwell Server Edition, P0, 0, 0, 0, 97887, 50.72, 34, 180, 12481
2026/09/15 14:41:25.904, 3, NVIDIA RTX PRO 6000 Blackwell Server Edition, P0, 0, 0, 0, 97887, 48.60, 34, 180, 12481
2026/09/15 14:41:25.906, 4, NVIDIA RTX PRO 6000 Blackwell Server Edition, P0, 0, 0, 0, 97887, 48.15, 34, 180, 12481
2026/09/15 14:41:25.908, 5, NVIDIA RTX PRO 6000 Blackwell Server Edition, P0, 0, 0, 0, 97887, 48.76, 34, 180, 12481
2026/09/15 14:41:25.910, 6, NVIDIA RTX PRO 6000 Blackwell Server Edition, P0, 0, 0, 0, 97887, 48.56, 34, 180, 12481
2026/09/15 14:41:25.914, 7, NVIDIA RTX PRO 6000 Blackwell Server Edition, P0, 0, 0, 0, 97887, 47.09, 34, 180, 12481
2026/09/15 14:41:26.985, 0, NVIDIA RTX PRO 6000 Blackwell Server Edition, P0, 0, 0, 0, 97887, 48.81, 34, 180, 12481
2026/09/15 14:41:26.987, 1, NVIDIA RTX PRO 6000 Blackwell Server Edition, P0, 0, 0, 0, 97887, 49.04, 34, 180, 12481
2026/09/15 14:41:26.989, 2, NVIDIA RTX PRO 6000 Blackwell Server Edition, P0, 0, 0, 0, 97887, 50.68, 34, 180, 12481
2026/09/15 14:41:26.992, 3, NVIDIA RTX PRO 6000 Blackwell Server Edition, P0, 0, 0, 0, 97887, 48.59, 34, 180, 12481
2026/09/15 14:41:26.994, 4, NVIDIA RTX PRO 6000 Blackwell Server Edition, P0, 0, 0, 0, 97887, 48.17, 34, 180, 12481
2026/09/15 14:41:26.996, 5, NVIDIA RTX PRO 6000 Blackwell Server Edition, P0, 0, 0, 0, 97887, 48.78, 34, 180, 12481
2026/09/15 14:41:26.998, 6, NVIDIA RTX PRO 6000 Blackwell Server Edition, P0, 0, 0, 0, 97887, 48.55, 34, 180, 12481
2026/09/15 14:41:27.001, 7, NVIDIA RTX PRO 6000 Blackwell Server Edition, P0, 0, 0, 0, 97887, 47.09, 34, 172, 12481
2026/09/15 14:41:28.070, 0, NVIDIA RTX PRO 6000 Blackwell Server Edition, P0, 0, 0, 0, 97887, 48.88, 34, 180, 12481
2026/09/15 14:41:28.072, 1, NVIDIA RTX PRO 6000 Blackwell Server Edition, P0, 0, 0, 0, 97887, 49.03, 34, 180, 12481
2026/09/15 14:41:28.074, 2, NVIDIA RTX PRO 6000 Blackwell Server Edition, P0, 0, 0, 0, 97887, 50.74, 34, 180, 12481
2026/09/15 14:41:28.077, 3, NVIDIA RTX PRO 6000 Blackwell Server Edition, P0, 0, 0, 0, 97887, 48.60, 34, 180, 12481
2026/09/15 14:41:28.079, 4, NVIDIA RTX PRO 6000 Blackwell Server Edition, P0, 0, 0, 0, 97887, 48.16, 34, 180, 12481
2026/09/15 14:41:28.081, 5, NVIDIA RTX PRO 6000 Blackwell Server Edition, P0, 0, 0, 0, 97887, 48.77, 34, 180, 12481
2026/09/15 14:41:28.083, 6, NVIDIA RTX PRO 6000 Blackwell Server Edition, P0, 0, 0, 0, 97887, 48.54, 34, 180, 12481
2026/09/15 14:41:28.085, 7, NVIDIA RTX PRO 6000 Blackwell Server Edition, P0, 0, 0, 0, 97887, 47.08, 34, 180, 12481
2026/09/15 14:41:29.158, 0, NVIDIA RTX PRO 6000 Blackwell Server Edition, P0, 0, 0, 0, 97887, 48.84, 34, 180, 12481
2026/09/15 14:41:29.160, 1, NVIDIA RTX PRO 6000 Blackwell Server Edition, P0, 0, 0, 0, 97887, 49.03, 34, 180, 12481
2026/09/15 14:41:29.162, 2, NVIDIA RTX PRO 6000 Blackwell Server Edition, P0, 0, 0, 0, 97887, 50.73, 34, 180, 12481
2026/09/15 14:41:29.164, 3, NVIDIA RTX PRO 6000 Blackwell Server Edition, P0, 0, 0, 0, 97887, 48.60, 34, 180, 12481
2026/09/15 14:41:29.167, 4, NVIDIA RTX PRO 6000 Blackwell Server Edition, P0, 0, 0, 0, 97887, 48.16, 34, 180, 12481
2026/09/15 14:41:29.170, 5, NVIDIA RTX PRO 6000 Blackwell Server Edition, P0, 0, 0, 0, 97887, 48.76, 34, 180, 12481
2026/09/15 14:41:29.172, 6, NVIDIA RTX PRO 6000 Blackwell Server Edition, P0, 0, 0, 0, 97887, 48.54, 34, 180, 12481
2026/09/15 14:41:29.174, 7, NVIDIA RTX PRO 6000 Blackwell Server Edition, P0, 0, 0, 0, 97887, 47.08, 34, 180, 12481
2026/09/15 14:41:30.244, 0, NVIDIA RTX PRO 6000 Blackwell Server Edition, P0, 0, 0, 0, 97887, 48.89, 34, 180, 12481
2026/09/15 14:41:30.247, 1, NVIDIA RTX PRO 6000 Blackwell Server Edition, P0, 0, 0, 0, 97887, 49.03, 34, 180, 12481
2026/09/15 14:41:30.249, 2, NVIDIA RTX PRO 6000 Blackwell Server Edition, P0, 0, 0, 0, 97887, 50.82, 34, 180, 12481
2026/09/15 14:41:30.251, 3, NVIDIA RTX PRO 6000 Blackwell Server Edition, P0, 0, 0, 0, 97887, 48.60, 34, 180, 12481
2026/09/15 14:41:30.253, 4, NVIDIA RTX PRO 6000 Blackwell Server Edition, P0, 0, 0, 0, 97887, 48.14, 34, 172, 12481
2026/09/15 14:41:30.256, 5, NVIDIA RTX PRO 6000 Blackwell Server Edition, P0, 0, 0, 0, 97887, 48.76, 34, 180, 12481
2026/09/15 14:41:30.258, 6, NVIDIA RTX PRO 6000 Blackwell Server Edition, P0, 0, 0, 0, 97887, 48.53, 34, 180, 12481
2026/09/15 14:41:30.260, 7, NVIDIA RTX PRO 6000 Blackwell Server Edition, P0, 0, 0, 0, 97887, 47.08, 34, 180, 12481
2026/09/15 14:41:31.330, 0, NVIDIA RTX PRO 6000 Blackwell Server Edition, P0, 0, 0, 0, 97887, 48.87, 34, 180, 12481
2026/09/15 14:41:31.332, 1, NVIDIA RTX PRO 6000 Blackwell Server Edition, P0, 0, 0, 0, 97887, 49.03, 34, 180, 12481
2026/09/15 14:41:31.334, 2, NVIDIA RTX PRO 6000 Blackwell Server Edition, P0, 0, 0, 0, 97887, 50.73, 34, 180, 12481
2026/09/15 14:41:31.337, 3, NVIDIA RTX PRO 6000 Blackwell Server Edition, P0, 0, 0, 0, 97887, 48.60, 34, 180, 12481
2026/09/15 14:41:31.339, 4, NVIDIA RTX PRO 6000 Blackwell Server Edition, P0, 0, 0, 0, 97887, 48.15, 34, 180, 12481
2026/09/15 14:41:31.341, 5, NVIDIA RTX PRO 6000 Blackwell Server Edition, P0, 0, 0, 0, 97887, 48.74, 34, 180, 12481
2026/09/15 14:41:31.343, 6, NVIDIA RTX PRO 6000 Blackwell Server Edition, P0, 0, 0, 0, 97887, 48.54, 34, 180, 12481
2026/09/15 14:41:31.345, 7, NVIDIA RTX PRO 6000 Blackwell Server Edition, P0, 0, 0, 0, 97887, 47.08, 34, 180, 12481
2026/09/15 14:41:32.416, 0, NVIDIA RTX PRO 6000 Blackwell Server Edition, P0, 0, 0, 0, 97887, 48.86, 34, 180, 12481
2026/09/15 14:41:32.418, 1, NVIDIA RTX PRO 6000 Blackwell Server Edition, P0, 0, 0, 0, 97887, 49.02, 34, 180, 12481
2026/09/15 14:41:32.420, 2, NVIDIA RTX PRO 6000 Blackwell Server Edition, P0, 0, 0, 0, 97887, 50.79, 34, 180, 12481
2026/09/15 14:41:32.422, 3, NVIDIA RTX PRO 6000 Blackwell Server Edition, P0, 0, 0, 0, 97887, 48.60, 34, 180, 12481
2026/09/15 14:41:32.425, 4, NVIDIA RTX PRO 6000 Blackwell Server Edition, P0, 0, 0, 0, 97887, 48.15, 34, 180, 12481
2026/09/15 14:41:32.427, 5, NVIDIA RTX PRO 6000 Blackwell Server Edition, P0, 0, 0, 0, 97887, 48.75, 34, 180, 12481
2026/09/15 14:41:32.429, 6, NVIDIA RTX PRO 6000 Blackwell Server Edition, P0, 0, 0, 0, 97887, 48.53, 34, 180, 12481
2026/09/15 14:41:32.431, 7, NVIDIA RTX PRO 6000 Blackwell Server Edition, P0, 0, 0, 0, 97887, 47.08, 34, 180, 12481
2026/09/15 14:41:33.502, 0, NVIDIA RTX PRO 6000 Blackwell Server Edition, P0, 0, 0, 0, 97887, 48.88, 34, 180, 12481
2026/09/15 14:41:33.504, 1, NVIDIA RTX PRO 6000 Blackwell Server Edition, P0, 0, 0, 0, 97887, 49.03, 34, 180, 12481
2026/09/15 14:41:33.506, 2, NVIDIA RTX PRO 6000 Blackwell Server Edition, P0, 0, 0, 0, 97887, 50.75, 34, 180, 12481
2026/09/15 14:41:33.509, 3, NVIDIA RTX PRO 6000 Blackwell Server Edition, P0, 0, 0, 0, 97887, 48.60, 34, 180, 12481
2026/09/15 14:41:33.511, 4, NVIDIA RTX PRO 6000 Blackwell Server Edition, P0, 0, 0, 0, 97887, 48.16, 34, 180, 12481
2026/09/15 14:41:33.513, 5, NVIDIA RTX PRO 6000 Blackwell Server Edition, P0, 0, 0, 0, 97887, 48.78, 34, 180, 12481
2026/09/15 14:41:33.515, 6, NVIDIA RTX PRO 6000 Blackwell Server Edition, P0, 0, 0, 0, 97887, 48.55, 34, 180, 12481
2026/09/15 14:41:33.518, 7, NVIDIA RTX PRO 6000 Blackwell Server Edition, P0, 0, 0, 0, 97887, 47.08, 34, 180, 12481
2026/09/15 14:41:34.588, 0, NVIDIA RTX PRO 6000 Blackwell Server Edition, P0, 0, 0, 0, 97887, 48.90, 34, 180, 12481
2026/09/15 14:41:34.591, 1, NVIDIA RTX PRO 6000 Blackwell Server Edition, P0, 0, 0, 0, 97887, 49.04, 34, 180, 12481
2026/09/15 14:41:34.593, 2, NVIDIA RTX PRO 6000 Blackwell Server Edition, P0, 0, 0, 0, 97887, 50.78, 34, 180, 12481
2026/09/15 14:41:34.596, 3, NVIDIA RTX PRO 6000 Blackwell Server Edition, P0, 0, 0, 0, 97887, 48.60, 34, 180, 12481
2026/09/15 14:41:34.598, 4, NVIDIA RTX PRO 6000 Blackwell Server Edition, P0, 0, 0, 0, 97887, 48.15, 34, 180, 12481
2026/09/15 14:41:34.600, 5, NVIDIA RTX PRO 6000 Blackwell Server Edition, P0, 0, 0, 0, 97887, 48.76, 34, 180, 12481
2026/09/15 14:41:34.602, 6, NVIDIA RTX PRO 6000 Blackwell Server Edition, P0, 0, 0, 0, 97887, 48.55, 34, 180, 12481
2026/09/15 14:41:34.605, 7, NVIDIA RTX PRO 6000 Blackwell Server Edition, P0, 0, 0, 0, 97887, 47.08, 34, 180, 12481
2026/09/15 14:41:35.675, 0, NVIDIA RTX PRO 6000 Blackwell Server Edition, P0, 0, 0, 0, 97887, 48.87, 34, 180, 12481
2026/09/15 14:41:35.677, 1, NVIDIA RTX PRO 6000 Blackwell Server Edition, P0, 0, 0, 0, 97887, 49.02, 34, 180, 12481
2026/09/15 14:41:35.679, 2, NVIDIA RTX PRO 6000 Blackwell Server Edition, P0, 0, 0, 0, 97887, 50.76, 34, 180, 12481
2026/09/15 14:41:35.682, 3, NVIDIA RTX PRO 6000 Blackwell Server Edition, P0, 0, 0, 0, 97887, 48.60, 34, 180, 12481
2026/09/15 14:41:35.685, 4, NVIDIA RTX PRO 6000 Blackwell Server Edition, P0, 0, 0, 0, 97887, 48.14, 34, 180, 12481
2026/09/15 14:41:35.687, 5, NVIDIA RTX PRO 6000 Blackwell Server Edition, P0, 0, 0, 0, 97887, 48.78, 34, 180, 12481
2026/09/15 14:41:35.689, 6, NVIDIA RTX PRO 6000 Blackwell Server Edition, P0, 0, 0, 0, 97887, 48.54, 34, 180, 12481
2026/09/15 14:41:35.691, 7, NVIDIA RTX PRO 6000 Blackwell Server Edition, P0, 0, 0, 0, 97887, 47.08, 34, 180, 12481
2026/09/15 14:41:36.761, 0, NVIDIA RTX PRO 6000 Blackwell Server Edition, P0, 0, 0, 0, 97887, 48.89, 34, 180, 12481
2026/09/15 14:41:36.764, 1, NVIDIA RTX PRO 6000 Blackwell Server Edition, P0, 0, 0, 0, 97887, 49.02, 34, 180, 12481
2026/09/15 14:41:36.766, 2, NVIDIA RTX PRO 6000 Blackwell Server Edition, P0, 0, 0, 0, 97887, 50.78, 34, 180, 12481
2026/09/15 14:41:36.768, 3, NVIDIA RTX PRO 6000 Blackwell Server Edition, P0, 0, 0, 0, 97887, 48.60, 34, 180, 12481
2026/09/15 14:41:36.770, 4, NVIDIA RTX PRO 6000 Blackwell Server Edition, P0, 0, 0, 0, 97887, 48.15, 34, 180, 12481
2026/09/15 14:41:36.773, 5, NVIDIA RTX PRO 6000 Blackwell Server Edition, P0, 0, 0, 0, 97887, 48.76, 34, 180, 12481
2026/09/15 14:41:36.775, 6, NVIDIA RTX PRO 6000 Blackwell Server Edition, P0, 0, 0, 0, 97887, 48.54, 34, 180, 12481
2026/09/15 14:41:36.777, 7, NVIDIA RTX PRO 6000 Blackwell Server Edition, P0, 0, 0, 0, 97887, 47.08, 34, 180, 12481
2026/09/15 14:41:37.848, 0, NVIDIA RTX PRO 6000 Blackwell Server Edition, P0, 0, 0, 0, 97887, 48.83, 34, 180, 12481
2026/09/15 14:41:37.851, 1, NVIDIA RTX PRO 6000 Blackwell Server Edition, P0, 0, 0, 0, 97887, 49.02, 34, 180, 12481
2026/09/15 14:41:37.853, 2, NVIDIA RTX PRO 6000 Blackwell Server Edition, P0, 0, 0, 0, 97887, 50.68, 34, 180, 12481
2026/09/15 14:41:37.855, 3, NVIDIA RTX PRO 6000 Blackwell Server Edition, P0, 0, 0, 0, 97887, 48.60, 34, 180, 12481
2026/09/15 14:41:37.857, 4, NVIDIA RTX PRO 6000 Blackwell Server Edition, P0, 0, 0, 0, 97887, 48.14, 34, 180, 12481
2026/09/15 14:41:37.859, 5, NVIDIA RTX PRO 6000 Blackwell Server Edition, P0, 0, 0, 0, 97887, 48.71, 34, 180, 12481
2026/09/15 14:41:37.862, 6, NVIDIA RTX PRO 6000 Blackwell Server Edition, P0, 0, 0, 0, 97887, 48.55, 34, 180, 12481
2026/09/15 14:41:37.864, 7, NVIDIA RTX PRO 6000 Blackwell Server Edition, P0, 0, 0, 0, 97887, 47.08, 34, 180, 12481
2026/09/15 14:41:38.934, 0, NVIDIA RTX PRO 6000 Blackwell Server Edition, P0, 0, 0, 0, 97887, 48.84, 34, 180, 12481
2026/09/15 14:41:38.936, 1, NVIDIA RTX PRO 6000 Blackwell Server Edition, P0, 0, 0, 0, 97887, 49.02, 34, 180, 12481
2026/09/15 14:41:38.939, 2, NVIDIA RTX PRO 6000 Blackwell Server Edition, P0, 0, 0, 0, 97887, 50.73, 34, 180, 12481
2026/09/15 14:41:38.941, 3, NVIDIA RTX PRO 6000 Blackwell Server Edition, P0, 0, 0, 0, 97887, 48.60, 34, 180, 12481
2026/09/15 14:41:38.943, 4, NVIDIA RTX PRO 6000 Blackwell Server Edition, P0, 0, 0, 0, 97887, 48.14, 34, 180, 12481
2026/09/15 14:41:38.945, 5, NVIDIA RTX PRO 6000 Blackwell Server Edition, P0, 0, 0, 0, 97887, 48.79, 34, 180, 12481
2026/09/15 14:41:38.947, 6, NVIDIA RTX PRO 6000 Blackwell Server Edition, P0, 0, 0, 0, 97887, 48.54, 34, 180, 12481
2026/09/15 14:41:38.950, 7, NVIDIA RTX PRO 6000 Blackwell Server Edition, P0, 0, 0, 0, 97887, 47.08, 34, 180, 12481
2026/09/15 14:41:40.020, 0, NVIDIA RTX PRO 6000 Blackwell Server Edition, P0, 0, 0, 0, 97887, 48.88, 34, 180, 12481
2026/09/15 14:41:40.023, 1, NVIDIA RTX PRO 6000 Blackwell Server Edition, P0, 0, 0, 0, 97887, 49.02, 34, 180, 12481
2026/09/15 14:41:40.025, 2, NVIDIA RTX PRO 6000 Blackwell Server Edition, P0, 0, 0, 0, 97887, 50.81, 34, 180, 12481
2026/09/15 14:41:40.027, 3, NVIDIA RTX PRO 6000 Blackwell Server Edition, P0, 0, 0, 0, 97887, 48.60, 34, 180, 12481
2026/09/15 14:41:40.029, 4, NVIDIA RTX PRO 6000 Blackwell Server Edition, P0, 0, 0, 0, 97887, 48.15, 34, 180, 12481
2026/09/15 14:41:40.031, 5, NVIDIA RTX PRO 6000 Blackwell Server Edition, P0, 0, 0, 0, 97887, 48.78, 34, 180, 12481
2026/09/15 14:41:40.034, 6, NVIDIA RTX PRO 6000 Blackwell Server Edition, P0, 0, 0, 0, 97887, 48.53, 34, 180, 12481
2026/09/15 14:41:40.036, 7, NVIDIA RTX PRO 6000 Blackwell Server Edition, P0, 0, 0, 0, 97887, 47.08, 34, 180, 12481
2026/09/15 14:41:41.106, 0, NVIDIA RTX PRO 6000 Blackwell Server Edition, P0, 0, 0, 0, 97887, 48.83, 34, 180, 12481
2026/09/15 14:41:41.108, 1, NVIDIA RTX PRO 6000 Blackwell Server Edition, P0, 0, 0, 0, 97887, 49.02, 34, 180, 12481
2026/09/15 14:41:41.110, 2, NVIDIA RTX PRO 6000 Blackwell Server Edition, P0, 0, 0, 0, 97887, 50.78, 34, 180, 12481
2026/09/15 14:41:41.113, 3, NVIDIA RTX PRO 6000 Blackwell Server Edition, P0, 0, 0, 0, 97887, 48.60, 34, 180, 12481
2026/09/15 14:41:41.115, 4, NVIDIA RTX PRO 6000 Blackwell Server Edition, P0, 0, 0, 0, 97887, 48.16, 34, 180, 12481
2026/09/15 14:41:41.117, 5, NVIDIA RTX PRO 6000 Blackwell Server Edition, P0, 0, 0, 0, 97887, 48.74, 34, 180, 12481
2026/09/15 14:41:41.119, 6, NVIDIA RTX PRO 6000 Blackwell Server Edition, P0, 0, 0, 0, 97887, 48.55, 34, 180, 12481
2026/09/15 14:41:41.122, 7, NVIDIA RTX PRO 6000 Blackwell Server Edition, P0, 0, 0, 0, 97887, 47.08, 34, 172, 12481
2026/09/15 14:41:42.192, 0, NVIDIA RTX PRO 6000 Blackwell Server Edition, P0, 0, 0, 0, 97887, 48.84, 34, 180, 12481
2026/09/15 14:41:42.194, 1, NVIDIA RTX PRO 6000 Blackwell Server Edition, P0, 0, 0, 0, 97887, 49.04, 34, 180, 12481
2026/09/15 14:41:42.196, 2, NVIDIA RTX PRO 6000 Blackwell Server Edition, P0, 0, 0, 0, 97887, 50.75, 34, 180, 12481
2026/09/15 14:41:42.198, 3, NVIDIA RTX PRO 6000 Blackwell Server Edition, P0, 0, 0, 0, 97887, 48.59, 34, 180, 12481
2026/09/15 14:41:42.201, 4, NVIDIA RTX PRO 6000 Blackwell Server Edition, P0, 0, 0, 0, 97887, 48.16, 34, 180, 12481
2026/09/15 14:41:42.203, 5, NVIDIA RTX PRO 6000 Blackwell Server Edition, P0, 0, 0, 0, 97887, 48.76, 34, 180, 12481
2026/09/15 14:41:42.205, 6, NVIDIA RTX PRO 6000 Blackwell Server Edition, P0, 0, 0, 0, 97887, 48.55, 34, 180, 12481
2026/09/15 14:41:42.208, 7, NVIDIA RTX PRO 6000 Blackwell Server Edition, P0, 0, 0, 0, 97887, 47.08, 34, 180, 12481
2026/09/15 14:41:43.278, 0, NVIDIA RTX PRO 6000 Blackwell Server Edition, P0, 0, 0, 0, 97887, 48.87, 34, 180, 12481
2026/09/15 14:41:43.280, 1, NVIDIA RTX PRO 6000 Blackwell Server Edition, P0, 0, 0, 0, 97887, 49.02, 34, 180, 12481
2026/09/15 14:41:43.283, 2, NVIDIA RTX PRO 6000 Blackwell Server Edition, P0, 0, 0, 0, 97887, 50.80, 34, 180, 12481
2026/09/15 14:41:43.285, 3, NVIDIA RTX PRO 6000 Blackwell Server Edition, P0, 0, 0, 0, 97887, 48.60, 34, 180, 12481
2026/09/15 14:41:43.287, 4, NVIDIA RTX PRO 6000 Blackwell Server Edition, P0, 0, 0, 0, 97887, 48.17, 34, 180, 12481
2026/09/15 14:41:43.289, 5, NVIDIA RTX PRO 6000 Blackwell Server Edition, P0, 0, 0, 0, 97887, 48.73, 34, 180, 12481
2026/09/15 14:41:43.291, 6, NVIDIA RTX PRO 6000 Blackwell Server Edition, P0, 0, 0, 0, 97887, 48.55, 34, 180, 12481
2026/09/15 14:41:43.293, 7, NVIDIA RTX PRO 6000 Blackwell Server Edition, P0, 0, 0, 0, 97887, 47.09, 34, 180, 12481
2026/09/15 14:41:44.363, 0, NVIDIA RTX PRO 6000 Blackwell Server Edition, P0, 0, 0, 0, 97887, 48.88, 34, 180, 12481
2026/09/15 14:41:44.365, 1, NVIDIA RTX PRO 6000 Blackwell Server Edition, P0, 0, 0, 0, 97887, 49.02, 34, 180, 12481
2026/09/15 14:41:44.368, 2, NVIDIA RTX PRO 6000 Blackwell Server Edition, P0, 0, 0, 0, 97887, 50.71, 34, 180, 12481
2026/09/15 14:41:44.370, 3, NVIDIA RTX PRO 6000 Blackwell Server Edition, P0, 0, 0, 0, 97887, 48.60, 34, 180, 12481
2026/09/15 14:41:44.372, 4, NVIDIA RTX PRO 6000 Blackwell Server Edition, P0, 0, 0, 0, 97887, 48.15, 34, 180, 12481
2026/09/15 14:41:44.374, 5, NVIDIA RTX PRO 6000 Blackwell Server Edition, P0, 0, 0, 0, 97887, 48.75, 34, 180, 12481
2026/09/15 14:41:44.376, 6, NVIDIA RTX PRO 6000 Blackwell Server Edition, P0, 0, 0, 0, 97887, 48.54, 34, 180, 12481
2026/09/15 14:41:44.379, 7, NVIDIA RTX PRO 6000 Blackwell Server Edition, P0, 0, 0, 0, 97887, 47.07, 34, 180, 12481
2026/09/15 14:41:45.449, 0, NVIDIA RTX PRO 6000 Blackwell Server Edition, P0, 0, 0, 0, 97887, 48.90, 34, 172, 12481
2026/09/15 14:41:45.452, 1, NVIDIA RTX PRO 6000 Blackwell Server Edition, P0, 0, 0, 0, 97887, 49.02, 34, 180, 12481
2026/09/15 14:41:45.454, 2, NVIDIA RTX PRO 6000 Blackwell Server Edition, P0, 0, 0, 0, 97887, 50.78, 34, 180, 12481
2026/09/15 14:41:45.456, 3, NVIDIA RTX PRO 6000 Blackwell Server Edition, P0, 0, 0, 0, 97887, 48.60, 34, 172, 12481
2026/09/15 14:41:45.458, 4, NVIDIA RTX PRO 6000 Blackwell Server Edition, P0, 0, 0, 0, 97887, 48.14, 34, 180, 12481
2026/09/15 14:41:45.461, 5, NVIDIA RTX PRO 6000 Blackwell Server Edition, P0, 0, 0, 0, 97887, 48.76, 34, 180, 12481
2026/09/15 14:41:45.463, 6, NVIDIA RTX PRO 6000 Blackwell Server Edition, P0, 0, 0, 0, 97887, 48.53, 34, 180, 12481
2026/09/15 14:41:45.465, 7, NVIDIA RTX PRO 6000 Blackwell Server Edition, P0, 0, 0, 0, 97887, 47.07, 34, 180, 12481
2026/09/15 14:41:46.534, 0, NVIDIA RTX PRO 6000 Blackwell Server Edition, P0, 0, 0, 0, 97887, 48.84, 34, 180, 12481
2026/09/15 14:41:46.537, 1, NVIDIA RTX PRO 6000 Blackwell Server Edition, P0, 0, 0, 0, 97887, 49.02, 34, 180, 12481
2026/09/15 14:41:46.539, 2, NVIDIA RTX PRO 6000 Blackwell Server Edition, P0, 0, 0, 0, 97887, 50.74, 34, 180, 12481
2026/09/15 14:41:46.541, 3, NVIDIA RTX PRO 6000 Blackwell Server Edition, P0, 0, 0, 0, 97887, 48.60, 34, 180, 12481
2026/09/15 14:41:46.543, 4, NVIDIA RTX PRO 6000 Blackwell Server Edition, P0, 0, 0, 0, 97887, 48.15, 34, 180, 12481
2026/09/15 14:41:46.546, 5, NVIDIA RTX PRO 6000 Blackwell Server Edition, P0, 0, 0, 0, 97887, 48.75, 34, 180, 12481
2026/09/15 14:41:46.548, 6, NVIDIA RTX PRO 6000 Blackwell Server Edition, P0, 0, 0, 0, 97887, 48.55, 34, 180, 12481
2026/09/15 14:41:46.550, 7, NVIDIA RTX PRO 6000 Blackwell Server Edition, P0, 0, 0, 0, 97887, 47.07, 34, 180, 12481
2026/09/15 14:41:47.621, 0, NVIDIA RTX PRO 6000 Blackwell Server Edition, P0, 0, 0, 0, 97887, 48.89, 34, 180, 12481
2026/09/15 14:41:47.624, 1, NVIDIA RTX PRO 6000 Blackwell Server Edition, P0, 0, 0, 0, 97887, 49.02, 34, 180, 12481
2026/09/15 14:41:47.626, 2, NVIDIA RTX PRO 6000 Blackwell Server Edition, P0, 0, 0, 0, 97887, 50.83, 34, 180, 12481
2026/09/15 14:41:47.628, 3, NVIDIA RTX PRO 6000 Blackwell Server Edition, P0, 0, 0, 0, 97887, 48.61, 34, 180, 12481
2026/09/15 14:41:47.630, 4, NVIDIA RTX PRO 6000 Blackwell Server Edition, P0, 0, 0, 0, 97887, 48.16, 34, 180, 12481
2026/09/15 14:41:47.632, 5, NVIDIA RTX PRO 6000 Blackwell Server Edition, P0, 0, 0, 0, 97887, 48.78, 34, 180, 12481
2026/09/15 14:41:47.635, 6, NVIDIA RTX PRO 6000 Blackwell Server Edition, P0, 0, 0, 0, 97887, 48.55, 34, 180, 12481
2026/09/15 14:41:47.637, 7, NVIDIA RTX PRO 6000 Blackwell Server Edition, P0, 0, 0, 0, 97887, 47.08, 34, 180, 12481
2026/09/15 14:41:48.706, 0, NVIDIA RTX PRO 6000 Blackwell Server Edition, P0, 0, 0, 0, 97887, 48.87, 34, 180, 12481
2026/09/15 14:41:48.708, 1, NVIDIA RTX PRO 6000 Blackwell Server Edition, P0, 0, 0, 0, 97887, 49.02, 34, 180, 12481
2026/09/15 14:41:48.711, 2, NVIDIA RTX PRO 6000 Blackwell Server Edition, P0, 0, 0, 0, 97887, 50.78, 34, 180, 12481
2026/09/15 14:41:48.713, 3, NVIDIA RTX PRO 6000 Blackwell Server Edition, P0, 0, 0, 0, 97887, 48.60, 34, 180, 12481
2026/09/15 14:41:48.715, 4, NVIDIA RTX PRO 6000 Blackwell Server Edition, P0, 0, 0, 0, 97887, 48.15, 34, 180, 12481
2026/09/15 14:41:48.717, 5, NVIDIA RTX PRO 6000 Blackwell Server Edition, P0, 0, 0, 0, 97887, 48.74, 34, 180, 12481
2026/09/15 14:41:48.720, 6, NVIDIA RTX PRO 6000 Blackwell Server Edition, P0, 0, 0, 0, 97887, 48.54, 34, 180, 12481
2026/09/15 14:41:48.722, 7, NVIDIA RTX PRO 6000 Blackwell Server Edition, P0, 0, 0, 0, 97887, 47.08, 34, 180, 12481
2026/09/15 14:41:49.793, 0, NVIDIA RTX PRO 6000 Blackwell Server Edition, P0, 0, 0, 0, 97887, 48.81, 34, 180, 12481
2026/09/15 14:41:49.796, 1, NVIDIA RTX PRO 6000 Blackwell Server Edition, P0, 0, 0, 0, 97887, 49.02, 34, 180, 12481
2026/09/15 14:41:49.798, 2, NVIDIA RTX PRO 6000 Blackwell Server Edition, P0, 0, 0, 0, 97887, 50.80, 34, 180, 12481
2026/09/15 14:41:49.800, 3, NVIDIA RTX PRO 6000 Blackwell Server Edition, P0, 0, 0, 0, 97887, 48.60, 34, 180, 12481
2026/09/15 14:41:49.802, 4, NVIDIA RTX PRO 6000 Blackwell Server Edition, P0, 0, 0, 0, 97887, 48.15, 34, 180, 12481
2026/09/15 14:41:49.805, 5, NVIDIA RTX PRO 6000 Blackwell Server Edition, P0, 0, 0, 0, 97887, 48.72, 34, 180, 12481
2026/09/15 14:41:49.807, 6, NVIDIA RTX PRO 6000 Blackwell Server Edition, P0, 0, 0, 0, 97887, 48.52, 34, 180, 12481
2026/09/15 14:41:49.809, 7, NVIDIA RTX PRO 6000 Blackwell Server Edition, P0, 0, 0, 0, 97887, 47.08, 34, 180, 12481
2026/09/15 14:41:50.881, 0, NVIDIA RTX PRO 6000 Blackwell Server Edition, P0, 0, 0, 0, 97887, 48.80, 34, 180, 12481
2026/09/15 14:41:50.884, 1, NVIDIA RTX PRO 6000 Blackwell Server Edition, P0, 0, 0, 0, 97887, 49.02, 34, 180, 12481
2026/09/15 14:41:50.886, 2, NVIDIA RTX PRO 6000 Blackwell Server Edition, P0, 0, 0, 0, 97887, 50.70, 34, 180, 12481
2026/09/15 14:41:50.888, 3, NVIDIA RTX PRO 6000 Blackwell Server Edition, P0, 0, 0, 0, 97887, 48.60, 34, 180, 12481
2026/09/15 14:41:50.891, 4, NVIDIA RTX PRO 6000 Blackwell Server Edition, P0, 0, 0, 0, 97887, 48.14, 34, 180, 12481
2026/09/15 14:41:50.894, 5, NVIDIA RTX PRO 6000 Blackwell Server Edition, P0, 0, 0, 0, 97887, 48.74, 34, 180, 12481
2026/09/15 14:41:50.896, 6, NVIDIA RTX PRO 6000 Blackwell Server Edition, P0, 0, 0, 0, 97887, 48.54, 34, 180, 12481
2026/09/15 14:41:50.898, 7, NVIDIA RTX PRO 6000 Blackwell Server Edition, P0, 0, 0, 0, 97887, 47.08, 34, 180, 12481
2026/09/15 14:41:51.969, 0, NVIDIA RTX PRO 6000 Blackwell Server Edition, P0, 0, 0, 0, 97887, 48.85, 34, 180, 12481
2026/09/15 14:41:51.972, 1, NVIDIA RTX PRO 6000 Blackwell Server Edition, P0, 0, 0, 0, 97887, 49.03, 34, 180, 12481
2026/09/15 14:41:51.974, 2, NVIDIA RTX PRO 6000 Blackwell Server Edition, P0, 0, 0, 0, 97887, 50.81, 34, 180, 12481
2026/09/15 14:41:51.976, 3, NVIDIA RTX PRO 6000 Blackwell Server Edition, P0, 0, 0, 0, 97887, 48.59, 34, 180, 12481
2026/09/15 14:41:51.978, 4, NVIDIA RTX PRO 6000 Blackwell Server Edition, P0, 0, 0, 0, 97887, 48.15, 34, 180, 12481
2026/09/15 14:41:51.981, 5, NVIDIA RTX PRO 6000 Blackwell Server Edition, P0, 0, 0, 0, 97887, 48.74, 34, 172, 12481
2026/09/15 14:41:51.984, 6, NVIDIA RTX PRO 6000 Blackwell Server Edition, P0, 0, 0, 0, 97887, 48.53, 34, 180, 12481
2026/09/15 14:41:51.986, 7, NVIDIA RTX PRO 6000 Blackwell Server Edition, P0, 0, 0, 0, 97887, 47.08, 34, 180, 12481
2026/09/15 14:41:53.055, 0, NVIDIA RTX PRO 6000 Blackwell Server Edition, P0, 0, 0, 0, 97887, 48.82, 34, 180, 12481
2026/09/15 14:41:53.058, 1, NVIDIA RTX PRO 6000 Blackwell Server Edition, P0, 0, 0, 0, 97887, 49.02, 34, 172, 12481
2026/09/15 14:41:53.060, 2, NVIDIA RTX PRO 6000 Blackwell Server Edition, P0, 0, 0, 0, 97887, 50.71, 34, 180, 12481
2026/09/15 14:41:53.062, 3, NVIDIA RTX PRO 6000 Blackwell Server Edition, P0, 0, 0, 0, 97887, 48.59, 34, 180, 12481
2026/09/15 14:41:53.064, 4, NVIDIA RTX PRO 6000 Blackwell Server Edition, P0, 0, 0, 0, 97887, 48.15, 34, 180, 12481
2026/09/15 14:41:53.066, 5, NVIDIA RTX PRO 6000 Blackwell Server Edition, P0, 0, 0, 0, 97887, 48.76, 34, 180, 12481
2026/09/15 14:41:53.069, 6, NVIDIA RTX PRO 6000 Blackwell Server Edition, P0, 0, 0, 0, 97887, 48.54, 34, 180, 12481
2026/09/15 14:41:53.071, 7, NVIDIA RTX PRO 6000 Blackwell Server Edition, P0, 0, 0, 0, 97887, 47.08, 34, 180, 12481
2026/09/15 14:41:54.140, 0, NVIDIA RTX PRO 6000 Blackwell Server Edition, P0, 0, 0, 0, 97887, 48.85, 33, 180, 12481
2026/09/15 14:41:54.143, 1, NVIDIA RTX PRO 6000 Blackwell Server Edition, P0, 0, 0, 0, 97887, 49.02, 34, 180, 12481
2026/09/15 14:41:54.145, 2, NVIDIA RTX PRO 6000 Blackwell Server Edition, P0, 0, 0, 0, 97887, 50.81, 34, 180, 12481
2026/09/15 14:41:54.147, 3, NVIDIA RTX PRO 6000 Blackwell Server Edition, P0, 0, 0, 0, 97887, 48.59, 34, 180, 12481
2026/09/15 14:41:54.149, 4, NVIDIA RTX PRO 6000 Blackwell Server Edition, P0, 0, 0, 0, 97887, 48.15, 34, 180, 12481
2026/09/15 14:41:54.151, 5, NVIDIA RTX PRO 6000 Blackwell Server Edition, P0, 0, 0, 0, 97887, 48.76, 34, 180, 12481
2026/09/15 14:41:54.154, 6, NVIDIA RTX PRO 6000 Blackwell Server Edition, P0, 0, 0, 0, 97887, 48.52, 34, 180, 12481
2026/09/15 14:41:54.156, 7, NVIDIA RTX PRO 6000 Blackwell Server Edition, P0, 0, 0, 0, 97887, 47.08, 34, 180, 12481
2026/09/15 14:41:55.225, 0, NVIDIA RTX PRO 6000 Blackwell Server Edition, P0, 0, 0, 0, 97887, 48.83, 34, 180, 12481
2026/09/15 14:41:55.228, 1, NVIDIA RTX PRO 6000 Blackwell Server Edition, P0, 0, 0, 0, 97887, 49.03, 34, 180, 12481
2026/09/15 14:41:55.230, 2, NVIDIA RTX PRO 6000 Blackwell Server Edition, P0, 0, 0, 0, 97887, 50.71, 34, 180, 12481
2026/09/15 14:41:55.232, 3, NVIDIA RTX PRO 6000 Blackwell Server Edition, P0, 0, 0, 0, 97887, 48.59, 34, 180, 12481
2026/09/15 14:41:55.234, 4, NVIDIA RTX PRO 6000 Blackwell Server Edition, P0, 0, 0, 0, 97887, 48.15, 34, 180, 12481
2026/09/15 14:41:55.237, 5, NVIDIA RTX PRO 6000 Blackwell Server Edition, P0, 0, 0, 0, 97887, 48.79, 34, 180, 12481
2026/09/15 14:41:55.239, 6, NVIDIA RTX PRO 6000 Blackwell Server Edition, P0, 0, 0, 0, 97887, 48.54, 34, 180, 12481
2026/09/15 14:41:55.241, 7, NVIDIA RTX PRO 6000 Blackwell Server Edition, P0, 0, 0, 0, 97887, 47.08, 34, 172, 12481
2026/09/15 14:41:56.310, 0, NVIDIA RTX PRO 6000 Blackwell Server Edition, P0, 0, 0, 0, 97887, 48.84, 34, 180, 12481
2026/09/15 14:41:56.312, 1, NVIDIA RTX PRO 6000 Blackwell Server Edition, P0, 0, 0, 0, 97887, 49.02, 34, 180, 12481
2026/09/15 14:41:56.314, 2, NVIDIA RTX PRO 6000 Blackwell Server Edition, P0, 0, 0, 0, 97887, 50.79, 34, 180, 12481
2026/09/15 14:41:56.317, 3, NVIDIA RTX PRO 6000 Blackwell Server Edition, P0, 0, 0, 0, 97887, 48.58, 34, 180, 12481
2026/09/15 14:41:56.319, 4, NVIDIA RTX PRO 6000 Blackwell Server Edition, P0, 0, 0, 0, 97887, 48.14, 34, 180, 12481
2026/09/15 14:41:56.321, 5, NVIDIA RTX PRO 6000 Blackwell Server Edition, P0, 0, 0, 0, 97887, 48.79, 34, 180, 12481
2026/09/15 14:41:56.323, 6, NVIDIA RTX PRO 6000 Blackwell Server Edition, P0, 0, 0, 0, 97887, 48.54, 34, 180, 12481
2026/09/15 14:41:56.326, 7, NVIDIA RTX PRO 6000 Blackwell Server Edition, P0, 0, 0, 0, 97887, 47.08, 34, 180, 12481
2026/09/15 14:41:57.397, 0, NVIDIA RTX PRO 6000 Blackwell Server Edition, P0, 0, 0, 0, 97887, 48.83, 33, 180, 12481
2026/09/15 14:41:57.399, 1, NVIDIA RTX PRO 6000 Blackwell Server Edition, P0, 0, 0, 0, 97887, 49.02, 34, 180, 12481
2026/09/15 14:41:57.402, 2, NVIDIA RTX PRO 6000 Blackwell Server Edition, P0, 0, 0, 0, 97887, 50.79, 34, 180, 12481
2026/09/15 14:41:57.404, 3, NVIDIA RTX PRO 6000 Blackwell Server Edition, P0, 0, 0, 0, 97887, 48.59, 34, 180, 12481
2026/09/15 14:41:57.406, 4, NVIDIA RTX PRO 6000 Blackwell Server Edition, P0, 0, 0, 0, 97887, 48.14, 34, 180, 12481
2026/09/15 14:41:57.408, 5, NVIDIA RTX PRO 6000 Blackwell Server Edition, P0, 0, 0, 0, 97887, 48.75, 34, 180, 12481
2026/09/15 14:41:57.411, 6, NVIDIA RTX PRO 6000 Blackwell Server Edition, P0, 0, 0, 0, 97887, 48.54, 34, 180, 12481
2026/09/15 14:41:57.413, 7, NVIDIA RTX PRO 6000 Blackwell Server Edition, P0, 0, 0, 0, 97887, 47.08, 34, 180, 12481
2026/09/15 14:41:58.483, 0, NVIDIA RTX PRO 6000 Blackwell Server Edition, P0, 0, 0, 0, 97887, 48.89, 34, 180, 12481
2026/09/15 14:41:58.485, 1, NVIDIA RTX PRO 6000 Blackwell Server Edition, P0, 0, 0, 0, 97887, 49.02, 34, 180, 12481
2026/09/15 14:41:58.487, 2, NVIDIA RTX PRO 6000 Blackwell Server Edition, P0, 0, 0, 0, 97887, 50.79, 34, 180, 12481
2026/09/15 14:41:58.489, 3, NVIDIA RTX PRO 6000 Blackwell Server Edition, P0, 0, 0, 0, 97887, 48.59, 34, 180, 12481
2026/09/15 14:41:58.492, 4, NVIDIA RTX PRO 6000 Blackwell Server Edition, P0, 0, 0, 0, 97887, 48.15, 34, 180, 12481
2026/09/15 14:41:58.494, 5, NVIDIA RTX PRO 6000 Blackwell Server Edition, P0, 0, 0, 0, 97887, 48.73, 34, 180, 12481
2026/09/15 14:41:58.496, 6, NVIDIA RTX PRO 6000 Blackwell Server Edition, P0, 0, 0, 0, 97887, 48.56, 34, 180, 12481
2026/09/15 14:41:58.498, 7, NVIDIA RTX PRO 6000 Blackwell Server Edition, P0, 0, 0, 0, 97887, 47.08, 34, 180, 12481
2026/09/15 14:41:59.569, 0, NVIDIA RTX PRO 6000 Blackwell Server Edition, P0, 0, 0, 0, 97887, 48.85, 34, 180, 12481
2026/09/15 14:41:59.571, 1, NVIDIA RTX PRO 6000 Blackwell Server Edition, P0, 0, 0, 0, 97887, 49.02, 34, 180, 12481
2026/09/15 14:41:59.573, 2, NVIDIA RTX PRO 6000 Blackwell Server Edition, P0, 0, 0, 0, 97887, 50.78, 34, 180, 12481
2026/09/15 14:41:59.576, 3, NVIDIA RTX PRO 6000 Blackwell Server Edition, P0, 0, 0, 0, 97887, 48.58, 34, 180, 12481
2026/09/15 14:41:59.578, 4, NVIDIA RTX PRO 6000 Blackwell Server Edition, P0, 0, 0, 0, 97887, 48.13, 34, 180, 12481
2026/09/15 14:41:59.580, 5, NVIDIA RTX PRO 6000 Blackwell Server Edition, P0, 0, 0, 0, 97887, 48.78, 34, 180, 12481
2026/09/15 14:41:59.582, 6, NVIDIA RTX PRO 6000 Blackwell Server Edition, P0, 0, 0, 0, 97887, 48.54, 34, 180, 12481
2026/09/15 14:41:59.584, 7, NVIDIA RTX PRO 6000 Blackwell Server Edition, P0, 0, 0, 0, 97887, 47.08, 34, 180, 12481
2026/09/15 14:42:00.655, 0, NVIDIA RTX PRO 6000 Blackwell Server Edition, P0, 0, 0, 0, 97887, 48.87, 33, 180, 12481
2026/09/15 14:42:00.658, 1, NVIDIA RTX PRO 6000 Blackwell Server Edition, P0, 0, 0, 0, 97887, 49.02, 34, 180, 12481
2026/09/15 14:42:00.660, 2, NVIDIA RTX PRO 6000 Blackwell Server Edition, P0, 0, 0, 0, 97887, 50.81, 34, 180, 12481
2026/09/15 14:42:00.662, 3, NVIDIA RTX PRO 6000 Blackwell Server Edition, P0, 0, 0, 0, 97887, 48.60, 34, 180, 12481
2026/09/15 14:42:00.664, 4, NVIDIA RTX PRO 6000 Blackwell Server Edition, P0, 0, 0, 0, 97887, 48.15, 34, 180, 12481
2026/09/15 14:42:00.667, 5, NVIDIA RTX PRO 6000 Blackwell Server Edition, P0, 0, 0, 0, 97887, 48.73, 34, 180, 12481
2026/09/15 14:42:00.669, 6, NVIDIA RTX PRO 6000 Blackwell Server Edition, P0, 0, 0, 0, 97887, 48.54, 34, 180, 12481
2026/09/15 14:42:00.671, 7, NVIDIA RTX PRO 6000 Blackwell Server Edition, P0, 0, 0, 0, 97887, 47.08, 34, 180, 12481
2026/09/15 14:42:01.740, 0, NVIDIA RTX PRO 6000 Blackwell Server Edition, P0, 0, 0, 0, 97887, 48.88, 34, 180, 12481
2026/09/15 14:42:01.743, 1, NVIDIA RTX PRO 6000 Blackwell Server Edition, P0, 0, 0, 0, 97887, 49.02, 34, 180, 12481
2026/09/15 14:42:01.745, 2, NVIDIA RTX PRO 6000 Blackwell Server Edition, P0, 0, 0, 0, 97887, 50.74, 34, 180, 12481
2026/09/15 14:42:01.747, 3, NVIDIA RTX PRO 6000 Blackwell Server Edition, P0, 0, 0, 0, 97887, 48.60, 34, 180, 12481
2026/09/15 14:42:01.749, 4, NVIDIA RTX PRO 6000 Blackwell Server Edition, P0, 0, 0, 0, 97887, 48.15, 34, 180, 12481
2026/09/15 14:42:01.752, 5, NVIDIA RTX PRO 6000 Blackwell Server Edition, P0, 0, 0, 0, 97887, 48.74, 34, 180, 12481
2026/09/15 14:42:01.754, 6, NVIDIA RTX PRO 6000 Blackwell Server Edition, P0, 0, 0, 0, 97887, 48.52, 34, 180, 12481
2026/09/15 14:42:01.756, 7, NVIDIA RTX PRO 6000 Blackwell Server Edition, P0, 0, 0, 0, 97887, 47.08, 34, 180, 12481
2026/09/15 14:42:02.827, 0, NVIDIA RTX PRO 6000 Blackwell Server Edition, P0, 0, 0, 0, 97887, 48.89, 34, 180, 12481
2026/09/15 14:42:02.829, 1, NVIDIA RTX PRO 6000 Blackwell Server Edition, P0, 0, 0, 0, 97887, 49.02, 34, 180, 12481
2026/09/15 14:42:02.832, 2, NVIDIA RTX PRO 6000 Blackwell Server Edition, P0, 0, 0, 0, 97887, 50.75, 34, 180, 12481
2026/09/15 14:42:02.834, 3, NVIDIA RTX PRO 6000 Blackwell Server Edition, P0, 0, 0, 0, 97887, 48.60, 34, 180, 12481
2026/09/15 14:42:02.836, 4, NVIDIA RTX PRO 6000 Blackwell Server Edition, P0, 0, 0, 0, 97887, 48.15, 34, 180, 12481
2026/09/15 14:42:02.838, 5, NVIDIA RTX PRO 6000 Blackwell Server Edition, P0, 0, 0, 0, 97887, 48.77, 34, 180, 12481
2026/09/15 14:42:02.841, 6, NVIDIA RTX PRO 6000 Blackwell Server Edition, P0, 0, 0, 0, 97887, 48.53, 34, 180, 12481
2026/09/15 14:42:02.843, 7, NVIDIA RTX PRO 6000 Blackwell Server Edition, P0, 0, 0, 0, 97887, 47.09, 34, 180, 12481
2026/09/15 14:42:03.914, 0, NVIDIA RTX PRO 6000 Blackwell Server Edition, P0, 0, 0, 0, 97887, 48.78, 33, 180, 12481
2026/09/15 14:42:03.917, 1, NVIDIA RTX PRO 6000 Blackwell Server Edition, P0, 0, 0, 0, 97887, 49.02, 34, 180, 12481
2026/09/15 14:42:03.919, 2, NVIDIA RTX PRO 6000 Blackwell Server Edition, P0, 0, 0, 0, 97887, 50.68, 34, 180, 12481
2026/09/15 14:42:03.921, 3, NVIDIA RTX PRO 6000 Blackwell Server Edition, P0, 0, 0, 0, 97887, 48.60, 34, 180, 12481
2026/09/15 14:42:03.923, 4, NVIDIA RTX PRO 6000 Blackwell Server Edition, P0, 0, 0, 0, 97887, 48.15, 34, 180, 12481
2026/09/15 14:42:03.925, 5, NVIDIA RTX PRO 6000 Blackwell Server Edition, P0, 0, 0, 0, 97887, 48.70, 34, 180, 12481
2026/09/15 14:42:03.928, 6, NVIDIA RTX PRO 6000 Blackwell Server Edition, P0, 0, 0, 0, 97887, 48.51, 34, 180, 12481
2026/09/15 14:42:03.930, 7, NVIDIA RTX PRO 6000 Blackwell Server Edition, P0, 0, 0, 0, 97887, 47.08, 34, 180, 12481
2026/09/15 14:42:05.000, 0, NVIDIA RTX PRO 6000 Blackwell Server Edition, P0, 0, 0, 0, 97887, 48.90, 33, 180, 12481
2026/09/15 14:42:05.003, 1, NVIDIA RTX PRO 6000 Blackwell Server Edition, P0, 0, 0, 0, 97887, 49.02, 34, 180, 12481
2026/09/15 14:42:05.005, 2, NVIDIA RTX PRO 6000 Blackwell Server Edition, P0, 0, 0, 0, 97887, 50.75, 34, 180, 12481
2026/09/15 14:42:05.007, 3, NVIDIA RTX PRO 6000 Blackwell Server Edition, P0, 0, 0, 0, 97887, 48.60, 34, 180, 12481
2026/09/15 14:42:05.009, 4, NVIDIA RTX PRO 6000 Blackwell Server Edition, P0, 0, 0, 0, 97887, 48.15, 34, 180, 12481
2026/09/15 14:42:05.011, 5, NVIDIA RTX PRO 6000 Blackwell Server Edition, P0, 0, 0, 0, 97887, 48.78, 34, 180, 12481
2026/09/15 14:42:05.014, 6, NVIDIA RTX PRO 6000 Blackwell Server Edition, P0, 0, 0, 0, 97887, 48.51, 34, 180, 12481
2026/09/15 14:42:05.016, 7, NVIDIA RTX PRO 6000 Blackwell Server Edition, P0, 0, 0, 0, 97887, 47.08, 34, 180, 12481
2026/09/15 14:42:06.088, 0, NVIDIA RTX PRO 6000 Blackwell Server Edition, P0, 0, 0, 0, 97887, 48.81, 34, 180, 12481
2026/09/15 14:42:06.090, 1, NVIDIA RTX PRO 6000 Blackwell Server Edition, P0, 0, 0, 0, 97887, 49.02, 34, 180, 12481
2026/09/15 14:42:06.093, 2, NVIDIA RTX PRO 6000 Blackwell Server Edition, P0, 0, 0, 0, 97887, 50.69, 34, 180, 12481
2026/09/15 14:42:06.095, 3, NVIDIA RTX PRO 6000 Blackwell Server Edition, P0, 0, 0, 0, 97887, 48.60, 34, 180, 12481
2026/09/15 14:42:06.097, 4, NVIDIA RTX PRO 6000 Blackwell Server Edition, P0, 0, 0, 0, 97887, 48.15, 34, 180, 12481
2026/09/15 14:42:06.099, 5, NVIDIA RTX PRO 6000 Blackwell Server Edition, P0, 0, 0, 0, 97887, 48.76, 34, 172, 12481
2026/09/15 14:42:06.101, 6, NVIDIA RTX PRO 6000 Blackwell Server Edition, P0, 0, 0, 0, 97887, 48.50, 34, 180, 12481
2026/09/15 14:42:06.103, 7, NVIDIA RTX PRO 6000 Blackwell Server Edition, P0, 0, 0, 0, 97887, 47.08, 34, 180, 12481
2026/09/15 14:42:07.174, 0, NVIDIA RTX PRO 6000 Blackwell Server Edition, P0, 0, 0, 0, 97887, 48.84, 33, 180, 12481
2026/09/15 14:42:07.177, 1, NVIDIA RTX PRO 6000 Blackwell Server Edition, P0, 0, 0, 0, 97887, 49.02, 34, 172, 12481
2026/09/15 14:42:07.179, 2, NVIDIA RTX PRO 6000 Blackwell Server Edition, P0, 0, 0, 0, 97887, 50.80, 34, 180, 12481
2026/09/15 14:42:07.181, 3, NVIDIA RTX PRO 6000 Blackwell Server Edition, P0, 0, 0, 0, 97887, 48.60, 34, 180, 12481
2026/09/15 14:42:07.183, 4, NVIDIA RTX PRO 6000 Blackwell Server Edition, P0, 0, 0, 0, 97887, 48.14, 34, 180, 12481
2026/09/15 14:42:07.185, 5, NVIDIA RTX PRO 6000 Blackwell Server Edition, P0, 0, 0, 0, 97887, 48.71, 34, 180, 12481
2026/09/15 14:42:07.188, 6, NVIDIA RTX PRO 6000 Blackwell Server Edition, P0, 0, 0, 0, 97887, 48.52, 34, 180, 12481
2026/09/15 14:42:07.190, 7, NVIDIA RTX PRO 6000 Blackwell Server Edition, P0, 0, 0, 0, 97887, 47.08, 34, 180, 12481
2026/09/15 14:42:08.261, 0, NVIDIA RTX PRO 6000 Blackwell Server Edition, P0, 0, 0, 0, 97887, 48.80, 33, 180, 12481
2026/09/15 14:42:08.263, 1, NVIDIA RTX PRO 6000 Blackwell Server Edition, P0, 0, 0, 0, 97887, 49.02, 34, 180, 12481
2026/09/15 14:42:08.265, 2, NVIDIA RTX PRO 6000 Blackwell Server Edition, P0, 0, 0, 0, 97887, 50.75, 34, 180, 12481
2026/09/15 14:42:08.267, 3, NVIDIA RTX PRO 6000 Blackwell Server Edition, P0, 0, 0, 0, 97887, 48.60, 34, 180, 12481
2026/09/15 14:42:08.270, 4, NVIDIA RTX PRO 6000 Blackwell Server Edition, P0, 0, 0, 0, 97887, 48.14, 34, 180, 12481
2026/09/15 14:42:08.272, 5, NVIDIA RTX PRO 6000 Blackwell Server Edition, P0, 0, 0, 0, 97887, 48.74, 34, 180, 12481
2026/09/15 14:42:08.274, 6, NVIDIA RTX PRO 6000 Blackwell Server Edition, P0, 0, 0, 0, 97887, 48.52, 34, 180, 12481
2026/09/15 14:42:08.276, 7, NVIDIA RTX PRO 6000 Blackwell Server Edition, P0, 0, 0, 0, 97887, 47.08, 34, 180, 12481
2026/09/15 14:42:09.345, 0, NVIDIA RTX PRO 6000 Blackwell Server Edition, P0, 0, 0, 0, 97887, 48.94, 33, 180, 12481
2026/09/15 14:42:09.347, 1, NVIDIA RTX PRO 6000 Blackwell Server Edition, P0, 0, 0, 0, 97887, 49.02, 34, 180, 12481
2026/09/15 14:42:09.349, 2, NVIDIA RTX PRO 6000 Blackwell Server Edition, P0, 0, 0, 0, 97887, 50.80, 34, 180, 12481
2026/09/15 14:42:09.352, 3, NVIDIA RTX PRO 6000 Blackwell Server Edition, P0, 0, 0, 0, 97887, 48.60, 34, 180, 12481
2026/09/15 14:42:09.354, 4, NVIDIA RTX PRO 6000 Blackwell Server Edition, P0, 0, 0, 0, 97887, 48.13, 34, 180, 12481
2026/09/15 14:42:09.356, 5, NVIDIA RTX PRO 6000 Blackwell Server Edition, P0, 0, 0, 0, 97887, 48.71, 34, 180, 12481
2026/09/15 14:42:09.358, 6, NVIDIA RTX PRO 6000 Blackwell Server Edition, P0, 0, 0, 0, 97887, 48.53, 34, 180, 12481
2026/09/15 14:42:09.360, 7, NVIDIA RTX PRO 6000 Blackwell Server Edition, P0, 0, 0, 0, 97887, 47.08, 34, 180, 12481
2026/09/15 14:42:10.431, 0, NVIDIA RTX PRO 6000 Blackwell Server Edition, P0, 0, 0, 0, 97887, 48.78, 33, 180, 12481
2026/09/15 14:42:10.433, 1, NVIDIA RTX PRO 6000 Blackwell Server Edition, P0, 0, 0, 0, 97887, 49.02, 34, 180, 12481
2026/09/15 14:42:10.436, 2, NVIDIA RTX PRO 6000 Blackwell Server Edition, P0, 0, 0, 0, 97887, 50.79, 34, 180, 12481
2026/09/15 14:42:10.438, 3, NVIDIA RTX PRO 6000 Blackwell Server Edition, P0, 0, 0, 0, 97887, 48.60, 34, 180, 12481
2026/09/15 14:42:10.440, 4, NVIDIA RTX PRO 6000 Blackwell Server Edition, P0, 0, 0, 0, 97887, 48.16, 34, 180, 12481
2026/09/15 14:42:10.442, 5, NVIDIA RTX PRO 6000 Blackwell Server Edition, P0, 0, 0, 0, 97887, 48.73, 34, 180, 12481
2026/09/15 14:42:10.444, 6, NVIDIA RTX PRO 6000 Blackwell Server Edition, P0, 0, 0, 0, 97887, 48.52, 34, 180, 12481
2026/09/15 14:42:10.447, 7, NVIDIA RTX PRO 6000 Blackwell Server Edition, P0, 0, 0, 0, 97887, 47.08, 34, 180, 12481
2026/09/15 14:42:11.517, 0, NVIDIA RTX PRO 6000 Blackwell Server Edition, P0, 0, 0, 0, 97887, 48.77, 33, 180, 12481
2026/09/15 14:42:11.519, 1, NVIDIA RTX PRO 6000 Blackwell Server Edition, P0, 0, 0, 0, 97887, 49.02, 34, 180, 12481
2026/09/15 14:42:11.522, 2, NVIDIA RTX PRO 6000 Blackwell Server Edition, P0, 0, 0, 0, 97887, 50.72, 34, 180, 12481
2026/09/15 14:42:11.524, 3, NVIDIA RTX PRO 6000 Blackwell Server Edition, P0, 0, 0, 0, 97887, 48.60, 34, 180, 12481
2026/09/15 14:42:11.526, 4, NVIDIA RTX PRO 6000 Blackwell Server Edition, P0, 0, 0, 0, 97887, 48.16, 34, 180, 12481
2026/09/15 14:42:11.528, 5, NVIDIA RTX PRO 6000 Blackwell Server Edition, P0, 0, 0, 0, 97887, 48.76, 34, 180, 12481
2026/09/15 14:42:11.531, 6, NVIDIA RTX PRO 6000 Blackwell Server Edition, P0, 0, 0, 0, 97887, 48.52, 34, 180, 12481
2026/09/15 14:42:11.533, 7, NVIDIA RTX PRO 6000 Blackwell Server Edition, P0, 0, 0, 0, 97887, 47.08, 34, 180, 12481
2026/09/15 14:42:12.603, 0, NVIDIA RTX PRO 6000 Blackwell Server Edition, P0, 0, 0, 0, 97887, 48.69, 34, 180, 12481
2026/09/15 14:42:12.606, 1, NVIDIA RTX PRO 6000 Blackwell Server Edition, P0, 0, 0, 0, 97887, 49.02, 34, 180, 12481
2026/09/15 14:42:12.608, 2, NVIDIA RTX PRO 6000 Blackwell Server Edition, P0, 0, 0, 0, 97887, 50.72, 34, 180, 12481
2026/09/15 14:42:12.610, 3, NVIDIA RTX PRO 6000 Blackwell Server Edition, P0, 0, 0, 0, 97887, 48.59, 34, 180, 12481
2026/09/15 14:42:12.612, 4, NVIDIA RTX PRO 6000 Blackwell Server Edition, P0, 0, 0, 0, 97887, 48.15, 34, 172, 12481
2026/09/15 14:42:12.614, 5, NVIDIA RTX PRO 6000 Blackwell Server Edition, P0, 0, 0, 0, 97887, 48.79, 34, 180, 12481
2026/09/15 14:42:12.617, 6, NVIDIA RTX PRO 6000 Blackwell Server Edition, P0, 0, 0, 0, 97887, 48.52, 34, 180, 12481
2026/09/15 14:42:12.619, 7, NVIDIA RTX PRO 6000 Blackwell Server Edition, P0, 0, 0, 0, 97887, 47.08, 34, 180, 12481
2026/09/15 14:42:13.690, 0, NVIDIA RTX PRO 6000 Blackwell Server Edition, P0, 0, 0, 0, 97887, 48.75, 33, 180, 12481
2026/09/15 14:42:13.692, 1, NVIDIA RTX PRO 6000 Blackwell Server Edition, P0, 0, 0, 0, 97887, 49.02, 34, 180, 12481
2026/09/15 14:42:13.694, 2, NVIDIA RTX PRO 6000 Blackwell Server Edition, P0, 0, 0, 0, 97887, 50.76, 34, 180, 12481
2026/09/15 14:42:13.696, 3, NVIDIA RTX PRO 6000 Blackwell Server Edition, P0, 0, 0, 0, 97887, 48.60, 34, 180, 12481
2026/09/15 14:42:13.699, 4, NVIDIA RTX PRO 6000 Blackwell Server Edition, P0, 0, 0, 0, 97887, 48.16, 34, 180, 12481
2026/09/15 14:42:13.701, 5, NVIDIA RTX PRO 6000 Blackwell Server Edition, P0, 0, 0, 0, 97887, 48.73, 34, 180, 12481
2026/09/15 14:42:13.703, 6, NVIDIA RTX PRO 6000 Blackwell Server Edition, P0, 0, 0, 0, 97887, 48.52, 34, 180, 12481
2026/09/15 14:42:13.705, 7, NVIDIA RTX PRO 6000 Blackwell Server Edition, P0, 0, 0, 0, 97887, 47.08, 34, 180, 12481
2026/09/15 14:42:14.775, 0, NVIDIA RTX PRO 6000 Blackwell Server Edition, P0, 0, 0, 0, 97887, 48.68, 33, 180, 12481
2026/09/15 14:42:14.777, 1, NVIDIA RTX PRO 6000 Blackwell Server Edition, P0, 0, 0, 0, 97887, 49.02, 34, 180, 12481
2026/09/15 14:42:14.779, 2, NVIDIA RTX PRO 6000 Blackwell Server Edition, P0, 0, 0, 0, 97887, 50.68, 34, 180, 12481
2026/09/15 14:42:14.781, 3, NVIDIA RTX PRO 6000 Blackwell Server Edition, P0, 0, 0, 0, 97887, 48.59, 34, 180, 12481
2026/09/15 14:42:14.784, 4, NVIDIA RTX PRO 6000 Blackwell Server Edition, P0, 0, 0, 0, 97887, 48.15, 34, 180, 12481
2026/09/15 14:42:14.786, 5, NVIDIA RTX PRO 6000 Blackwell Server Edition, P0, 0, 0, 0, 97887, 48.74, 34, 180, 12481
2026/09/15 14:42:14.788, 6, NVIDIA RTX PRO 6000 Blackwell Server Edition, P0, 0, 0, 0, 97887, 48.53, 34, 180, 12481
2026/09/15 14:42:14.790, 7, NVIDIA RTX PRO 6000 Blackwell Server Edition, P0, 0, 0, 0, 97887, 47.09, 34, 180, 12481
2026/09/15 14:42:15.860, 0, NVIDIA RTX PRO 6000 Blackwell Server Edition, P0, 0, 0, 0, 97887, 48.77, 34, 180, 12481
2026/09/15 14:42:15.863, 1, NVIDIA RTX PRO 6000 Blackwell Server Edition, P0, 0, 0, 0, 97887, 49.02, 34, 180, 12481
2026/09/15 14:42:15.865, 2, NVIDIA RTX PRO 6000 Blackwell Server Edition, P0, 0, 0, 0, 97887, 50.72, 34, 180, 12481
2026/09/15 14:42:15.867, 3, NVIDIA RTX PRO 6000 Blackwell Server Edition, P0, 0, 0, 0, 97887, 48.60, 34, 180, 12481
2026/09/15 14:42:15.869, 4, NVIDIA RTX PRO 6000 Blackwell Server Edition, P0, 0, 0, 0, 97887, 48.15, 34, 180, 12481
2026/09/15 14:42:15.871, 5, NVIDIA RTX PRO 6000 Blackwell Server Edition, P0, 0, 0, 0, 97887, 48.72, 34, 180, 12481
2026/09/15 14:42:15.874, 6, NVIDIA RTX PRO 6000 Blackwell Server Edition, P0, 0, 0, 0, 97887, 48.52, 34, 180, 12481
2026/09/15 14:42:15.876, 7, NVIDIA RTX PRO 6000 Blackwell Server Edition, P0, 0, 0, 0, 97887, 47.08, 34, 180, 12481
2026/09/15 14:42:16.947, 0, NVIDIA RTX PRO 6000 Blackwell Server Edition, P0, 0, 0, 0, 97887, 48.69, 33, 180, 12481
2026/09/15 14:42:16.949, 1, NVIDIA RTX PRO 6000 Blackwell Server Edition, P0, 0, 0, 0, 97887, 49.02, 34, 180, 12481
2026/09/15 14:42:16.951, 2, NVIDIA RTX PRO 6000 Blackwell Server Edition, P0, 0, 0, 0, 97887, 50.74, 34, 180, 12481
2026/09/15 14:42:16.954, 3, NVIDIA RTX PRO 6000 Blackwell Server Edition, P0, 0, 0, 0, 97887, 48.60, 34, 180, 12481
2026/09/15 14:42:16.956, 4, NVIDIA RTX PRO 6000 Blackwell Server Edition, P0, 0, 0, 0, 97887, 48.16, 34, 180, 12481
2026/09/15 14:42:16.958, 5, NVIDIA RTX PRO 6000 Blackwell Server Edition, P0, 0, 0, 0, 97887, 48.74, 34, 180, 12481
2026/09/15 14:42:16.960, 6, NVIDIA RTX PRO 6000 Blackwell Server Edition, P0, 0, 0, 0, 97887, 48.52, 34, 180, 12481
2026/09/15 14:42:16.962, 7, NVIDIA RTX PRO 6000 Blackwell Server Edition, P0, 0, 0, 0, 97887, 47.08, 34, 180, 12481
2026/09/15 14:42:18.033, 0, NVIDIA RTX PRO 6000 Blackwell Server Edition, P0, 0, 0, 0, 97887, 48.75, 33, 180, 12481
2026/09/15 14:42:18.035, 1, NVIDIA RTX PRO 6000 Blackwell Server Edition, P0, 0, 0, 0, 97887, 49.02, 34, 180, 12481
2026/09/15 14:42:18.038, 2, NVIDIA RTX PRO 6000 Blackwell Server Edition, P0, 0, 0, 0, 97887, 50.70, 34, 180, 12481
2026/09/15 14:42:18.040, 3, NVIDIA RTX PRO 6000 Blackwell Server Edition, P0, 0, 0, 0, 97887, 48.60, 34, 180, 12481
2026/09/15 14:42:18.042, 4, NVIDIA RTX PRO 6000 Blackwell Server Edition, P0, 0, 0, 0, 97887, 48.17, 34, 180, 12481
2026/09/15 14:42:18.044, 5, NVIDIA RTX PRO 6000 Blackwell Server Edition, P0, 0, 0, 0, 97887, 48.69, 34, 180, 12481
2026/09/15 14:42:18.047, 6, NVIDIA RTX PRO 6000 Blackwell Server Edition, P0, 0, 0, 0, 97887, 48.53, 34, 180, 12481
2026/09/15 14:42:18.049, 7, NVIDIA RTX PRO 6000 Blackwell Server Edition, P0, 0, 0, 0, 97887, 47.08, 34, 180, 12481
2026/09/15 14:42:19.118, 0, NVIDIA RTX PRO 6000 Blackwell Server Edition, P0, 0, 0, 0, 97887, 48.71, 34, 180, 12481
2026/09/15 14:42:19.120, 1, NVIDIA RTX PRO 6000 Blackwell Server Edition, P0, 0, 0, 0, 97887, 49.02, 34, 180, 12481
2026/09/15 14:42:19.123, 2, NVIDIA RTX PRO 6000 Blackwell Server Edition, P0, 0, 0, 0, 97887, 50.72, 34, 180, 12481
2026/09/15 14:42:19.125, 3, NVIDIA RTX PRO 6000 Blackwell Server Edition, P0, 0, 0, 0, 97887, 48.60, 34, 180, 12481
2026/09/15 14:42:19.127, 4, NVIDIA RTX PRO 6000 Blackwell Server Edition, P0, 0, 0, 0, 97887, 48.14, 34, 180, 12481
2026/09/15 14:42:19.129, 5, NVIDIA RTX PRO 6000 Blackwell Server Edition, P0, 0, 0, 0, 97887, 48.72, 34, 180, 12481
2026/09/15 14:42:19.131, 6, NVIDIA RTX PRO 6000 Blackwell Server Edition, P0, 0, 0, 0, 97887, 48.53, 34, 180, 12481
2026/09/15 14:42:19.134, 7, NVIDIA RTX PRO 6000 Blackwell Server Edition, P0, 0, 0, 0, 97887, 47.08, 34, 180, 12481
2026/09/15 14:42:20.203, 0, NVIDIA RTX PRO 6000 Blackwell Server Edition, P0, 0, 0, 0, 97887, 48.71, 33, 180, 12481
2026/09/15 14:42:20.205, 1, NVIDIA RTX PRO 6000 Blackwell Server Edition, P0, 0, 0, 0, 97887, 49.03, 34, 180, 12481
2026/09/15 14:42:20.207, 2, NVIDIA RTX PRO 6000 Blackwell Server Edition, P0, 0, 0, 0, 97887, 50.74, 34, 180, 12481
2026/09/15 14:42:20.210, 3, NVIDIA RTX PRO 6000 Blackwell Server Edition, P0, 0, 0, 0, 97887, 48.60, 34, 180, 12481
2026/09/15 14:42:20.212, 4, NVIDIA RTX PRO 6000 Blackwell Server Edition, P0, 0, 0, 0, 97887, 48.15, 34, 180, 12481
2026/09/15 14:42:20.214, 5, NVIDIA RTX PRO 6000 Blackwell Server Edition, P0, 0, 0, 0, 97887, 48.74, 34, 180, 12481
2026/09/15 14:42:20.216, 6, NVIDIA RTX PRO 6000 Blackwell Server Edition, P0, 0, 0, 0, 97887, 48.51, 34, 180, 12481
2026/09/15 14:42:20.218, 7, NVIDIA RTX PRO 6000 Blackwell Server Edition, P0, 0, 0, 0, 97887, 47.08, 34, 180, 12481
2026/09/15 14:42:21.290, 0, NVIDIA RTX PRO 6000 Blackwell Server Edition, P0, 0, 0, 0, 97887, 48.83, 33, 180, 12481
2026/09/15 14:42:21.292, 1, NVIDIA RTX PRO 6000 Blackwell Server Edition, P0, 0, 0, 0, 97887, 49.02, 34, 180, 12481
2026/09/15 14:42:21.294, 2, NVIDIA RTX PRO 6000 Blackwell Server Edition, P0, 0, 0, 0, 97887, 50.71, 34, 180, 12481
2026/09/15 14:42:21.297, 3, NVIDIA RTX PRO 6000 Blackwell Server Edition, P0, 0, 0, 0, 97887, 48.60, 34, 180, 12481
2026/09/15 14:42:21.299, 4, NVIDIA RTX PRO 6000 Blackwell Server Edition, P0, 0, 0, 0, 97887, 48.15, 34, 180, 12481
2026/09/15 14:42:21.301, 5, NVIDIA RTX PRO 6000 Blackwell Server Edition, P0, 0, 0, 0, 97887, 48.76, 34, 180, 12481
2026/09/15 14:42:21.303, 6, NVIDIA RTX PRO 6000 Blackwell Server Edition, P0, 0, 0, 0, 97887, 48.52, 34, 180, 12481
2026/09/15 14:42:21.305, 7, NVIDIA RTX PRO 6000 Blackwell Server Edition, P0, 0, 0, 0, 97887, 47.08, 34, 180, 12481
2026/09/15 14:42:22.376, 0, NVIDIA RTX PRO 6000 Blackwell Server Edition, P0, 0, 0, 0, 97887, 48.76, 34, 180, 12481
2026/09/15 14:42:22.379, 1, NVIDIA RTX PRO 6000 Blackwell Server Edition, P0, 0, 0, 0, 97887, 49.03, 34, 180, 12481
2026/09/15 14:42:22.381, 2, NVIDIA RTX PRO 6000 Blackwell Server Edition, P0, 0, 0, 0, 97887, 50.76, 34, 180, 12481
2026/09/15 14:42:22.383, 3, NVIDIA RTX PRO 6000 Blackwell Server Edition, P0, 0, 0, 0, 97887, 48.59, 34, 180, 12481
2026/09/15 14:42:22.385, 4, NVIDIA RTX PRO 6000 Blackwell Server Edition, P0, 0, 0, 0, 97887, 48.15, 34, 180, 12481
2026/09/15 14:42:22.387, 5, NVIDIA RTX PRO 6000 Blackwell Server Edition, P0, 0, 0, 0, 97887, 48.73, 34, 180, 12481
2026/09/15 14:42:22.390, 6, NVIDIA RTX PRO 6000 Blackwell Server Edition, P0, 0, 0, 0, 97887, 48.53, 34, 180, 12481
2026/09/15 14:42:22.392, 7, NVIDIA RTX PRO 6000 Blackwell Server Edition, P0, 0, 0, 0, 97887, 47.07, 34, 180, 12481
2026/09/15 14:42:23.461, 0, NVIDIA RTX PRO 6000 Blackwell Server Edition, P0, 0, 0, 0, 97887, 48.80, 33, 180, 12481
2026/09/15 14:42:23.463, 1, NVIDIA RTX PRO 6000 Blackwell Server Edition, P0, 0, 0, 0, 97887, 49.03, 34, 180, 12481
2026/09/15 14:42:23.466, 2, NVIDIA RTX PRO 6000 Blackwell Server Edition, P0, 0, 0, 0, 97887, 50.79, 34, 180, 12481
2026/09/15 14:42:23.468, 3, NVIDIA RTX PRO 6000 Blackwell Server Edition, P0, 0, 0, 0, 97887, 48.59, 34, 180, 12481
2026/09/15 14:42:23.470, 4, NVIDIA RTX PRO 6000 Blackwell Server Edition, P0, 0, 0, 0, 97887, 48.14, 34, 180, 12481
2026/09/15 14:42:23.472, 5, NVIDIA RTX PRO 6000 Blackwell Server Edition, P0, 0, 0, 0, 97887, 48.76, 34, 180, 12481
2026/09/15 14:42:23.474, 6, NVIDIA RTX PRO 6000 Blackwell Server Edition, P0, 0, 0, 0, 97887, 48.51, 34, 180, 12481
2026/09/15 14:42:23.477, 7, NVIDIA RTX PRO 6000 Blackwell Server Edition, P0, 0, 0, 0, 97887, 47.08, 34, 180, 12481
2026/09/15 14:42:24.544, 0, NVIDIA RTX PRO 6000 Blackwell Server Edition, P0, 0, 0, 0, 97887, 48.76, 33, 180, 12481
2026/09/15 14:42:24.547, 1, NVIDIA RTX PRO 6000 Blackwell Server Edition, P0, 0, 0, 0, 97887, 49.02, 34, 180, 12481
2026/09/15 14:42:24.549, 2, NVIDIA RTX PRO 6000 Blackwell Server Edition, P0, 0, 0, 0, 97887, 50.77, 34, 180, 12481
2026/09/15 14:42:24.551, 3, NVIDIA RTX PRO 6000 Blackwell Server Edition, P0, 0, 0, 0, 97887, 48.60, 34, 180, 12481
2026/09/15 14:42:24.553, 4, NVIDIA RTX PRO 6000 Blackwell Server Edition, P0, 0, 0, 0, 97887, 48.16, 34, 180, 12481
2026/09/15 14:42:24.555, 5, NVIDIA RTX PRO 6000 Blackwell Server Edition, P0, 0, 0, 0, 97887, 48.72, 34, 180, 12481
2026/09/15 14:42:24.558, 6, NVIDIA RTX PRO 6000 Blackwell Server Edition, P0, 0, 0, 0, 97887, 48.52, 34, 180, 12481
2026/09/15 14:42:24.560, 7, NVIDIA RTX PRO 6000 Blackwell Server Edition, P0, 0, 0, 0, 97887, 47.08, 34, 180, 12481
2026/09/15 14:42:25.631, 0, NVIDIA RTX PRO 6000 Blackwell Server Edition, P0, 0, 0, 0, 97887, 48.87, 33, 180, 12481
2026/09/15 14:42:25.633, 1, NVIDIA RTX PRO 6000 Blackwell Server Edition, P0, 0, 0, 0, 97887, 49.02, 34, 180, 12481
2026/09/15 14:42:25.636, 2, NVIDIA RTX PRO 6000 Blackwell Server Edition, P0, 0, 0, 0, 97887, 50.66, 34, 180, 12481
2026/09/15 14:42:25.638, 3, NVIDIA RTX PRO 6000 Blackwell Server Edition, P0, 0, 0, 0, 97887, 48.59, 34, 180, 12481
2026/09/15 14:42:25.640, 4, NVIDIA RTX PRO 6000 Blackwell Server Edition, P0, 0, 0, 0, 97887, 48.15, 34, 180, 12481
2026/09/15 14:42:25.642, 5, NVIDIA RTX PRO 6000 Blackwell Server Edition, P0, 0, 0, 0, 97887, 48.73, 34, 180, 12481
2026/09/15 14:42:25.644, 6, NVIDIA RTX PRO 6000 Blackwell Server Edition, P0, 0, 0, 0, 97887, 48.52, 34, 180, 12481
2026/09/15 14:42:25.647, 7, NVIDIA RTX PRO 6000 Blackwell Server Edition, P0, 0, 0, 0, 97887, 47.08, 34, 180, 12481
2026/09/15 14:42:26.717, 0, NVIDIA RTX PRO 6000 Blackwell Server Edition, P0, 0, 0, 0, 97887, 48.78, 33, 180, 12481
2026/09/15 14:42:26.719, 1, NVIDIA RTX PRO 6000 Blackwell Server Edition, P0, 0, 0, 0, 97887, 49.02, 34, 180, 12481
2026/09/15 14:42:26.722, 2, NVIDIA RTX PRO 6000 Blackwell Server Edition, P0, 0, 0, 0, 97887, 50.74, 34, 180, 12481
2026/09/15 14:42:26.725, 3, NVIDIA RTX PRO 6000 Blackwell Server Edition, P0, 0, 0, 0, 97887, 48.60, 34, 180, 12481
2026/09/15 14:42:26.727, 4, NVIDIA RTX PRO 6000 Blackwell Server Edition, P0, 0, 0, 0, 97887, 48.15, 34, 172, 12481
2026/09/15 14:42:26.729, 5, NVIDIA RTX PRO 6000 Blackwell Server Edition, P0, 0, 0, 0, 97887, 48.79, 34, 180, 12481
2026/09/15 14:42:26.732, 6, NVIDIA RTX PRO 6000 Blackwell Server Edition, P0, 0, 0, 0, 97887, 48.53, 34, 180, 12481
2026/09/15 14:42:26.734, 7, NVIDIA RTX PRO 6000 Blackwell Server Edition, P0, 0, 0, 0, 97887, 47.08, 34, 180, 12481
2026/09/15 14:42:27.805, 0, NVIDIA RTX PRO 6000 Blackwell Server Edition, P0, 0, 0, 0, 97887, 48.82, 33, 180, 12481
2026/09/15 14:42:27.808, 1, NVIDIA RTX PRO 6000 Blackwell Server Edition, P0, 0, 0, 0, 97887, 49.02, 34, 180, 12481
2026/09/15 14:42:27.810, 2, NVIDIA RTX PRO 6000 Blackwell Server Edition, P0, 0, 0, 0, 97887, 50.76, 34, 180, 12481
2026/09/15 14:42:27.813, 3, NVIDIA RTX PRO 6000 Blackwell Server Edition, P0, 0, 0, 0, 97887, 48.60, 34, 180, 12481
2026/09/15 14:42:27.815, 4, NVIDIA RTX PRO 6000 Blackwell Server Edition, P0, 0, 0, 0, 97887, 48.15, 34, 180, 12481
2026/09/15 14:42:27.817, 5, NVIDIA RTX PRO 6000 Blackwell Server Edition, P0, 0, 0, 0, 97887, 48.71, 34, 180, 12481
2026/09/15 14:42:27.820, 6, NVIDIA RTX PRO 6000 Blackwell Server Edition, P0, 0, 0, 0, 97887, 48.51, 34, 180, 12481
2026/09/15 14:42:27.822, 7, NVIDIA RTX PRO 6000 Blackwell Server Edition, P0, 0, 0, 0, 97887, 47.07, 34, 180, 12481
2026/09/15 14:42:28.894, 0, NVIDIA RTX PRO 6000 Blackwell Server Edition, P0, 0, 0, 0, 97887, 48.83, 33, 180, 12481
2026/09/15 14:42:28.896, 1, NVIDIA RTX PRO 6000 Blackwell Server Edition, P0, 0, 0, 0, 97887, 49.02, 34, 180, 12481
2026/09/15 14:42:28.899, 2, NVIDIA RTX PRO 6000 Blackwell Server Edition, P0, 0, 0, 0, 97887, 50.79, 34, 180, 12481
2026/09/15 14:42:28.901, 3, NVIDIA RTX PRO 6000 Blackwell Server Edition, P0, 0, 0, 0, 97887, 48.60, 34, 180, 12481
2026/09/15 14:42:28.903, 4, NVIDIA RTX PRO 6000 Blackwell Server Edition, P0, 0, 0, 0, 97887, 48.17, 34, 180, 12481
2026/09/15 14:42:28.905, 5, NVIDIA RTX PRO 6000 Blackwell Server Edition, P0, 0, 0, 0, 97887, 48.79, 34, 180, 12481
2026/09/15 14:42:28.907, 6, NVIDIA RTX PRO 6000 Blackwell Server Edition, P0, 0, 0, 0, 97887, 48.53, 34, 180, 12481
2026/09/15 14:42:28.910, 7, NVIDIA RTX PRO 6000 Blackwell Server Edition, P0, 0, 0, 0, 97887, 47.08, 34, 180, 12481
2026/09/15 14:42:29.979, 0, NVIDIA RTX PRO 6000 Blackwell Server Edition, P0, 0, 0, 0, 97887, 48.80, 33, 180, 12481
2026/09/15 14:42:29.981, 1, NVIDIA RTX PRO 6000 Blackwell Server Edition, P0, 0, 0, 0, 97887, 49.02, 34, 180, 12481
2026/09/15 14:42:29.983, 2, NVIDIA RTX PRO 6000 Blackwell Server Edition, P0, 0, 0, 0, 97887, 50.78, 34, 180, 12481
2026/09/15 14:42:29.986, 3, NVIDIA RTX PRO 6000 Blackwell Server Edition, P0, 0, 0, 0, 97887, 48.60, 34, 180, 12481
2026/09/15 14:42:29.988, 4, NVIDIA RTX PRO 6000 Blackwell Server Edition, P0, 0, 0, 0, 97887, 48.15, 34, 180, 12481
2026/09/15 14:42:29.990, 5, NVIDIA RTX PRO 6000 Blackwell Server Edition, P0, 0, 0, 0, 97887, 48.73, 34, 180, 12481
2026/09/15 14:42:29.992, 6, NVIDIA RTX PRO 6000 Blackwell Server Edition, P0, 0, 0, 0, 97887, 48.52, 34, 180, 12481
2026/09/15 14:42:29.994, 7, NVIDIA RTX PRO 6000 Blackwell Server Edition, P0, 0, 0, 0, 97887, 47.08, 34, 180, 12481
2026/09/15 14:42:31.064, 0, NVIDIA RTX PRO 6000 Blackwell Server Edition, P0, 0, 0, 0, 97887, 48.86, 33, 180, 12481
2026/09/15 14:42:31.066, 1, NVIDIA RTX PRO 6000 Blackwell Server Edition, P0, 0, 0, 0, 97887, 49.02, 34, 180, 12481
2026/09/15 14:42:31.069, 2, NVIDIA RTX PRO 6000 Blackwell Server Edition, P0, 0, 0, 0, 97887, 50.72, 34, 180, 12481
2026/09/15 14:42:31.071, 3, NVIDIA RTX PRO 6000 Blackwell Server Edition, P0, 0, 0, 0, 97887, 48.60, 34, 180, 12481
2026/09/15 14:42:31.073, 4, NVIDIA RTX PRO 6000 Blackwell Server Edition, P0, 0, 0, 0, 97887, 48.15, 34, 180, 12481
2026/09/15 14:42:31.075, 5, NVIDIA RTX PRO 6000 Blackwell Server Edition, P0, 0, 0, 0, 97887, 48.73, 34, 180, 12481
2026/09/15 14:42:31.077, 6, NVIDIA RTX PRO 6000 Blackwell Server Edition, P0, 0, 0, 0, 97887, 48.55, 34, 180, 12481
2026/09/15 14:42:31.079, 7, NVIDIA RTX PRO 6000 Blackwell Server Edition, P0, 0, 0, 0, 97887, 47.07, 34, 180, 12481
2026/09/15 14:42:32.148, 0, NVIDIA RTX PRO 6000 Blackwell Server Edition, P0, 0, 0, 0, 97887, 48.78, 33, 180, 12481
2026/09/15 14:42:32.151, 1, NVIDIA RTX PRO 6000 Blackwell Server Edition, P0, 0, 0, 0, 97887, 49.02, 34, 180, 12481
2026/09/15 14:42:32.153, 2, NVIDIA RTX PRO 6000 Blackwell Server Edition, P0, 0, 0, 0, 97887, 50.80, 34, 180, 12481
2026/09/15 14:42:32.155, 3, NVIDIA RTX PRO 6000 Blackwell Server Edition, P0, 0, 0, 0, 97887, 48.60, 34, 180, 12481
2026/09/15 14:42:32.157, 4, NVIDIA RTX PRO 6000 Blackwell Server Edition, P0, 0, 0, 0, 97887, 48.16, 34, 180, 12481
2026/09/15 14:42:32.159, 5, NVIDIA RTX PRO 6000 Blackwell Server Edition, P0, 0, 0, 0, 97887, 48.76, 34, 180, 12481
2026/09/15 14:42:32.162, 6, NVIDIA RTX PRO 6000 Blackwell Server Edition, P0, 0, 0, 0, 97887, 48.53, 34, 180, 12481
2026/09/15 14:42:32.164, 7, NVIDIA RTX PRO 6000 Blackwell Server Edition, P0, 0, 0, 0, 97887, 47.08, 34, 180, 12481
2026/09/15 14:42:33.235, 0, NVIDIA RTX PRO 6000 Blackwell Server Edition, P0, 0, 0, 0, 97887, 48.83, 33, 180, 12481
2026/09/15 14:42:33.238, 1, NVIDIA RTX PRO 6000 Blackwell Server Edition, P0, 0, 0, 0, 97887, 49.02, 34, 180, 12481
2026/09/15 14:42:33.240, 2, NVIDIA RTX PRO 6000 Blackwell Server Edition, P0, 0, 0, 0, 97887, 50.78, 34, 180, 12481
2026/09/15 14:42:33.242, 3, NVIDIA RTX PRO 6000 Blackwell Server Edition, P0, 0, 0, 0, 97887, 48.60, 34, 180, 12481
2026/09/15 14:42:33.244, 4, NVIDIA RTX PRO 6000 Blackwell Server Edition, P0, 0, 0, 0, 97887, 48.16, 34, 180, 12481
2026/09/15 14:42:33.247, 5, NVIDIA RTX PRO 6000 Blackwell Server Edition, P0, 0, 0, 0, 97887, 48.75, 34, 180, 12481
2026/09/15 14:42:33.249, 6, NVIDIA RTX PRO 6000 Blackwell Server Edition, P0, 0, 0, 0, 97887, 48.54, 34, 180, 12481
2026/09/15 14:42:33.251, 7, NVIDIA RTX PRO 6000 Blackwell Server Edition, P0, 0, 0, 0, 97887, 47.07, 34, 180, 12481
2026/09/15 14:42:34.321, 0, NVIDIA RTX PRO 6000 Blackwell Server Edition, P0, 0, 0, 0, 97887, 48.85, 33, 180, 12481
2026/09/15 14:42:34.325, 1, NVIDIA RTX PRO 6000 Blackwell Server Edition, P0, 0, 0, 0, 97887, 49.03, 34, 180, 12481
2026/09/15 14:42:34.327, 2, NVIDIA RTX PRO 6000 Blackwell Server Edition, P0, 0, 0, 0, 97887, 50.76, 34, 180, 12481
2026/09/15 14:42:34.329, 3, NVIDIA RTX PRO 6000 Blackwell Server Edition, P0, 0, 0, 0, 97887, 48.60, 34, 180, 12481
2026/09/15 14:42:34.331, 4, NVIDIA RTX PRO 6000 Blackwell Server Edition, P0, 0, 0, 0, 97887, 48.15, 34, 180, 12481
2026/09/15 14:42:34.334, 5, NVIDIA RTX PRO 6000 Blackwell Server Edition, P0, 0, 0, 0, 97887, 48.74, 34, 180, 12481
2026/09/15 14:42:34.336, 6, NVIDIA RTX PRO 6000 Blackwell Server Edition, P0, 0, 0, 0, 97887, 48.53, 34, 180, 12481
2026/09/15 14:42:34.338, 7, NVIDIA RTX PRO 6000 Blackwell Server Edition, P0, 0, 0, 0, 97887, 47.08, 34, 180, 12481
2026/09/15 14:42:35.409, 0, NVIDIA RTX PRO 6000 Blackwell Server Edition, P0, 0, 0, 0, 97887, 48.80, 33, 180, 12481
2026/09/15 14:42:35.412, 1, NVIDIA RTX PRO 6000 Blackwell Server Edition, P0, 0, 0, 0, 97887, 49.02, 34, 180, 12481
2026/09/15 14:42:35.414, 2, NVIDIA RTX PRO 6000 Blackwell Server Edition, P0, 0, 0, 0, 97887, 50.78, 34, 180, 12481
2026/09/15 14:42:35.417, 3, NVIDIA RTX PRO 6000 Blackwell Server Edition, P0, 0, 0, 0, 97887, 48.60, 34, 180, 12481
2026/09/15 14:42:35.419, 4, NVIDIA RTX PRO 6000 Blackwell Server Edition, P0, 0, 0, 0, 97887, 48.15, 34, 180, 12481
2026/09/15 14:42:35.421, 5, NVIDIA RTX PRO 6000 Blackwell Server Edition, P0, 0, 0, 0, 97887, 48.75, 34, 180, 12481
2026/09/15 14:42:35.424, 6, NVIDIA RTX PRO 6000 Blackwell Server Edition, P0, 0, 0, 0, 97887, 48.53, 34, 180, 12481
2026/09/15 14:42:35.426, 7, NVIDIA RTX PRO 6000 Blackwell Server Edition, P0, 0, 0, 0, 97887, 47.08, 34, 180, 12481
2026/09/15 14:42:36.497, 0, NVIDIA RTX PRO 6000 Blackwell Server Edition, P0, 0, 0, 0, 97887, 48.86, 33, 180, 12481
2026/09/15 14:42:36.499, 1, NVIDIA RTX PRO 6000 Blackwell Server Edition, P0, 0, 0, 0, 97887, 49.02, 34, 180, 12481
2026/09/15 14:42:36.501, 2, NVIDIA RTX PRO 6000 Blackwell Server Edition, P0, 0, 0, 0, 97887, 50.78, 34, 180, 12481
2026/09/15 14:42:36.503, 3, NVIDIA RTX PRO 6000 Blackwell Server Edition, P0, 0, 0, 0, 97887, 48.60, 34, 180, 12481
2026/09/15 14:42:36.506, 4, NVIDIA RTX PRO 6000 Blackwell Server Edition, P0, 0, 0, 0, 97887, 48.16, 34, 180, 12481
2026/09/15 14:42:36.508, 5, NVIDIA RTX PRO 6000 Blackwell Server Edition, P0, 0, 0, 0, 97887, 48.75, 34, 180, 12481
2026/09/15 14:42:36.510, 6, NVIDIA RTX PRO 6000 Blackwell Server Edition, P0, 0, 0, 0, 97887, 48.53, 34, 180, 12481
2026/09/15 14:42:36.512, 7, NVIDIA RTX PRO 6000 Blackwell Server Edition, P0, 0, 0, 0, 97887, 47.08, 34, 180, 12481
2026/09/15 14:42:37.581, 0, NVIDIA RTX PRO 6000 Blackwell Server Edition, P0, 0, 0, 0, 97887, 48.85, 33, 180, 12481
2026/09/15 14:42:37.584, 1, NVIDIA RTX PRO 6000 Blackwell Server Edition, P0, 0, 0, 0, 97887, 49.02, 34, 180, 12481
2026/09/15 14:42:37.586, 2, NVIDIA RTX PRO 6000 Blackwell Server Edition, P0, 0, 0, 0, 97887, 50.65, 34, 180, 12481
2026/09/15 14:42:37.588, 3, NVIDIA RTX PRO 6000 Blackwell Server Edition, P0, 0, 0, 0, 97887, 48.60, 34, 180, 12481
2026/09/15 14:42:37.590, 4, NVIDIA RTX PRO 6000 Blackwell Server Edition, P0, 0, 0, 0, 97887, 48.15, 34, 180, 12481
2026/09/15 14:42:37.593, 5, NVIDIA RTX PRO 6000 Blackwell Server Edition, P0, 0, 0, 0, 97887, 48.73, 34, 180, 12481
2026/09/15 14:42:37.595, 6, NVIDIA RTX PRO 6000 Blackwell Server Edition, P0, 0, 0, 0, 97887, 48.54, 34, 180, 12481
2026/09/15 14:42:37.597, 7, NVIDIA RTX PRO 6000 Blackwell Server Edition, P0, 0, 0, 0, 97887, 47.08, 34, 172, 12481
2026/09/15 14:42:38.666, 0, NVIDIA RTX PRO 6000 Blackwell Server Edition, P0, 0, 0, 0, 97887, 48.78, 33, 180, 12481
2026/09/15 14:42:38.668, 1, NVIDIA RTX PRO 6000 Blackwell Server Edition, P0, 0, 0, 0, 97887, 49.02, 34, 180, 12481
2026/09/15 14:42:38.670, 2, NVIDIA RTX PRO 6000 Blackwell Server Edition, P0, 0, 0, 0, 97887, 50.81, 34, 180, 12481
2026/09/15 14:42:38.673, 3, NVIDIA RTX PRO 6000 Blackwell Server Edition, P0, 0, 0, 0, 97887, 48.60, 34, 180, 12481
2026/09/15 14:42:38.675, 4, NVIDIA RTX PRO 6000 Blackwell Server Edition, P0, 0, 0, 0, 97887, 48.15, 34, 180, 12481
2026/09/15 14:42:38.677, 5, NVIDIA RTX PRO 6000 Blackwell Server Edition, P0, 0, 0, 0, 97887, 48.71, 34, 180, 12481
2026/09/15 14:42:38.679, 6, NVIDIA RTX PRO 6000 Blackwell Server Edition, P0, 0, 0, 0, 97887, 48.53, 34, 180, 12481
2026/09/15 14:42:38.681, 7, NVIDIA RTX PRO 6000 Blackwell Server Edition, P0, 0, 0, 0, 97887, 47.07, 34, 180, 12481
2026/09/15 14:42:39.752, 0, NVIDIA RTX PRO 6000 Blackwell Server Edition, P0, 0, 0, 0, 97887, 48.87, 33, 180, 12481
2026/09/15 14:42:39.754, 1, NVIDIA RTX PRO 6000 Blackwell Server Edition, P0, 0, 0, 0, 97887, 49.02, 34, 180, 12481
2026/09/15 14:42:39.756, 2, NVIDIA RTX PRO 6000 Blackwell Server Edition, P0, 0, 0, 0, 97887, 50.72, 34, 180, 12481
2026/09/15 14:42:39.758, 3, NVIDIA RTX PRO 6000 Blackwell Server Edition, P0, 0, 0, 0, 97887, 48.60, 34, 180, 12481
2026/09/15 14:42:39.761, 4, NVIDIA RTX PRO 6000 Blackwell Server Edition, P0, 0, 0, 0, 97887, 48.15, 34, 180, 12481
2026/09/15 14:42:39.763, 5, NVIDIA RTX PRO 6000 Blackwell Server Edition, P0, 0, 0, 0, 97887, 48.71, 34, 180, 12481
2026/09/15 14:42:39.765, 6, NVIDIA RTX PRO 6000 Blackwell Server Edition, P0, 0, 0, 0, 97887, 48.53, 34, 180, 12481
2026/09/15 14:42:39.767, 7, NVIDIA RTX PRO 6000 Blackwell Server Edition, P0, 0, 0, 0, 97887, 47.07, 34, 180, 12481
2026/09/15 14:42:40.838, 0, NVIDIA RTX PRO 6000 Blackwell Server Edition, P0, 0, 0, 0, 97887, 48.83, 33, 180, 12481
2026/09/15 14:42:40.841, 1, NVIDIA RTX PRO 6000 Blackwell Server Edition, P0, 0, 0, 0, 97887, 49.02, 34, 180, 12481
2026/09/15 14:42:40.843, 2, NVIDIA RTX PRO 6000 Blackwell Server Edition, P0, 0, 0, 0, 97887, 50.74, 34, 180, 12481
2026/09/15 14:42:40.845, 3, NVIDIA RTX PRO 6000 Blackwell Server Edition, P0, 0, 0, 0, 97887, 48.60, 34, 180, 12481
2026/09/15 14:42:40.847, 4, NVIDIA RTX PRO 6000 Blackwell Server Edition, P0, 0, 0, 0, 97887, 48.16, 34, 180, 12481
2026/09/15 14:42:40.850, 5, NVIDIA RTX PRO 6000 Blackwell Server Edition, P0, 0, 0, 0, 97887, 48.68, 34, 180, 12481
2026/09/15 14:42:40.852, 6, NVIDIA RTX PRO 6000 Blackwell Server Edition, P0, 0, 0, 0, 97887, 48.52, 34, 180, 12481
2026/09/15 14:42:40.854, 7, NVIDIA RTX PRO 6000 Blackwell Server Edition, P0, 0, 0, 0, 97887, 47.08, 34, 180, 12481
2026/09/15 14:42:41.924, 0, NVIDIA RTX PRO 6000 Blackwell Server Edition, P0, 0, 0, 0, 97887, 48.81, 33, 180, 12481
2026/09/15 14:42:41.926, 1, NVIDIA RTX PRO 6000 Blackwell Server Edition, P0, 0, 0, 0, 97887, 49.02, 34, 180, 12481
2026/09/15 14:42:41.928, 2, NVIDIA RTX PRO 6000 Blackwell Server Edition, P0, 0, 0, 0, 97887, 50.79, 34, 180, 12481
2026/09/15 14:42:41.931, 3, NVIDIA RTX PRO 6000 Blackwell Server Edition, P0, 0, 0, 0, 97887, 48.59, 34, 180, 12481
2026/09/15 14:42:41.934, 4, NVIDIA RTX PRO 6000 Blackwell Server Edition, P0, 0, 0, 0, 97887, 48.15, 34, 180, 12481
2026/09/15 14:42:41.936, 5, NVIDIA RTX PRO 6000 Blackwell Server Edition, P0, 0, 0, 0, 97887, 48.72, 34, 180, 12481
2026/09/15 14:42:41.938, 6, NVIDIA RTX PRO 6000 Blackwell Server Edition, P0, 0, 0, 0, 97887, 48.53, 34, 180, 12481
2026/09/15 14:42:41.940, 7, NVIDIA RTX PRO 6000 Blackwell Server Edition, P0, 0, 0, 0, 97887, 47.08, 34, 180, 12481
2026/09/15 14:42:43.011, 0, NVIDIA RTX PRO 6000 Blackwell Server Edition, P0, 0, 0, 0, 97887, 48.83, 34, 180, 12481
2026/09/15 14:42:43.014, 1, NVIDIA RTX PRO 6000 Blackwell Server Edition, P0, 0, 0, 0, 97887, 49.02, 34, 180, 12481
2026/09/15 14:42:43.016, 2, NVIDIA RTX PRO 6000 Blackwell Server Edition, P0, 0, 0, 0, 97887, 50.77, 34, 180, 12481
2026/09/15 14:42:43.018, 3, NVIDIA RTX PRO 6000 Blackwell Server Edition, P0, 0, 0, 0, 97887, 48.59, 34, 180, 12481
2026/09/15 14:42:43.021, 4, NVIDIA RTX PRO 6000 Blackwell Server Edition, P0, 0, 0, 0, 97887, 48.15, 34, 180, 12481
2026/09/15 14:42:43.023, 5, NVIDIA RTX PRO 6000 Blackwell Server Edition, P0, 0, 0, 0, 97887, 48.71, 34, 180, 12481
2026/09/15 14:42:43.025, 6, NVIDIA RTX PRO 6000 Blackwell Server Edition, P0, 0, 0, 0, 97887, 48.52, 34, 172, 12481
2026/09/15 14:42:43.027, 7, NVIDIA RTX PRO 6000 Blackwell Server Edition, P0, 0, 0, 0, 97887, 47.08, 34, 180, 12481
2026/09/15 14:42:44.099, 0, NVIDIA RTX PRO 6000 Blackwell Server Edition, P0, 0, 0, 0, 97887, 48.86, 33, 180, 12481
2026/09/15 14:42:44.102, 1, NVIDIA RTX PRO 6000 Blackwell Server Edition, P0, 0, 0, 0, 97887, 49.02, 34, 180, 12481
2026/09/15 14:42:44.104, 2, NVIDIA RTX PRO 6000 Blackwell Server Edition, P0, 0, 0, 0, 97887, 50.69, 34, 180, 12481
2026/09/15 14:42:44.106, 3, NVIDIA RTX PRO 6000 Blackwell Server Edition, P0, 0, 0, 0, 97887, 48.58, 34, 180, 12481
2026/09/15 14:42:44.108, 4, NVIDIA RTX PRO 6000 Blackwell Server Edition, P0, 0, 0, 0, 97887, 48.15, 34, 180, 12481
2026/09/15 14:42:44.111, 5, NVIDIA RTX PRO 6000 Blackwell Server Edition, P0, 0, 0, 0, 97887, 48.72, 34, 180, 12481
2026/09/15 14:42:44.113, 6, NVIDIA RTX PRO 6000 Blackwell Server Edition, P0, 0, 0, 0, 97887, 48.53, 34, 180, 12481
2026/09/15 14:42:44.115, 7, NVIDIA RTX PRO 6000 Blackwell Server Edition, P0, 0, 0, 0, 97887, 47.08, 34, 180, 12481
2026/09/15 14:42:45.186, 0, NVIDIA RTX PRO 6000 Blackwell Server Edition, P0, 0, 0, 0, 97887, 48.83, 33, 180, 12481
2026/09/15 14:42:45.188, 1, NVIDIA RTX PRO 6000 Blackwell Server Edition, P0, 0, 0, 0, 97887, 49.02, 34, 180, 12481
2026/09/15 14:42:45.190, 2, NVIDIA RTX PRO 6000 Blackwell Server Edition, P0, 0, 0, 0, 97887, 50.72, 34, 180, 12481
2026/09/15 14:42:45.193, 3, NVIDIA RTX PRO 6000 Blackwell Server Edition, P0, 0, 0, 0, 97887, 48.59, 34, 180, 12481
2026/09/15 14:42:45.195, 4, NVIDIA RTX PRO 6000 Blackwell Server Edition, P0, 0, 0, 0, 97887, 48.17, 34, 180, 12481
2026/09/15 14:42:45.197, 5, NVIDIA RTX PRO 6000 Blackwell Server Edition, P0, 0, 0, 0, 97887, 48.69, 34, 180, 12481
2026/09/15 14:42:45.199, 6, NVIDIA RTX PRO 6000 Blackwell Server Edition, P0, 0, 0, 0, 97887, 48.52, 34, 180, 12481
2026/09/15 14:42:45.201, 7, NVIDIA RTX PRO 6000 Blackwell Server Edition, P0, 0, 0, 0, 97887, 47.08, 34, 180, 12481
2026/09/15 14:42:46.271, 0, NVIDIA RTX PRO 6000 Blackwell Server Edition, P0, 0, 0, 0, 97887, 48.76, 34, 180, 12481
2026/09/15 14:42:46.273, 1, NVIDIA RTX PRO 6000 Blackwell Server Edition, P0, 0, 0, 0, 97887, 49.02, 34, 180, 12481
2026/09/15 14:42:46.276, 2, NVIDIA RTX PRO 6000 Blackwell Server Edition, P0, 0, 0, 0, 97887, 50.71, 34, 180, 12481
2026/09/15 14:42:46.278, 3, NVIDIA RTX PRO 6000 Blackwell Server Edition, P0, 0, 0, 0, 97887, 48.59, 34, 180, 12481
2026/09/15 14:42:46.280, 4, NVIDIA RTX PRO 6000 Blackwell Server Edition, P0, 0, 0, 0, 97887, 48.16, 34, 180, 12481
2026/09/15 14:42:46.282, 5, NVIDIA RTX PRO 6000 Blackwell Server Edition, P0, 0, 0, 0, 97887, 48.72, 34, 180, 12481
2026/09/15 14:42:46.284, 6, NVIDIA RTX PRO 6000 Blackwell Server Edition, P0, 0, 0, 0, 97887, 48.51, 34, 180, 12481
2026/09/15 14:42:46.286, 7, NVIDIA RTX PRO 6000 Blackwell Server Edition, P0, 0, 0, 0, 97887, 47.08, 34, 180, 12481
2026/09/15 14:42:47.357, 0, NVIDIA RTX PRO 6000 Blackwell Server Edition, P0, 0, 0, 0, 97887, 48.70, 33, 180, 12481
2026/09/15 14:42:47.360, 1, NVIDIA RTX PRO 6000 Blackwell Server Edition, P0, 0, 0, 0, 97887, 49.02, 34, 180, 12481
2026/09/15 14:42:47.362, 2, NVIDIA RTX PRO 6000 Blackwell Server Edition, P0, 0, 0, 0, 97887, 50.65, 34, 180, 12481
2026/09/15 14:42:47.364, 3, NVIDIA RTX PRO 6000 Blackwell Server Edition, P0, 0, 0, 0, 97887, 48.59, 34, 180, 12481
2026/09/15 14:42:47.366, 4, NVIDIA RTX PRO 6000 Blackwell Server Edition, P0, 0, 0, 0, 97887, 48.15, 34, 180, 12481
2026/09/15 14:42:47.368, 5, NVIDIA RTX PRO 6000 Blackwell Server Edition, P0, 0, 0, 0, 97887, 48.71, 34, 180, 12481
2026/09/15 14:42:47.371, 6, NVIDIA RTX PRO 6000 Blackwell Server Edition, P0, 0, 0, 0, 97887, 48.53, 34, 180, 12481
2026/09/15 14:42:47.373, 7, NVIDIA RTX PRO 6000 Blackwell Server Edition, P0, 0, 0, 0, 97887, 47.08, 34, 180, 12481
2026/09/15 14:42:48.442, 0, NVIDIA RTX PRO 6000 Blackwell Server Edition, P0, 0, 0, 0, 97887, 48.73, 33, 180, 12481
2026/09/15 14:42:48.444, 1, NVIDIA RTX PRO 6000 Blackwell Server Edition, P0, 0, 0, 0, 97887, 49.02, 34, 180, 12481
2026/09/15 14:42:48.446, 2, NVIDIA RTX PRO 6000 Blackwell Server Edition, P0, 0, 0, 0, 97887, 50.80, 34, 180, 12481
2026/09/15 14:42:48.448, 3, NVIDIA RTX PRO 6000 Blackwell Server Edition, P0, 0, 0, 0, 97887, 48.59, 34, 180, 12481
2026/09/15 14:42:48.451, 4, NVIDIA RTX PRO 6000 Blackwell Server Edition, P0, 0, 0, 0, 97887, 48.16, 34, 180, 12481
2026/09/15 14:42:48.454, 5, NVIDIA RTX PRO 6000 Blackwell Server Edition, P0, 0, 0, 0, 97887, 48.69, 34, 172, 12481
2026/09/15 14:42:48.458, 6, NVIDIA RTX PRO 6000 Blackwell Server Edition, P0, 0, 0, 0, 97887, 48.52, 34, 180, 12481
2026/09/15 14:42:48.460, 7, NVIDIA RTX PRO 6000 Blackwell Server Edition, P0, 0, 0, 0, 97887, 47.08, 34, 180, 12481
2026/09/15 14:42:49.532, 0, NVIDIA RTX PRO 6000 Blackwell Server Edition, P0, 0, 0, 0, 97887, 48.72, 33, 180, 12481
2026/09/15 14:42:49.534, 1, NVIDIA RTX PRO 6000 Blackwell Server Edition, P0, 0, 0, 0, 97887, 49.02, 34, 172, 12481
2026/09/15 14:42:49.537, 2, NVIDIA RTX PRO 6000 Blackwell Server Edition, P0, 0, 0, 0, 97887, 50.76, 34, 180, 12481
2026/09/15 14:42:49.539, 3, NVIDIA RTX PRO 6000 Blackwell Server Edition, P0, 0, 0, 0, 97887, 48.60, 34, 180, 12481
2026/09/15 14:42:49.541, 4, NVIDIA RTX PRO 6000 Blackwell Server Edition, P0, 0, 0, 0, 97887, 48.15, 34, 180, 12481
2026/09/15 14:42:49.543, 5, NVIDIA RTX PRO 6000 Blackwell Server Edition, P0, 0, 0, 0, 97887, 48.73, 34, 180, 12481
2026/09/15 14:42:49.546, 6, NVIDIA RTX PRO 6000 Blackwell Server Edition, P0, 0, 0, 0, 97887, 48.53, 34, 180, 12481
2026/09/15 14:42:49.548, 7, NVIDIA RTX PRO 6000 Blackwell Server Edition, P0, 0, 0, 0, 97887, 47.08, 34, 180, 12481
2026/09/15 14:42:50.619, 0, NVIDIA RTX PRO 6000 Blackwell Server Edition, P0, 0, 0, 0, 97887, 48.70, 33, 180, 12481
2026/09/15 14:42:50.622, 1, NVIDIA RTX PRO 6000 Blackwell Server Edition, P0, 0, 0, 0, 97887, 49.02, 34, 180, 12481
2026/09/15 14:42:50.624, 2, NVIDIA RTX PRO 6000 Blackwell Server Edition, P0, 0, 0, 0, 97887, 50.78, 34, 180, 12481
2026/09/15 14:42:50.626, 3, NVIDIA RTX PRO 6000 Blackwell Server Edition, P0, 0, 0, 0, 97887, 48.60, 34, 180, 12481
2026/09/15 14:42:50.628, 4, NVIDIA RTX PRO 6000 Blackwell Server Edition, P0, 0, 0, 0, 97887, 48.15, 34, 180, 12481
2026/09/15 14:42:50.631, 5, NVIDIA RTX PRO 6000 Blackwell Server Edition, P0, 0, 0, 0, 97887, 48.72, 34, 180, 12481
2026/09/15 14:42:50.633, 6, NVIDIA RTX PRO 6000 Blackwell Server Edition, P0, 0, 0, 0, 97887, 48.53, 34, 180, 12481
2026/09/15 14:42:50.635, 7, NVIDIA RTX PRO 6000 Blackwell Server Edition, P0, 0, 0, 0, 97887, 47.08, 34, 180, 12481
2026/09/15 14:42:51.706, 0, NVIDIA RTX PRO 6000 Blackwell Server Edition, P0, 0, 0, 0, 97887, 48.69, 33, 180, 12481
2026/09/15 14:42:51.708, 1, NVIDIA RTX PRO 6000 Blackwell Server Edition, P0, 0, 0, 0, 97887, 49.02, 34, 180, 12481
2026/09/15 14:42:51.711, 2, NVIDIA RTX PRO 6000 Blackwell Server Edition, P0, 0, 0, 0, 97887, 50.64, 34, 180, 12481
2026/09/15 14:42:51.713, 3, NVIDIA RTX PRO 6000 Blackwell Server Edition, P0, 0, 0, 0, 97887, 48.60, 34, 180, 12481
2026/09/15 14:42:51.715, 4, NVIDIA RTX PRO 6000 Blackwell Server Edition, P0, 0, 0, 0, 97887, 48.15, 34, 180, 12481
2026/09/15 14:42:51.717, 5, NVIDIA RTX PRO 6000 Blackwell Server Edition, P0, 0, 0, 0, 97887, 48.72, 34, 180, 12481
2026/09/15 14:42:51.719, 6, NVIDIA RTX PRO 6000 Blackwell Server Edition, P0, 0, 0, 0, 97887, 48.54, 34, 180, 12481
2026/09/15 14:42:51.722, 7, NVIDIA RTX PRO 6000 Blackwell Server Edition, P0, 0, 0, 0, 97887, 47.08, 34, 180, 12481
2026/09/15 14:42:52.793, 0, NVIDIA RTX PRO 6000 Blackwell Server Edition, P0, 0, 0, 0, 97887, 48.70, 34, 180, 12481
2026/09/15 14:42:52.795, 1, NVIDIA RTX PRO 6000 Blackwell Server Edition, P0, 0, 0, 0, 97887, 49.02, 34, 180, 12481
2026/09/15 14:42:52.797, 2, NVIDIA RTX PRO 6000 Blackwell Server Edition, P0, 0, 0, 0, 97887, 50.80, 34, 180, 12481
2026/09/15 14:42:52.800, 3, NVIDIA RTX PRO 6000 Blackwell Server Edition, P0, 0, 0, 0, 97887, 48.58, 34, 180, 12481
2026/09/15 14:42:52.802, 4, NVIDIA RTX PRO 6000 Blackwell Server Edition, P0, 0, 0, 0, 97887, 48.15, 34, 180, 12481
2026/09/15 14:42:52.804, 5, NVIDIA RTX PRO 6000 Blackwell Server Edition, P0, 0, 0, 0, 97887, 48.75, 34, 180, 12481
2026/09/15 14:42:52.806, 6, NVIDIA RTX PRO 6000 Blackwell Server Edition, P0, 0, 0, 0, 97887, 48.53, 34, 180, 12481
2026/09/15 14:42:52.809, 7, NVIDIA RTX PRO 6000 Blackwell Server Edition, P0, 0, 0, 0, 97887, 47.08, 34, 180, 12481
2026/09/15 14:42:53.878, 0, NVIDIA RTX PRO 6000 Blackwell Server Edition, P0, 0, 0, 0, 97887, 48.78, 33, 180, 12481
2026/09/15 14:42:53.880, 1, NVIDIA RTX PRO 6000 Blackwell Server Edition, P0, 0, 0, 0, 97887, 49.02, 34, 180, 12481
2026/09/15 14:42:53.882, 2, NVIDIA RTX PRO 6000 Blackwell Server Edition, P0, 0, 0, 0, 97887, 50.75, 34, 180, 12481
2026/09/15 14:42:53.885, 3, NVIDIA RTX PRO 6000 Blackwell Server Edition, P0, 0, 0, 0, 97887, 48.59, 34, 180, 12481
2026/09/15 14:42:53.887, 4, NVIDIA RTX PRO 6000 Blackwell Server Edition, P0, 0, 0, 0, 97887, 48.16, 34, 180, 12481
2026/09/15 14:42:53.889, 5, NVIDIA RTX PRO 6000 Blackwell Server Edition, P0, 0, 0, 0, 97887, 48.70, 34, 180, 12481
2026/09/15 14:42:53.891, 6, NVIDIA RTX PRO 6000 Blackwell Server Edition, P0, 0, 0, 0, 97887, 48.54, 34, 180, 12481
2026/09/15 14:42:53.893, 7, NVIDIA RTX PRO 6000 Blackwell Server Edition, P0, 0, 0, 0, 97887, 47.08, 34, 180, 12481
2026/09/15 14:42:54.962, 0, NVIDIA RTX PRO 6000 Blackwell Server Edition, P0, 0, 0, 0, 97887, 48.69, 33, 180, 12481
2026/09/15 14:42:54.965, 1, NVIDIA RTX PRO 6000 Blackwell Server Edition, P0, 0, 0, 0, 97887, 49.02, 34, 180, 12481
2026/09/15 14:42:54.967, 2, NVIDIA RTX PRO 6000 Blackwell Server Edition, P0, 0, 0, 0, 97887, 50.71, 34, 180, 12481
2026/09/15 14:42:54.969, 3, NVIDIA RTX PRO 6000 Blackwell Server Edition, P0, 0, 0, 0, 97887, 48.60, 34, 180, 12481
2026/09/15 14:42:54.971, 4, NVIDIA RTX PRO 6000 Blackwell Server Edition, P0, 0, 0, 0, 97887, 48.17, 34, 180, 12481
2026/09/15 14:42:54.973, 5, NVIDIA RTX PRO 6000 Blackwell Server Edition, P0, 0, 0, 0, 97887, 48.70, 34, 180, 12481
2026/09/15 14:42:54.976, 6, NVIDIA RTX PRO 6000 Blackwell Server Edition, P0, 0, 0, 0, 97887, 48.53, 34, 180, 12481
2026/09/15 14:42:54.978, 7, NVIDIA RTX PRO 6000 Blackwell Server Edition, P0, 0, 0, 0, 97887, 47.09, 34, 180, 12481
2026/09/15 14:42:56.049, 0, NVIDIA RTX PRO 6000 Blackwell Server Edition, P0, 0, 0, 0, 97887, 48.72, 33, 180, 12481
2026/09/15 14:42:56.052, 1, NVIDIA RTX PRO 6000 Blackwell Server Edition, P0, 0, 0, 0, 97887, 49.02, 34, 180, 12481
2026/09/15 14:42:56.054, 2, NVIDIA RTX PRO 6000 Blackwell Server Edition, P0, 0, 0, 0, 97887, 50.69, 34, 180, 12481
2026/09/15 14:42:56.056, 3, NVIDIA RTX PRO 6000 Blackwell Server Edition, P0, 0, 0, 0, 97887, 48.60, 34, 180, 12481
2026/09/15 14:42:56.058, 4, NVIDIA RTX PRO 6000 Blackwell Server Edition, P0, 0, 0, 0, 97887, 48.15, 34, 180, 12481
2026/09/15 14:42:56.061, 5, NVIDIA RTX PRO 6000 Blackwell Server Edition, P0, 0, 0, 0, 97887, 48.72, 34, 180, 12481
2026/09/15 14:42:56.063, 6, NVIDIA RTX PRO 6000 Blackwell Server Edition, P0, 0, 0, 0, 97887, 48.53, 34, 180, 12481
2026/09/15 14:42:56.065, 7, NVIDIA RTX PRO 6000 Blackwell Server Edition, P0, 0, 0, 0, 97887, 47.08, 34, 180, 12481
2026/09/15 14:42:57.135, 0, NVIDIA RTX PRO 6000 Blackwell Server Edition, P0, 0, 0, 0, 97887, 48.78, 33, 180, 12481
2026/09/15 14:42:57.137, 1, NVIDIA RTX PRO 6000 Blackwell Server Edition, P0, 0, 0, 0, 97887, 49.03, 34, 180, 12481
2026/09/15 14:42:57.140, 2, NVIDIA RTX PRO 6000 Blackwell Server Edition, P0, 0, 0, 0, 97887, 50.72, 34, 180, 12481
2026/09/15 14:42:57.142, 3, NVIDIA RTX PRO 6000 Blackwell Server Edition, P0, 0, 0, 0, 97887, 48.59, 34, 180, 12481
2026/09/15 14:42:57.144, 4, NVIDIA RTX PRO 6000 Blackwell Server Edition, P0, 0, 0, 0, 97887, 48.17, 34, 180, 12481
2026/09/15 14:42:57.146, 5, NVIDIA RTX PRO 6000 Blackwell Server Edition, P0, 0, 0, 0, 97887, 48.74, 34, 180, 12481
2026/09/15 14:42:57.148, 6, NVIDIA RTX PRO 6000 Blackwell Server Edition, P0, 0, 0, 0, 97887, 48.53, 34, 180, 12481
2026/09/15 14:42:57.151, 7, NVIDIA RTX PRO 6000 Blackwell Server Edition, P0, 0, 0, 0, 97887, 47.08, 34, 180, 12481
2026/09/15 14:42:58.220, 0, NVIDIA RTX PRO 6000 Blackwell Server Edition, P0, 0, 0, 0, 97887, 48.83, 33, 180, 12481
2026/09/15 14:42:58.223, 1, NVIDIA RTX PRO 6000 Blackwell Server Edition, P0, 0, 0, 0, 97887, 49.02, 34, 180, 12481
2026/09/15 14:42:58.225, 2, NVIDIA RTX PRO 6000 Blackwell Server Edition, P0, 0, 0, 0, 97887, 50.64, 34, 180, 12481
2026/09/15 14:42:58.227, 3, NVIDIA RTX PRO 6000 Blackwell Server Edition, P0, 0, 0, 0, 97887, 48.60, 34, 180, 12481
2026/09/15 14:42:58.230, 4, NVIDIA RTX PRO 6000 Blackwell Server Edition, P0, 0, 0, 0, 97887, 48.16, 34, 180, 12481
2026/09/15 14:42:58.232, 5, NVIDIA RTX PRO 6000 Blackwell Server Edition, P0, 0, 0, 0, 97887, 48.74, 34, 180, 12481
2026/09/15 14:42:58.234, 6, NVIDIA RTX PRO 6000 Blackwell Server Edition, P0, 0, 0, 0, 97887, 48.53, 34, 180, 12481
2026/09/15 14:42:58.237, 7, NVIDIA RTX PRO 6000 Blackwell Server Edition, P0, 0, 0, 0, 97887, 47.08, 34, 180, 12481
2026/09/15 14:42:59.306, 0, NVIDIA RTX PRO 6000 Blackwell Server Edition, P0, 0, 0, 0, 97887, 48.90, 33, 180, 12481
2026/09/15 14:42:59.309, 1, NVIDIA RTX PRO 6000 Blackwell Server Edition, P0, 0, 0, 0, 97887, 49.02, 34, 180, 12481
2026/09/15 14:42:59.311, 2, NVIDIA RTX PRO 6000 Blackwell Server Edition, P0, 0, 0, 0, 97887, 50.66, 34, 180, 12481
2026/09/15 14:42:59.313, 3, NVIDIA RTX PRO 6000 Blackwell Server Edition, P0, 0, 0, 0, 97887, 48.60, 34, 180, 12481
2026/09/15 14:42:59.315, 4, NVIDIA RTX PRO 6000 Blackwell Server Edition, P0, 0, 0, 0, 97887, 48.16, 34, 180, 12481
2026/09/15 14:42:59.318, 5, NVIDIA RTX PRO 6000 Blackwell Server Edition, P0, 0, 0, 0, 97887, 48.73, 34, 180, 12481
2026/09/15 14:42:59.320, 6, NVIDIA RTX PRO 6000 Blackwell Server Edition, P0, 0, 0, 0, 97887, 48.52, 34, 180, 12481
2026/09/15 14:42:59.322, 7, NVIDIA RTX PRO 6000 Blackwell Server Edition, P0, 0, 0, 0, 97887, 47.08, 34, 180, 12481
2026/09/15 14:43:00.394, 0, NVIDIA RTX PRO 6000 Blackwell Server Edition, P0, 0, 0, 0, 97887, 48.80, 34, 180, 12481
2026/09/15 14:43:00.396, 1, NVIDIA RTX PRO 6000 Blackwell Server Edition, P0, 0, 0, 0, 97887, 49.03, 34, 180, 12481
2026/09/15 14:43:00.398, 2, NVIDIA RTX PRO 6000 Blackwell Server Edition, P0, 0, 0, 0, 97887, 50.82, 34, 180, 12481
2026/09/15 14:43:00.401, 3, NVIDIA RTX PRO 6000 Blackwell Server Edition, P0, 0, 0, 0, 97887, 48.60, 34, 180, 12481
2026/09/15 14:43:00.403, 4, NVIDIA RTX PRO 6000 Blackwell Server Edition, P0, 0, 0, 0, 97887, 48.17, 34, 180, 12481
2026/09/15 14:43:00.405, 5, NVIDIA RTX PRO 6000 Blackwell Server Edition, P0, 0, 0, 0, 97887, 48.77, 34, 180, 12481
2026/09/15 14:43:00.407, 6, NVIDIA RTX PRO 6000 Blackwell Server Edition, P0, 0, 0, 0, 97887, 48.53, 34, 180, 12481
2026/09/15 14:43:00.409, 7, NVIDIA RTX PRO 6000 Blackwell Server Edition, P0, 0, 0, 0, 97887, 47.08, 34, 180, 12481
2026/09/15 14:43:01.480, 0, NVIDIA RTX PRO 6000 Blackwell Server Edition, P0, 0, 0, 0, 97887, 48.90, 33, 180, 12481
2026/09/15 14:43:01.482, 1, NVIDIA RTX PRO 6000 Blackwell Server Edition, P0, 0, 0, 0, 97887, 49.02, 34, 180, 12481
2026/09/15 14:43:01.484, 2, NVIDIA RTX PRO 6000 Blackwell Server Edition, P0, 0, 0, 0, 97887, 50.75, 34, 180, 12481
2026/09/15 14:43:01.486, 3, NVIDIA RTX PRO 6000 Blackwell Server Edition, P0, 0, 0, 0, 97887, 48.60, 34, 180, 12481
2026/09/15 14:43:01.489, 4, NVIDIA RTX PRO 6000 Blackwell Server Edition, P0, 0, 0, 0, 97887, 48.15, 34, 180, 12481
2026/09/15 14:43:01.491, 5, NVIDIA RTX PRO 6000 Blackwell Server Edition, P0, 0, 0, 0, 97887, 48.70, 34, 180, 12481
2026/09/15 14:43:01.493, 6, NVIDIA RTX PRO 6000 Blackwell Server Edition, P0, 0, 0, 0, 97887, 48.53, 34, 180, 12481
2026/09/15 14:43:01.495, 7, NVIDIA RTX PRO 6000 Blackwell Server Edition, P0, 0, 0, 0, 97887, 47.08, 34, 180, 12481
2026/09/15 14:43:02.564, 0, NVIDIA RTX PRO 6000 Blackwell Server Edition, P0, 0, 0, 0, 97887, 48.83, 33, 180, 12481
2026/09/15 14:43:02.567, 1, NVIDIA RTX PRO 6000 Blackwell Server Edition, P0, 0, 0, 0, 97887, 49.02, 34, 180, 12481
2026/09/15 14:43:02.569, 2, NVIDIA RTX PRO 6000 Blackwell Server Edition, P0, 0, 0, 0, 97887, 50.71, 34, 180, 12481
2026/09/15 14:43:02.571, 3, NVIDIA RTX PRO 6000 Blackwell Server Edition, P0, 0, 0, 0, 97887, 48.60, 34, 180, 12481
2026/09/15 14:43:02.573, 4, NVIDIA RTX PRO 6000 Blackwell Server Edition, P0, 0, 0, 0, 97887, 48.15, 34, 180, 12481
2026/09/15 14:43:02.576, 5, NVIDIA RTX PRO 6000 Blackwell Server Edition, P0, 0, 0, 0, 97887, 48.72, 34, 172, 12481
2026/09/15 14:43:02.578, 6, NVIDIA RTX PRO 6000 Blackwell Server Edition, P0, 0, 0, 0, 97887, 48.54, 34, 180, 12481
2026/09/15 14:43:02.580, 7, NVIDIA RTX PRO 6000 Blackwell Server Edition, P0, 0, 0, 0, 97887, 47.08, 34, 180, 12481
2026/09/15 14:43:03.652, 0, NVIDIA RTX PRO 6000 Blackwell Server Edition, P0, 0, 0, 0, 97887, 48.84, 34, 180, 12481
2026/09/15 14:43:03.654, 1, NVIDIA RTX PRO 6000 Blackwell Server Edition, P0, 0, 0, 0, 97887, 49.02, 34, 172, 12481
2026/09/15 14:43:03.656, 2, NVIDIA RTX PRO 6000 Blackwell Server Edition, P0, 0, 0, 0, 97887, 50.71, 34, 180, 12481
2026/09/15 14:43:03.659, 3, NVIDIA RTX PRO 6000 Blackwell Server Edition, P0, 0, 0, 0, 97887, 48.60, 34, 180, 12481
2026/09/15 14:43:03.661, 4, NVIDIA RTX PRO 6000 Blackwell Server Edition, P0, 0, 0, 0, 97887, 48.15, 34, 180, 12481
2026/09/15 14:43:03.663, 5, NVIDIA RTX PRO 6000 Blackwell Server Edition, P0, 0, 0, 0, 97887, 48.74, 34, 180, 12481
2026/09/15 14:43:03.665, 6, NVIDIA RTX PRO 6000 Blackwell Server Edition, P0, 0, 0, 0, 97887, 48.54, 34, 180, 12481
2026/09/15 14:43:03.667, 7, NVIDIA RTX PRO 6000 Blackwell Server Edition, P0, 0, 0, 0, 97887, 47.09, 34, 180, 12481
2026/09/15 14:43:04.737, 0, NVIDIA RTX PRO 6000 Blackwell Server Edition, P0, 0, 0, 0, 97887, 48.85, 33, 180, 12481
2026/09/15 14:43:04.739, 1, NVIDIA RTX PRO 6000 Blackwell Server Edition, P0, 0, 0, 0, 97887, 49.02, 34, 180, 12481
2026/09/15 14:43:04.741, 2, NVIDIA RTX PRO 6000 Blackwell Server Edition, P0, 0, 0, 0, 97887, 50.82, 34, 180, 12481
2026/09/15 14:43:04.744, 3, NVIDIA RTX PRO 6000 Blackwell Server Edition, P0, 0, 0, 0, 97887, 48.60, 34, 180, 12481
2026/09/15 14:43:04.746, 4, NVIDIA RTX PRO 6000 Blackwell Server Edition, P0, 0, 0, 0, 97887, 48.15, 34, 180, 12481
2026/09/15 14:43:04.748, 5, NVIDIA RTX PRO 6000 Blackwell Server Edition, P0, 0, 0, 0, 97887, 48.75, 34, 180, 12481
2026/09/15 14:43:04.750, 6, NVIDIA RTX PRO 6000 Blackwell Server Edition, P0, 0, 0, 0, 97887, 48.53, 34, 180, 12481
2026/09/15 14:43:04.753, 7, NVIDIA RTX PRO 6000 Blackwell Server Edition, P0, 0, 0, 0, 97887, 47.08, 34, 180, 12481
2026/09/15 14:43:05.822, 0, NVIDIA RTX PRO 6000 Blackwell Server Edition, P0, 0, 0, 0, 97887, 48.89, 34, 180, 12481
2026/09/15 14:43:05.824, 1, NVIDIA RTX PRO 6000 Blackwell Server Edition, P0, 0, 0, 0, 97887, 49.02, 34, 180, 12481
2026/09/15 14:43:05.827, 2, NVIDIA RTX PRO 6000 Blackwell Server Edition, P0, 0, 0, 0, 97887, 50.73, 34, 180, 12481
2026/09/15 14:43:05.829, 3, NVIDIA RTX PRO 6000 Blackwell Server Edition, P0, 0, 0, 0, 97887, 48.60, 34, 180, 12481
2026/09/15 14:43:05.831, 4, NVIDIA RTX PRO 6000 Blackwell Server Edition, P0, 0, 0, 0, 97887, 48.15, 34, 180, 12481
2026/09/15 14:43:05.833, 5, NVIDIA RTX PRO 6000 Blackwell Server Edition, P0, 0, 0, 0, 97887, 48.75, 34, 180, 12481
2026/09/15 14:43:05.835, 6, NVIDIA RTX PRO 6000 Blackwell Server Edition, P0, 0, 0, 0, 97887, 48.54, 34, 180, 12481
2026/09/15 14:43:05.838, 7, NVIDIA RTX PRO 6000 Blackwell Server Edition, P0, 0, 0, 0, 97887, 47.08, 34, 180, 12481
2026/09/15 14:43:06.907, 0, NVIDIA RTX PRO 6000 Blackwell Server Edition, P0, 0, 0, 0, 97887, 48.80, 34, 180, 12481
2026/09/15 14:43:06.910, 1, NVIDIA RTX PRO 6000 Blackwell Server Edition, P0, 0, 0, 0, 97887, 49.02, 34, 180, 12481
2026/09/15 14:43:06.912, 2, NVIDIA RTX PRO 6000 Blackwell Server Edition, P0, 0, 0, 0, 97887, 50.76, 34, 180, 12481
2026/09/15 14:43:06.914, 3, NVIDIA RTX PRO 6000 Blackwell Server Edition, P0, 0, 0, 0, 97887, 48.60, 34, 180, 12481
2026/09/15 14:43:06.916, 4, NVIDIA RTX PRO 6000 Blackwell Server Edition, P0, 0, 0, 0, 97887, 48.16, 34, 180, 12481
2026/09/15 14:43:06.918, 5, NVIDIA RTX PRO 6000 Blackwell Server Edition, P0, 0, 0, 0, 97887, 48.74, 34, 180, 12481
2026/09/15 14:43:06.921, 6, NVIDIA RTX PRO 6000 Blackwell Server Edition, P0, 0, 0, 0, 97887, 48.53, 34, 180, 12481
2026/09/15 14:43:06.923, 7, NVIDIA RTX PRO 6000 Blackwell Server Edition, P0, 0, 0, 0, 97887, 47.08, 34, 180, 12481
2026/09/15 14:43:07.994, 0, NVIDIA RTX PRO 6000 Blackwell Server Edition, P0, 0, 0, 0, 97887, 48.83, 33, 180, 12481
2026/09/15 14:43:07.996, 1, NVIDIA RTX PRO 6000 Blackwell Server Edition, P0, 0, 0, 0, 97887, 49.02, 34, 180, 12481
2026/09/15 14:43:07.998, 2, NVIDIA RTX PRO 6000 Blackwell Server Edition, P0, 0, 0, 0, 97887, 50.77, 34, 180, 12481
2026/09/15 14:43:08.001, 3, NVIDIA RTX PRO 6000 Blackwell Server Edition, P0, 0, 0, 0, 97887, 48.60, 34, 180, 12481
2026/09/15 14:43:08.003, 4, NVIDIA RTX PRO 6000 Blackwell Server Edition, P0, 0, 0, 0, 97887, 48.15, 34, 180, 12481
2026/09/15 14:43:08.005, 5, NVIDIA RTX PRO 6000 Blackwell Server Edition, P0, 0, 0, 0, 97887, 48.78, 34, 180, 12481
2026/09/15 14:43:08.007, 6, NVIDIA RTX PRO 6000 Blackwell Server Edition, P0, 0, 0, 0, 97887, 48.54, 34, 180, 12481
2026/09/15 14:43:08.009, 7, NVIDIA RTX PRO 6000 Blackwell Server Edition, P0, 0, 0, 0, 97887, 47.08, 34, 180, 12481
2026/09/15 14:43:09.080, 0, NVIDIA RTX PRO 6000 Blackwell Server Edition, P0, 0, 0, 0, 97887, 48.89, 33, 180, 12481
2026/09/15 14:43:09.082, 1, NVIDIA RTX PRO 6000 Blackwell Server Edition, P0, 0, 0, 0, 97887, 49.02, 34, 180, 12481
2026/09/15 14:43:09.084, 2, NVIDIA RTX PRO 6000 Blackwell Server Edition, P0, 0, 0, 0, 97887, 50.73, 34, 180, 12481
2026/09/15 14:43:09.087, 3, NVIDIA RTX PRO 6000 Blackwell Server Edition, P0, 0, 0, 0, 97887, 48.59, 34, 180, 12481
2026/09/15 14:43:09.089, 4, NVIDIA RTX PRO 6000 Blackwell Server Edition, P0, 0, 0, 0, 97887, 48.15, 34, 180, 12481
2026/09/15 14:43:09.091, 5, NVIDIA RTX PRO 6000 Blackwell Server Edition, P0, 0, 0, 0, 97887, 48.77, 34, 180, 12481
2026/09/15 14:43:09.093, 6, NVIDIA RTX PRO 6000 Blackwell Server Edition, P0, 0, 0, 0, 97887, 48.53, 34, 180, 12481
2026/09/15 14:43:09.095, 7, NVIDIA RTX PRO 6000 Blackwell Server Edition, P0, 0, 0, 0, 97887, 47.08, 34, 180, 12481
2026/09/15 14:43:10.167, 0, NVIDIA RTX PRO 6000 Blackwell Server Edition, P0, 0, 0, 0, 97887, 48.82, 34, 180, 12481
2026/09/15 14:43:10.169, 1, NVIDIA RTX PRO 6000 Blackwell Server Edition, P0, 0, 0, 0, 97887, 49.02, 34, 180, 12481
2026/09/15 14:43:10.171, 2, NVIDIA RTX PRO 6000 Blackwell Server Edition, P0, 0, 0, 0, 97887, 50.76, 34, 180, 12481
2026/09/15 14:43:10.173, 3, NVIDIA RTX PRO 6000 Blackwell Server Edition, P0, 0, 0, 0, 97887, 48.60, 34, 180, 12481
2026/09/15 14:43:10.176, 4, NVIDIA RTX PRO 6000 Blackwell Server Edition, P0, 0, 0, 0, 97887, 48.15, 34, 180, 12481
2026/09/15 14:43:10.178, 5, NVIDIA RTX PRO 6000 Blackwell Server Edition, P0, 0, 0, 0, 97887, 48.74, 34, 180, 12481
2026/09/15 14:43:10.180, 6, NVIDIA RTX PRO 6000 Blackwell Server Edition, P0, 0, 0, 0, 97887, 48.55, 34, 180, 12481
2026/09/15 14:43:10.182, 7, NVIDIA RTX PRO 6000 Blackwell Server Edition, P0, 0, 0, 0, 97887, 47.08, 34, 180, 12481
2026/09/15 14:43:11.252, 0, NVIDIA RTX PRO 6000 Blackwell Server Edition, P0, 0, 0, 0, 97887, 48.86, 34, 180, 12481
2026/09/15 14:43:11.254, 1, NVIDIA RTX PRO 6000 Blackwell Server Edition, P0, 0, 0, 0, 97887, 49.03, 34, 180, 12481
2026/09/15 14:43:11.256, 2, NVIDIA RTX PRO 6000 Blackwell Server Edition, P0, 0, 0, 0, 97887, 50.80, 34, 180, 12481
2026/09/15 14:43:11.259, 3, NVIDIA RTX PRO 6000 Blackwell Server Edition, P0, 0, 0, 0, 97887, 48.60, 34, 180, 12481
2026/09/15 14:43:11.261, 4, NVIDIA RTX PRO 6000 Blackwell Server Edition, P0, 0, 0, 0, 97887, 48.17, 34, 180, 12481
2026/09/15 14:43:11.263, 5, NVIDIA RTX PRO 6000 Blackwell Server Edition, P0, 0, 0, 0, 97887, 48.74, 34, 180, 12481
2026/09/15 14:43:11.265, 6, NVIDIA RTX PRO 6000 Blackwell Server Edition, P0, 0, 0, 0, 97887, 48.54, 34, 180, 12481
2026/09/15 14:43:11.268, 7, NVIDIA RTX PRO 6000 Blackwell Server Edition, P0, 0, 0, 0, 97887, 47.08, 34, 180, 12481
2026/09/15 14:43:12.340, 0, NVIDIA RTX PRO 6000 Blackwell Server Edition, P0, 0, 0, 0, 97887, 48.79, 34, 180, 12481
2026/09/15 14:43:12.342, 1, NVIDIA RTX PRO 6000 Blackwell Server Edition, P0, 0, 0, 0, 97887, 49.02, 34, 180, 12481
2026/09/15 14:43:12.344, 2, NVIDIA RTX PRO 6000 Blackwell Server Edition, P0, 0, 0, 0, 97887, 50.81, 34, 180, 12481
2026/09/15 14:43:12.347, 3, NVIDIA RTX PRO 6000 Blackwell Server Edition, P0, 0, 0, 0, 97887, 48.60, 34, 180, 12481
2026/09/15 14:43:12.349, 4, NVIDIA RTX PRO 6000 Blackwell Server Edition, P0, 0, 0, 0, 97887, 48.16, 34, 180, 12481
2026/09/15 14:43:12.352, 5, NVIDIA RTX PRO 6000 Blackwell Server Edition, P0, 0, 0, 0, 97887, 48.75, 34, 180, 12481
2026/09/15 14:43:12.354, 6, NVIDIA RTX PRO 6000 Blackwell Server Edition, P0, 0, 0, 0, 97887, 48.53, 34, 180, 12481
2026/09/15 14:43:12.356, 7, NVIDIA RTX PRO 6000 Blackwell Server Edition, P0, 0, 0, 0, 97887, 47.08, 34, 180, 12481
2026/09/15 14:43:13.427, 0, NVIDIA RTX PRO 6000 Blackwell Server Edition, P0, 0, 0, 0, 97887, 48.87, 34, 180, 12481
2026/09/15 14:43:13.430, 1, NVIDIA RTX PRO 6000 Blackwell Server Edition, P0, 0, 0, 0, 97887, 49.03, 34, 180, 12481
2026/09/15 14:43:13.432, 2, NVIDIA RTX PRO 6000 Blackwell Server Edition, P0, 0, 0, 0, 97887, 50.83, 34, 180, 12481
2026/09/15 14:43:13.434, 3, NVIDIA RTX PRO 6000 Blackwell Server Edition, P0, 0, 0, 0, 97887, 48.60, 34, 180, 12481
2026/09/15 14:43:13.437, 4, NVIDIA RTX PRO 6000 Blackwell Server Edition, P0, 0, 0, 0, 97887, 48.16, 34, 180, 12481
2026/09/15 14:43:13.439, 5, NVIDIA RTX PRO 6000 Blackwell Server Edition, P0, 0, 0, 0, 97887, 48.74, 34, 180, 12481
2026/09/15 14:43:13.441, 6, NVIDIA RTX PRO 6000 Blackwell Server Edition, P0, 0, 0, 0, 97887, 48.53, 34, 180, 12481
2026/09/15 14:43:13.443, 7, NVIDIA RTX PRO 6000 Blackwell Server Edition, P0, 0, 0, 0, 97887, 47.08, 34, 180, 12481
2026/09/15 14:43:14.514, 0, NVIDIA RTX PRO 6000 Blackwell Server Edition, P0, 0, 0, 0, 97887, 48.83, 34, 180, 12481
2026/09/15 14:43:14.517, 1, NVIDIA RTX PRO 6000 Blackwell Server Edition, P0, 0, 0, 0, 97887, 49.02, 34, 180, 12481
2026/09/15 14:43:14.519, 2, NVIDIA RTX PRO 6000 Blackwell Server Edition, P0, 0, 0, 0, 97887, 50.80, 34, 180, 12481
2026/09/15 14:43:14.521, 3, NVIDIA RTX PRO 6000 Blackwell Server Edition, P0, 0, 0, 0, 97887, 48.60, 34, 180, 12481
2026/09/15 14:43:14.523, 4, NVIDIA RTX PRO 6000 Blackwell Server Edition, P0, 0, 0, 0, 97887, 48.15, 34, 180, 12481
2026/09/15 14:43:14.526, 5, NVIDIA RTX PRO 6000 Blackwell Server Edition, P0, 0, 0, 0, 97887, 48.74, 34, 180, 12481
2026/09/15 14:43:14.528, 6, NVIDIA RTX PRO 6000 Blackwell Server Edition, P0, 0, 0, 0, 97887, 48.54, 34, 180, 12481
2026/09/15 14:43:14.530, 7, NVIDIA RTX PRO 6000 Blackwell Server Edition, P0, 0, 0, 0, 97887, 47.08, 34, 180, 12481
2026/09/15 14:43:15.601, 0, NVIDIA RTX PRO 6000 Blackwell Server Edition, P0, 0, 0, 0, 97887, 48.86, 34, 180, 12481
2026/09/15 14:43:15.604, 1, NVIDIA RTX PRO 6000 Blackwell Server Edition, P0, 0, 0, 0, 97887, 49.02, 34, 180, 12481
2026/09/15 14:43:15.606, 2, NVIDIA RTX PRO 6000 Blackwell Server Edition, P0, 0, 0, 0, 97887, 50.75, 34, 180, 12481
2026/09/15 14:43:15.608, 3, NVIDIA RTX PRO 6000 Blackwell Server Edition, P0, 0, 0, 0, 97887, 48.59, 34, 180, 12481
2026/09/15 14:43:15.610, 4, NVIDIA RTX PRO 6000 Blackwell Server Edition, P0, 0, 0, 0, 97887, 48.15, 34, 180, 12481
2026/09/15 14:43:15.612, 5, NVIDIA RTX PRO 6000 Blackwell Server Edition, P0, 0, 0, 0, 97887, 48.76, 34, 180, 12481
2026/09/15 14:43:15.615, 6, NVIDIA RTX PRO 6000 Blackwell Server Edition, P0, 0, 0, 0, 97887, 48.52, 34, 180, 12481
2026/09/15 14:43:15.617, 7, NVIDIA RTX PRO 6000 Blackwell Server Edition, P0, 0, 0, 0, 97887, 47.08, 34, 180, 12481
2026/09/15 14:43:16.687, 0, NVIDIA RTX PRO 6000 Blackwell Server Edition, P0, 0, 0, 0, 97887, 48.85, 34, 180, 12481
2026/09/15 14:43:16.690, 1, NVIDIA RTX PRO 6000 Blackwell Server Edition, P0, 0, 0, 0, 97887, 49.02, 34, 180, 12481
2026/09/15 14:43:16.692, 2, NVIDIA RTX PRO 6000 Blackwell Server Edition, P0, 0, 0, 0, 97887, 50.79, 34, 180, 12481
2026/09/15 14:43:16.694, 3, NVIDIA RTX PRO 6000 Blackwell Server Edition, P0, 0, 0, 0, 97887, 48.60, 34, 180, 12481
2026/09/15 14:43:16.696, 4, NVIDIA RTX PRO 6000 Blackwell Server Edition, P0, 0, 0, 0, 97887, 48.14, 34, 180, 12481
2026/09/15 14:43:16.699, 5, NVIDIA RTX PRO 6000 Blackwell Server Edition, P0, 0, 0, 0, 97887, 48.75, 34, 180, 12481
2026/09/15 14:43:16.701, 6, NVIDIA RTX PRO 6000 Blackwell Server Edition, P0, 0, 0, 0, 97887, 48.53, 34, 180, 12481
2026/09/15 14:43:16.703, 7, NVIDIA RTX PRO 6000 Blackwell Server Edition, P0, 0, 0, 0, 97887, 47.08, 34, 180, 12481
2026/09/15 14:43:17.774, 0, NVIDIA RTX PRO 6000 Blackwell Server Edition, P0, 0, 0, 0, 97887, 48.81, 34, 180, 12481
2026/09/15 14:43:17.776, 1, NVIDIA RTX PRO 6000 Blackwell Server Edition, P0, 0, 0, 0, 97887, 49.02, 34, 180, 12481
2026/09/15 14:43:17.778, 2, NVIDIA RTX PRO 6000 Blackwell Server Edition, P0, 0, 0, 0, 97887, 50.74, 34, 180, 12481
2026/09/15 14:43:17.780, 3, NVIDIA RTX PRO 6000 Blackwell Server Edition, P0, 0, 0, 0, 97887, 48.60, 34, 180, 12481
2026/09/15 14:43:17.783, 4, NVIDIA RTX PRO 6000 Blackwell Server Edition, P0, 0, 0, 0, 97887, 48.15, 34, 180, 12481
2026/09/15 14:43:17.785, 5, NVIDIA RTX PRO 6000 Blackwell Server Edition, P0, 0, 0, 0, 97887, 48.72, 34, 180, 12481
2026/09/15 14:43:17.787, 6, NVIDIA RTX PRO 6000 Blackwell Server Edition, P0, 0, 0, 0, 97887, 48.52, 34, 180, 12481
2026/09/15 14:43:17.790, 7, NVIDIA RTX PRO 6000 Blackwell Server Edition, P0, 0, 0, 0, 97887, 47.08, 34, 180, 12481
2026/09/15 14:43:18.861, 0, NVIDIA RTX PRO 6000 Blackwell Server Edition, P0, 0, 0, 0, 97887, 48.85, 34, 180, 12481
2026/09/15 14:43:18.863, 1, NVIDIA RTX PRO 6000 Blackwell Server Edition, P0, 0, 0, 0, 97887, 49.02, 34, 180, 12481
2026/09/15 14:43:18.866, 2, NVIDIA RTX PRO 6000 Blackwell Server Edition, P0, 0, 0, 0, 97887, 50.78, 34, 180, 12481
2026/09/15 14:43:18.868, 3, NVIDIA RTX PRO 6000 Blackwell Server Edition, P0, 0, 0, 0, 97887, 48.60, 34, 180, 12481
2026/09/15 14:43:18.870, 4, NVIDIA RTX PRO 6000 Blackwell Server Edition, P0, 0, 0, 0, 97887, 48.14, 34, 180, 12481
2026/09/15 14:43:18.872, 5, NVIDIA RTX PRO 6000 Blackwell Server Edition, P0, 0, 0, 0, 97887, 48.70, 34, 180, 12481
2026/09/15 14:43:18.875, 6, NVIDIA RTX PRO 6000 Blackwell Server Edition, P0, 0, 0, 0, 97887, 48.53, 34, 180, 12481
2026/09/15 14:43:18.877, 7, NVIDIA RTX PRO 6000 Blackwell Server Edition, P0, 0, 0, 0, 97887, 47.08, 34, 180, 12481
2026/09/15 14:43:19.946, 0, NVIDIA RTX PRO 6000 Blackwell Server Edition, P0, 0, 0, 0, 97887, 48.89, 34, 180, 12481
2026/09/15 14:43:19.948, 1, NVIDIA RTX PRO 6000 Blackwell Server Edition, P0, 0, 0, 0, 97887, 49.02, 34, 180, 12481
2026/09/15 14:43:19.950, 2, NVIDIA RTX PRO 6000 Blackwell Server Edition, P0, 0, 0, 0, 97887, 50.76, 34, 180, 12481
2026/09/15 14:43:19.953, 3, NVIDIA RTX PRO 6000 Blackwell Server Edition, P0, 0, 0, 0, 97887, 48.60, 34, 180, 12481
2026/09/15 14:43:19.955, 4, NVIDIA RTX PRO 6000 Blackwell Server Edition, P0, 0, 0, 0, 97887, 48.16, 34, 180, 12481
2026/09/15 14:43:19.957, 5, NVIDIA RTX PRO 6000 Blackwell Server Edition, P0, 0, 0, 0, 97887, 48.74, 34, 180, 12481
2026/09/15 14:43:19.959, 6, NVIDIA RTX PRO 6000 Blackwell Server Edition, P0, 0, 0, 0, 97887, 48.54, 34, 180, 12481
2026/09/15 14:43:19.962, 7, NVIDIA RTX PRO 6000 Blackwell Server Edition, P0, 0, 0, 0, 97887, 47.08, 34, 180, 12481
2026/09/15 14:43:21.031, 0, NVIDIA RTX PRO 6000 Blackwell Server Edition, P0, 0, 0, 0, 97887, 48.81, 34, 180, 12481
2026/09/15 14:43:21.033, 1, NVIDIA RTX PRO 6000 Blackwell Server Edition, P0, 0, 0, 0, 97887, 49.02, 34, 180, 12481
2026/09/15 14:43:21.035, 2, NVIDIA RTX PRO 6000 Blackwell Server Edition, P0, 0, 0, 0, 97887, 50.77, 34, 180, 12481
2026/09/15 14:43:21.037, 3, NVIDIA RTX PRO 6000 Blackwell Server Edition, P0, 0, 0, 0, 97887, 48.60, 34, 180, 12481
2026/09/15 14:43:21.040, 4, NVIDIA RTX PRO 6000 Blackwell Server Edition, P0, 0, 0, 0, 97887, 48.14, 34, 180, 12481
2026/09/15 14:43:21.042, 5, NVIDIA RTX PRO 6000 Blackwell Server Edition, P0, 0, 0, 0, 97887, 48.75, 34, 180, 12481
2026/09/15 14:43:21.044, 6, NVIDIA RTX PRO 6000 Blackwell Server Edition, P0, 0, 0, 0, 97887, 48.54, 34, 180, 12481
2026/09/15 14:43:21.046, 7, NVIDIA RTX PRO 6000 Blackwell Server Edition, P0, 0, 0, 0, 97887, 47.07, 34, 180, 12481
2026/09/15 14:43:22.116, 0, NVIDIA RTX PRO 6000 Blackwell Server Edition, P0, 0, 0, 0, 97887, 48.87, 34, 180, 12481
2026/09/15 14:43:22.118, 1, NVIDIA RTX PRO 6000 Blackwell Server Edition, P0, 0, 0, 0, 97887, 49.03, 34, 180, 12481
2026/09/15 14:43:22.121, 2, NVIDIA RTX PRO 6000 Blackwell Server Edition, P0, 0, 0, 0, 97887, 50.74, 34, 180, 12481
2026/09/15 14:43:22.123, 3, NVIDIA RTX PRO 6000 Blackwell Server Edition, P0, 0, 0, 0, 97887, 48.59, 34, 180, 12481
2026/09/15 14:43:22.125, 4, NVIDIA RTX PRO 6000 Blackwell Server Edition, P0, 0, 0, 0, 97887, 48.16, 34, 180, 12481
2026/09/15 14:43:22.127, 5, NVIDIA RTX PRO 6000 Blackwell Server Edition, P0, 0, 0, 0, 97887, 48.76, 34, 180, 12481
2026/09/15 14:43:22.130, 6, NVIDIA RTX PRO 6000 Blackwell Server Edition, P0, 0, 0, 0, 97887, 48.53, 34, 180, 12481
2026/09/15 14:43:22.132, 7, NVIDIA RTX PRO 6000 Blackwell Server Edition, P0, 0, 0, 0, 97887, 47.08, 34, 180, 12481
2026/09/15 14:43:23.203, 0, NVIDIA RTX PRO 6000 Blackwell Server Edition, P0, 0, 0, 0, 97887, 48.85, 34, 180, 12481
2026/09/15 14:43:23.205, 1, NVIDIA RTX PRO 6000 Blackwell Server Edition, P0, 0, 0, 0, 97887, 49.03, 34, 180, 12481
2026/09/15 14:43:23.208, 2, NVIDIA RTX PRO 6000 Blackwell Server Edition, P0, 0, 0, 0, 97887, 50.77, 34, 180, 12481
2026/09/15 14:43:23.210, 3, NVIDIA RTX PRO 6000 Blackwell Server Edition, P0, 0, 0, 0, 97887, 48.59, 34, 180, 12481
2026/09/15 14:43:23.212, 4, NVIDIA RTX PRO 6000 Blackwell Server Edition, P0, 0, 0, 0, 97887, 48.16, 34, 180, 12481
2026/09/15 14:43:23.214, 5, NVIDIA RTX PRO 6000 Blackwell Server Edition, P0, 0, 0, 0, 97887, 48.72, 34, 180, 12481
2026/09/15 14:43:23.216, 6, NVIDIA RTX PRO 6000 Blackwell Server Edition, P0, 0, 0, 0, 97887, 48.52, 34, 180, 12481
2026/09/15 14:43:23.219, 7, NVIDIA RTX PRO 6000 Blackwell Server Edition, P0, 0, 0, 0, 97887, 47.08, 34, 180, 12481
2026/09/15 14:43:24.289, 0, NVIDIA RTX PRO 6000 Blackwell Server Edition, P0, 0, 0, 0, 97887, 48.88, 34, 180, 12481
2026/09/15 14:43:24.291, 1, NVIDIA RTX PRO 6000 Blackwell Server Edition, P0, 0, 0, 0, 97887, 49.02, 34, 180, 12481
2026/09/15 14:43:24.293, 2, NVIDIA RTX PRO 6000 Blackwell Server Edition, P0, 0, 0, 0, 97887, 50.71, 34, 180, 12481
2026/09/15 14:43:24.295, 3, NVIDIA RTX PRO 6000 Blackwell Server Edition, P0, 0, 0, 0, 97887, 48.60, 34, 180, 12481
2026/09/15 14:43:24.297, 4, NVIDIA RTX PRO 6000 Blackwell Server Edition, P0, 0, 0, 0, 97887, 48.15, 34, 180, 12481
2026/09/15 14:43:24.300, 5, NVIDIA RTX PRO 6000 Blackwell Server Edition, P0, 0, 0, 0, 97887, 48.70, 34, 180, 12481
2026/09/15 14:43:24.302, 6, NVIDIA RTX PRO 6000 Blackwell Server Edition, P0, 0, 0, 0, 97887, 48.52, 34, 180, 12481
2026/09/15 14:43:24.304, 7, NVIDIA RTX PRO 6000 Blackwell Server Edition, P0, 0, 0, 0, 97887, 47.09, 34, 180, 12481
2026/09/15 14:43:25.375, 0, NVIDIA RTX PRO 6000 Blackwell Server Edition, P0, 0, 0, 0, 97887, 48.91, 34, 180, 12481
2026/09/15 14:43:25.378, 1, NVIDIA RTX PRO 6000 Blackwell Server Edition, P0, 0, 0, 0, 97887, 49.02, 34, 180, 12481
2026/09/15 14:43:25.380, 2, NVIDIA RTX PRO 6000 Blackwell Server Edition, P0, 0, 0, 0, 97887, 50.78, 34, 180, 12481
2026/09/15 14:43:25.382, 3, NVIDIA RTX PRO 6000 Blackwell Server Edition, P0, 0, 0, 0, 97887, 48.60, 34, 180, 12481
2026/09/15 14:43:25.384, 4, NVIDIA RTX PRO 6000 Blackwell Server Edition, P0, 0, 0, 0, 97887, 48.15, 34, 180, 12481
2026/09/15 14:43:25.387, 5, NVIDIA RTX PRO 6000 Blackwell Server Edition, P0, 0, 0, 0, 97887, 48.76, 34, 180, 12481
2026/09/15 14:43:25.389, 6, NVIDIA RTX PRO 6000 Blackwell Server Edition, P0, 0, 0, 0, 97887, 48.52, 34, 180, 12481
2026/09/15 14:43:25.391, 7, NVIDIA RTX PRO 6000 Blackwell Server Edition, P0, 0, 0, 0, 97887, 47.08, 34, 180, 12481
2026/09/15 14:43:26.461, 0, NVIDIA RTX PRO 6000 Blackwell Server Edition, P0, 0, 0, 0, 97887, 48.87, 34, 180, 12481
2026/09/15 14:43:26.463, 1, NVIDIA RTX PRO 6000 Blackwell Server Edition, P0, 0, 0, 0, 97887, 49.02, 34, 180, 12481
2026/09/15 14:43:26.465, 2, NVIDIA RTX PRO 6000 Blackwell Server Edition, P0, 0, 0, 0, 97887, 50.70, 34, 180, 12481
2026/09/15 14:43:26.468, 3, NVIDIA RTX PRO 6000 Blackwell Server Edition, P0, 0, 0, 0, 97887, 48.60, 34, 180, 12481
2026/09/15 14:43:26.470, 4, NVIDIA RTX PRO 6000 Blackwell Server Edition, P0, 0, 0, 0, 97887, 48.15, 34, 180, 12481
2026/09/15 14:43:26.472, 5, NVIDIA RTX PRO 6000 Blackwell Server Edition, P0, 0, 0, 0, 97887, 48.69, 34, 180, 12481
2026/09/15 14:43:26.474, 6, NVIDIA RTX PRO 6000 Blackwell Server Edition, P0, 0, 0, 0, 97887, 48.51, 34, 180, 12481
2026/09/15 14:43:26.477, 7, NVIDIA RTX PRO 6000 Blackwell Server Edition, P0, 0, 0, 0, 97887, 47.08, 34, 180, 12481
2026/09/15 14:43:27.547, 0, NVIDIA RTX PRO 6000 Blackwell Server Edition, P0, 0, 0, 0, 97887, 48.88, 34, 180, 12481
2026/09/15 14:43:27.550, 1, NVIDIA RTX PRO 6000 Blackwell Server Edition, P0, 0, 0, 0, 97887, 49.02, 34, 180, 12481
2026/09/15 14:43:27.552, 2, NVIDIA RTX PRO 6000 Blackwell Server Edition, P0, 0, 0, 0, 97887, 50.75, 34, 180, 12481
2026/09/15 14:43:27.555, 3, NVIDIA RTX PRO 6000 Blackwell Server Edition, P0, 0, 0, 0, 97887, 48.60, 34, 180, 12481
2026/09/15 14:43:27.557, 4, NVIDIA RTX PRO 6000 Blackwell Server Edition, P0, 0, 0, 0, 97887, 48.15, 34, 180, 12481
2026/09/15 14:43:27.559, 5, NVIDIA RTX PRO 6000 Blackwell Server Edition, P0, 0, 0, 0, 97887, 48.74, 34, 180, 12481
2026/09/15 14:43:27.562, 6, NVIDIA RTX PRO 6000 Blackwell Server Edition, P0, 0, 0, 0, 97887, 48.52, 34, 180, 12481
2026/09/15 14:43:27.564, 7, NVIDIA RTX PRO 6000 Blackwell Server Edition, P0, 0, 0, 0, 97887, 47.08, 34, 180, 12481
2026/09/15 14:43:28.634, 0, NVIDIA RTX PRO 6000 Blackwell Server Edition, P0, 0, 0, 0, 97887, 48.85, 34, 180, 12481
2026/09/15 14:43:28.636, 1, NVIDIA RTX PRO 6000 Blackwell Server Edition, P0, 0, 0, 0, 97887, 49.02, 34, 180, 12481
2026/09/15 14:43:28.639, 2, NVIDIA RTX PRO 6000 Blackwell Server Edition, P0, 0, 0, 0, 97887, 50.71, 34, 172, 12481
2026/09/15 14:43:28.641, 3, NVIDIA RTX PRO 6000 Blackwell Server Edition, P0, 0, 0, 0, 97887, 48.60, 34, 180, 12481
2026/09/15 14:43:28.643, 4, NVIDIA RTX PRO 6000 Blackwell Server Edition, P0, 0, 0, 0, 97887, 48.16, 34, 180, 12481
2026/09/15 14:43:28.645, 5, NVIDIA RTX PRO 6000 Blackwell Server Edition, P0, 0, 0, 0, 97887, 48.74, 34, 180, 12481
2026/09/15 14:43:28.647, 6, NVIDIA RTX PRO 6000 Blackwell Server Edition, P0, 0, 0, 0, 97887, 48.54, 34, 180, 12481
2026/09/15 14:43:28.650, 7, NVIDIA RTX PRO 6000 Blackwell Server Edition, P0, 0, 0, 0, 97887, 47.08, 34, 180, 12481
2026/09/15 14:43:29.720, 0, NVIDIA RTX PRO 6000 Blackwell Server Edition, P0, 0, 0, 0, 97887, 48.87, 34, 180, 12481
2026/09/15 14:43:29.723, 1, NVIDIA RTX PRO 6000 Blackwell Server Edition, P0, 0, 0, 0, 97887, 49.02, 34, 180, 12481
2026/09/15 14:43:29.725, 2, NVIDIA RTX PRO 6000 Blackwell Server Edition, P0, 0, 0, 0, 97887, 50.75, 34, 180, 12481
2026/09/15 14:43:29.727, 3, NVIDIA RTX PRO 6000 Blackwell Server Edition, P0, 0, 0, 0, 97887, 48.60, 34, 180, 12481
2026/09/15 14:43:29.729, 4, NVIDIA RTX PRO 6000 Blackwell Server Edition, P0, 0, 0, 0, 97887, 48.15, 34, 180, 12481
2026/09/15 14:43:29.732, 5, NVIDIA RTX PRO 6000 Blackwell Server Edition, P0, 0, 0, 0, 97887, 48.74, 34, 180, 12481
2026/09/15 14:43:29.734, 6, NVIDIA RTX PRO 6000 Blackwell Server Edition, P0, 0, 0, 0, 97887, 48.53, 34, 180, 12481
2026/09/15 14:43:29.736, 7, NVIDIA RTX PRO 6000 Blackwell Server Edition, P0, 0, 0, 0, 97887, 47.08, 34, 180, 12481
2026/09/15 14:43:30.808, 0, NVIDIA RTX PRO 6000 Blackwell Server Edition, P0, 0, 0, 0, 97887, 48.90, 34, 180, 12481
2026/09/15 14:43:30.810, 1, NVIDIA RTX PRO 6000 Blackwell Server Edition, P0, 0, 0, 0, 97887, 49.02, 34, 180, 12481
2026/09/15 14:43:30.813, 2, NVIDIA RTX PRO 6000 Blackwell Server Edition, P0, 0, 0, 0, 97887, 50.80, 34, 180, 12481
2026/09/15 14:43:30.815, 3, NVIDIA RTX PRO 6000 Blackwell Server Edition, P0, 0, 0, 0, 97887, 48.59, 34, 180, 12481
2026/09/15 14:43:30.817, 4, NVIDIA RTX PRO 6000 Blackwell Server Edition, P0, 0, 0, 0, 97887, 48.15, 34, 180, 12481
2026/09/15 14:43:30.819, 5, NVIDIA RTX PRO 6000 Blackwell Server Edition, P0, 0, 0, 0, 97887, 48.72, 34, 172, 12481
2026/09/15 14:43:30.821, 6, NVIDIA RTX PRO 6000 Blackwell Server Edition, P0, 0, 0, 0, 97887, 48.53, 34, 180, 12481
2026/09/15 14:43:30.824, 7, NVIDIA RTX PRO 6000 Blackwell Server Edition, P0, 0, 0, 0, 97887, 47.08, 34, 180, 12481
2026/09/15 14:43:31.893, 0, NVIDIA RTX PRO 6000 Blackwell Server Edition, P0, 0, 0, 0, 97887, 48.91, 34, 180, 12481
2026/09/15 14:43:31.895, 1, NVIDIA RTX PRO 6000 Blackwell Server Edition, P0, 0, 0, 0, 97887, 49.02, 34, 180, 12481
2026/09/15 14:43:31.897, 2, NVIDIA RTX PRO 6000 Blackwell Server Edition, P0, 0, 0, 0, 97887, 50.74, 34, 180, 12481
2026/09/15 14:43:31.899, 3, NVIDIA RTX PRO 6000 Blackwell Server Edition, P0, 0, 0, 0, 97887, 48.59, 34, 180, 12481
2026/09/15 14:43:31.901, 4, NVIDIA RTX PRO 6000 Blackwell Server Edition, P0, 0, 0, 0, 97887, 48.15, 34, 180, 12481
2026/09/15 14:43:31.904, 5, NVIDIA RTX PRO 6000 Blackwell Server Edition, P0, 0, 0, 0, 97887, 48.77, 34, 180, 12481
2026/09/15 14:43:31.906, 6, NVIDIA RTX PRO 6000 Blackwell Server Edition, P0, 0, 0, 0, 97887, 48.53, 34, 180, 12481
2026/09/15 14:43:31.908, 7, NVIDIA RTX PRO 6000 Blackwell Server Edition, P0, 0, 0, 0, 97887, 47.09, 34, 180, 12481
2026/09/15 14:43:32.980, 0, NVIDIA RTX PRO 6000 Blackwell Server Edition, P0, 0, 0, 0, 97887, 48.85, 34, 180, 12481
2026/09/15 14:43:32.982, 1, NVIDIA RTX PRO 6000 Blackwell Server Edition, P0, 0, 0, 0, 97887, 49.04, 34, 180, 12481
2026/09/15 14:43:32.984, 2, NVIDIA RTX PRO 6000 Blackwell Server Edition, P0, 0, 0, 0, 97887, 50.78, 34, 180, 12481
2026/09/15 14:43:32.986, 3, NVIDIA RTX PRO 6000 Blackwell Server Edition, P0, 0, 0, 0, 97887, 48.59, 34, 180, 12481
2026/09/15 14:43:32.988, 4, NVIDIA RTX PRO 6000 Blackwell Server Edition, P0, 0, 0, 0, 97887, 48.15, 34, 180, 12481
2026/09/15 14:43:32.991, 5, NVIDIA RTX PRO 6000 Blackwell Server Edition, P0, 0, 0, 0, 97887, 48.78, 34, 180, 12481
2026/09/15 14:43:32.993, 6, NVIDIA RTX PRO 6000 Blackwell Server Edition, P0, 0, 0, 0, 97887, 48.54, 34, 180, 12481
2026/09/15 14:43:32.995, 7, NVIDIA RTX PRO 6000 Blackwell Server Edition, P0, 0, 0, 0, 97887, 47.08, 34, 180, 12481
2026/09/15 14:43:34.065, 0, NVIDIA RTX PRO 6000 Blackwell Server Edition, P0, 0, 0, 0, 97887, 48.84, 34, 180, 12481
2026/09/15 14:43:34.067, 1, NVIDIA RTX PRO 6000 Blackwell Server Edition, P0, 0, 0, 0, 97887, 49.02, 34, 180, 12481
2026/09/15 14:43:34.069, 2, NVIDIA RTX PRO 6000 Blackwell Server Edition, P0, 0, 0, 0, 97887, 50.76, 34, 180, 12481
2026/09/15 14:43:34.072, 3, NVIDIA RTX PRO 6000 Blackwell Server Edition, P0, 0, 0, 0, 97887, 48.60, 34, 180, 12481
2026/09/15 14:43:34.074, 4, NVIDIA RTX PRO 6000 Blackwell Server Edition, P0, 0, 0, 0, 97887, 48.15, 34, 180, 12481
2026/09/15 14:43:34.076, 5, NVIDIA RTX PRO 6000 Blackwell Server Edition, P0, 0, 0, 0, 97887, 48.73, 34, 180, 12481
2026/09/15 14:43:34.078, 6, NVIDIA RTX PRO 6000 Blackwell Server Edition, P0, 0, 0, 0, 97887, 48.51, 34, 180, 12481
2026/09/15 14:43:34.081, 7, NVIDIA RTX PRO 6000 Blackwell Server Edition, P0, 0, 0, 0, 97887, 47.08, 34, 172, 12481
2026/09/15 14:43:35.152, 0, NVIDIA RTX PRO 6000 Blackwell Server Edition, P0, 0, 0, 0, 97887, 48.90, 34, 180, 12481
2026/09/15 14:43:35.154, 1, NVIDIA RTX PRO 6000 Blackwell Server Edition, P0, 0, 0, 0, 97887, 49.02, 34, 180, 12481
2026/09/15 14:43:35.157, 2, NVIDIA RTX PRO 6000 Blackwell Server Edition, P0, 0, 0, 0, 97887, 50.72, 34, 180, 12481
2026/09/15 14:43:35.159, 3, NVIDIA RTX PRO 6000 Blackwell Server Edition, P0, 0, 0, 0, 97887, 48.59, 34, 180, 12481
2026/09/15 14:43:35.162, 4, NVIDIA RTX PRO 6000 Blackwell Server Edition, P0, 0, 0, 0, 97887, 48.16, 34, 180, 12481
2026/09/15 14:43:35.164, 5, NVIDIA RTX PRO 6000 Blackwell Server Edition, P0, 0, 0, 0, 97887, 48.73, 34, 180, 12481
2026/09/15 14:43:35.166, 6, NVIDIA RTX PRO 6000 Blackwell Server Edition, P0, 0, 0, 0, 97887, 48.54, 34, 180, 12481
2026/09/15 14:43:35.169, 7, NVIDIA RTX PRO 6000 Blackwell Server Edition, P0, 0, 0, 0, 97887, 47.08, 34, 180, 12481
2026/09/15 14:43:36.240, 0, NVIDIA RTX PRO 6000 Blackwell Server Edition, P0, 0, 0, 0, 97887, 48.78, 34, 180, 12481
2026/09/15 14:43:36.243, 1, NVIDIA RTX PRO 6000 Blackwell Server Edition, P0, 0, 0, 0, 97887, 49.02, 34, 180, 12481
2026/09/15 14:43:36.245, 2, NVIDIA RTX PRO 6000 Blackwell Server Edition, P0, 0, 0, 0, 97887, 50.78, 34, 180, 12481
2026/09/15 14:43:36.248, 3, NVIDIA RTX PRO 6000 Blackwell Server Edition, P0, 0, 0, 0, 97887, 48.59, 34, 180, 12481
2026/09/15 14:43:36.250, 4, NVIDIA RTX PRO 6000 Blackwell Server Edition, P0, 0, 0, 0, 97887, 48.16, 34, 180, 12481
2026/09/15 14:43:36.252, 5, NVIDIA RTX PRO 6000 Blackwell Server Edition, P0, 0, 0, 0, 97887, 48.73, 34, 180, 12481
2026/09/15 14:43:36.255, 6, NVIDIA RTX PRO 6000 Blackwell Server Edition, P0, 0, 0, 0, 97887, 48.53, 34, 180, 12481
2026/09/15 14:43:36.257, 7, NVIDIA RTX PRO 6000 Blackwell Server Edition, P0, 0, 0, 0, 97887, 47.08, 34, 180, 12481
2026/09/15 14:43:37.329, 0, NVIDIA RTX PRO 6000 Blackwell Server Edition, P0, 0, 0, 0, 97887, 48.75, 34, 180, 12481
2026/09/15 14:43:37.331, 1, NVIDIA RTX PRO 6000 Blackwell Server Edition, P0, 0, 0, 0, 97887, 49.02, 34, 180, 12481
2026/09/15 14:43:37.333, 2, NVIDIA RTX PRO 6000 Blackwell Server Edition, P0, 0, 0, 0, 97887, 50.80, 34, 180, 12481
2026/09/15 14:43:37.335, 3, NVIDIA RTX PRO 6000 Blackwell Server Edition, P0, 0, 0, 0, 97887, 48.59, 34, 180, 12481
2026/09/15 14:43:37.338, 4, NVIDIA RTX PRO 6000 Blackwell Server Edition, P0, 0, 0, 0, 97887, 48.16, 34, 172, 12481
2026/09/15 14:43:37.340, 5, NVIDIA RTX PRO 6000 Blackwell Server Edition, P0, 0, 0, 0, 97887, 48.77, 34, 180, 12481
2026/09/15 14:43:37.342, 6, NVIDIA RTX PRO 6000 Blackwell Server Edition, P0, 0, 0, 0, 97887, 48.55, 34, 180, 12481
2026/09/15 14:43:37.344, 7, NVIDIA RTX PRO 6000 Blackwell Server Edition, P0, 0, 0, 0, 97887, 47.08, 34, 180, 12481
2026/09/15 14:43:38.415, 0, NVIDIA RTX PRO 6000 Blackwell Server Edition, P0, 0, 0, 0, 97887, 48.87, 34, 180, 12481
2026/09/15 14:43:38.418, 1, NVIDIA RTX PRO 6000 Blackwell Server Edition, P0, 0, 0, 0, 97887, 49.02, 34, 180, 12481
2026/09/15 14:43:38.420, 2, NVIDIA RTX PRO 6000 Blackwell Server Edition, P0, 0, 0, 0, 97887, 50.76, 34, 180, 12481
2026/09/15 14:43:38.422, 3, NVIDIA RTX PRO 6000 Blackwell Server Edition, P0, 0, 0, 0, 97887, 48.60, 34, 180, 12481
2026/09/15 14:43:38.424, 4, NVIDIA RTX PRO 6000 Blackwell Server Edition, P0, 0, 0, 0, 97887, 48.16, 34, 180, 12481
2026/09/15 14:43:38.427, 5, NVIDIA RTX PRO 6000 Blackwell Server Edition, P0, 0, 0, 0, 97887, 48.75, 34, 180, 12481
2026/09/15 14:43:38.429, 6, NVIDIA RTX PRO 6000 Blackwell Server Edition, P0, 0, 0, 0, 97887, 48.53, 34, 180, 12481
2026/09/15 14:43:38.431, 7, NVIDIA RTX PRO 6000 Blackwell Server Edition, P0, 0, 0, 0, 97887, 47.08, 34, 180, 12481
2026/09/15 14:43:39.500, 0, NVIDIA RTX PRO 6000 Blackwell Server Edition, P0, 0, 0, 0, 97887, 48.90, 34, 180, 12481
2026/09/15 14:43:39.503, 1, NVIDIA RTX PRO 6000 Blackwell Server Edition, P0, 0, 0, 0, 97887, 49.02, 34, 180, 12481
2026/09/15 14:43:39.505, 2, NVIDIA RTX PRO 6000 Blackwell Server Edition, P0, 0, 0, 0, 97887, 50.79, 34, 180, 12481
2026/09/15 14:43:39.507, 3, NVIDIA RTX PRO 6000 Blackwell Server Edition, P0, 0, 0, 0, 97887, 48.60, 34, 180, 12481
2026/09/15 14:43:39.509, 4, NVIDIA RTX PRO 6000 Blackwell Server Edition, P0, 0, 0, 0, 97887, 48.15, 34, 180, 12481
2026/09/15 14:43:39.511, 5, NVIDIA RTX PRO 6000 Blackwell Server Edition, P0, 0, 0, 0, 97887, 48.78, 34, 180, 12481
2026/09/15 14:43:39.514, 6, NVIDIA RTX PRO 6000 Blackwell Server Edition, P0, 0, 0, 0, 97887, 48.54, 34, 172, 12481
2026/09/15 14:43:39.516, 7, NVIDIA RTX PRO 6000 Blackwell Server Edition, P0, 0, 0, 0, 97887, 47.08, 34, 180, 12481
2026/09/15 14:43:40.587, 0, NVIDIA RTX PRO 6000 Blackwell Server Edition, P0, 0, 0, 0, 97887, 48.89, 34, 180, 12481
2026/09/15 14:43:40.589, 1, NVIDIA RTX PRO 6000 Blackwell Server Edition, P0, 0, 0, 0, 97887, 49.03, 34, 180, 12481
2026/09/15 14:43:40.592, 2, NVIDIA RTX PRO 6000 Blackwell Server Edition, P0, 0, 0, 0, 97887, 50.81, 34, 180, 12481
2026/09/15 14:43:40.594, 3, NVIDIA RTX PRO 6000 Blackwell Server Edition, P0, 0, 0, 0, 97887, 48.60, 34, 180, 12481
2026/09/15 14:43:40.596, 4, NVIDIA RTX PRO 6000 Blackwell Server Edition, P0, 0, 0, 0, 97887, 48.15, 34, 180, 12481
2026/09/15 14:43:40.598, 5, NVIDIA RTX PRO 6000 Blackwell Server Edition, P0, 0, 0, 0, 97887, 48.76, 34, 180, 12481
2026/09/15 14:43:40.600, 6, NVIDIA RTX PRO 6000 Blackwell Server Edition, P0, 0, 0, 0, 97887, 48.54, 34, 180, 12481
2026/09/15 14:43:40.603, 7, NVIDIA RTX PRO 6000 Blackwell Server Edition, P0, 0, 0, 0, 97887, 47.08, 34, 180, 12481
2026/09/15 14:43:41.672, 0, NVIDIA RTX PRO 6000 Blackwell Server Edition, P0, 0, 0, 0, 97887, 48.87, 34, 180, 12481
2026/09/15 14:43:41.674, 1, NVIDIA RTX PRO 6000 Blackwell Server Edition, P0, 0, 0, 0, 97887, 49.03, 34, 180, 12481
2026/09/15 14:43:41.676, 2, NVIDIA RTX PRO 6000 Blackwell Server Edition, P0, 0, 0, 0, 97887, 50.80, 34, 180, 12481
2026/09/15 14:43:41.679, 3, NVIDIA RTX PRO 6000 Blackwell Server Edition, P0, 0, 0, 0, 97887, 48.59, 34, 180, 12481
2026/09/15 14:43:41.681, 4, NVIDIA RTX PRO 6000 Blackwell Server Edition, P0, 0, 0, 0, 97887, 48.15, 34, 180, 12481
2026/09/15 14:43:41.683, 5, NVIDIA RTX PRO 6000 Blackwell Server Edition, P0, 0, 0, 0, 97887, 48.76, 34, 180, 12481
2026/09/15 14:43:41.685, 6, NVIDIA RTX PRO 6000 Blackwell Server Edition, P0, 0, 0, 0, 97887, 48.53, 34, 180, 12481
2026/09/15 14:43:41.688, 7, NVIDIA RTX PRO 6000 Blackwell Server Edition, P0, 0, 0, 0, 97887, 47.08, 34, 180, 12481
2026/09/15 14:43:42.757, 0, NVIDIA RTX PRO 6000 Blackwell Server Edition, P0, 0, 0, 0, 97887, 48.88, 34, 180, 12481
2026/09/15 14:43:42.760, 1, NVIDIA RTX PRO 6000 Blackwell Server Edition, P0, 0, 0, 0, 97887, 49.03, 34, 180, 12481
2026/09/15 14:43:42.762, 2, NVIDIA RTX PRO 6000 Blackwell Server Edition, P0, 0, 0, 0, 97887, 50.77, 34, 180, 12481
2026/09/15 14:43:42.764, 3, NVIDIA RTX PRO 6000 Blackwell Server Edition, P0, 0, 0, 0, 97887, 48.60, 34, 180, 12481
2026/09/15 14:43:42.766, 4, NVIDIA RTX PRO 6000 Blackwell Server Edition, P0, 0, 0, 0, 97887, 48.16, 34, 180, 12481
2026/09/15 14:43:42.769, 5, NVIDIA RTX PRO 6000 Blackwell Server Edition, P0, 0, 0, 0, 97887, 48.72, 34, 180, 12481
2026/09/15 14:43:42.771, 6, NVIDIA RTX PRO 6000 Blackwell Server Edition, P0, 0, 0, 0, 97887, 48.54, 34, 180, 12481
2026/09/15 14:43:42.773, 7, NVIDIA RTX PRO 6000 Blackwell Server Edition, P0, 0, 0, 0, 97887, 47.08, 34, 180, 12481
2026/09/15 14:43:43.844, 0, NVIDIA RTX PRO 6000 Blackwell Server Edition, P0, 0, 0, 0, 97887, 48.87, 34, 180, 12481
2026/09/15 14:43:43.847, 1, NVIDIA RTX PRO 6000 Blackwell Server Edition, P0, 0, 0, 0, 97887, 49.03, 34, 180, 12481
2026/09/15 14:43:43.849, 2, NVIDIA RTX PRO 6000 Blackwell Server Edition, P0, 0, 0, 0, 97887, 50.82, 34, 180, 12481
2026/09/15 14:43:43.851, 3, NVIDIA RTX PRO 6000 Blackwell Server Edition, P0, 0, 0, 0, 97887, 48.60, 34, 180, 12481
2026/09/15 14:43:43.854, 4, NVIDIA RTX PRO 6000 Blackwell Server Edition, P0, 0, 0, 0, 97887, 48.14, 34, 180, 12481
2026/09/15 14:43:43.856, 5, NVIDIA RTX PRO 6000 Blackwell Server Edition, P0, 0, 0, 0, 97887, 48.78, 34, 180, 12481
2026/09/15 14:43:43.859, 6, NVIDIA RTX PRO 6000 Blackwell Server Edition, P0, 0, 0, 0, 97887, 48.54, 34, 180, 12481
2026/09/15 14:43:43.861, 7, NVIDIA RTX PRO 6000 Blackwell Server Edition, P0, 0, 0, 0, 97887, 47.08, 34, 180, 12481
2026/09/15 14:43:44.931, 0, NVIDIA RTX PRO 6000 Blackwell Server Edition, P0, 0, 0, 0, 97887, 48.89, 34, 180, 12481
2026/09/15 14:43:44.933, 1, NVIDIA RTX PRO 6000 Blackwell Server Edition, P0, 0, 0, 0, 97887, 49.02, 34, 180, 12481
2026/09/15 14:43:44.935, 2, NVIDIA RTX PRO 6000 Blackwell Server Edition, P0, 0, 0, 0, 97887, 50.79, 34, 180, 12481
2026/09/15 14:43:44.937, 3, NVIDIA RTX PRO 6000 Blackwell Server Edition, P0, 0, 0, 0, 97887, 48.60, 34, 180, 12481
2026/09/15 14:43:44.940, 4, NVIDIA RTX PRO 6000 Blackwell Server Edition, P0, 0, 0, 0, 97887, 48.15, 34, 180, 12481
2026/09/15 14:43:44.942, 5, NVIDIA RTX PRO 6000 Blackwell Server Edition, P0, 0, 0, 0, 97887, 48.76, 34, 172, 12481
2026/09/15 14:43:44.944, 6, NVIDIA RTX PRO 6000 Blackwell Server Edition, P0, 0, 0, 0, 97887, 48.52, 34, 180, 12481
2026/09/15 14:43:44.946, 7, NVIDIA RTX PRO 6000 Blackwell Server Edition, P0, 0, 0, 0, 97887, 47.08, 34, 180, 12481
2026/09/15 14:43:46.018, 0, NVIDIA RTX PRO 6000 Blackwell Server Edition, P0, 0, 0, 0, 97887, 48.86, 34, 180, 12481
2026/09/15 14:43:46.020, 1, NVIDIA RTX PRO 6000 Blackwell Server Edition, P0, 0, 0, 0, 97887, 49.03, 34, 172, 12481
2026/09/15 14:43:46.022, 2, NVIDIA RTX PRO 6000 Blackwell Server Edition, P0, 0, 0, 0, 97887, 50.75, 34, 180, 12481
2026/09/15 14:43:46.025, 3, NVIDIA RTX PRO 6000 Blackwell Server Edition, P0, 0, 0, 0, 97887, 48.60, 34, 180, 12481
2026/09/15 14:43:46.027, 4, NVIDIA RTX PRO 6000 Blackwell Server Edition, P0, 0, 0, 0, 97887, 48.14, 34, 180, 12481
2026/09/15 14:43:46.029, 5, NVIDIA RTX PRO 6000 Blackwell Server Edition, P0, 0, 0, 0, 97887, 48.76, 34, 180, 12481
2026/09/15 14:43:46.032, 6, NVIDIA RTX PRO 6000 Blackwell Server Edition, P0, 0, 0, 0, 97887, 48.54, 34, 180, 12481
2026/09/15 14:43:46.036, 7, NVIDIA RTX PRO 6000 Blackwell Server Edition, P0, 0, 0, 0, 97887, 47.08, 34, 180, 12481
2026/09/15 14:43:47.105, 0, NVIDIA RTX PRO 6000 Blackwell Server Edition, P0, 0, 0, 0, 97887, 48.85, 34, 180, 12481
2026/09/15 14:43:47.109, 1, NVIDIA RTX PRO 6000 Blackwell Server Edition, P0, 0, 0, 0, 97887, 49.02, 34, 180, 12481
2026/09/15 14:43:47.111, 2, NVIDIA RTX PRO 6000 Blackwell Server Edition, P0, 0, 0, 0, 97887, 50.76, 34, 180, 12481
2026/09/15 14:43:47.113, 3, NVIDIA RTX PRO 6000 Blackwell Server Edition, P0, 0, 0, 0, 97887, 48.60, 34, 180, 12481
2026/09/15 14:43:47.116, 4, NVIDIA RTX PRO 6000 Blackwell Server Edition, P0, 0, 0, 0, 97887, 48.17, 34, 180, 12481
2026/09/15 14:43:47.118, 5, NVIDIA RTX PRO 6000 Blackwell Server Edition, P0, 0, 0, 0, 97887, 48.74, 34, 180, 12481
2026/09/15 14:43:47.120, 6, NVIDIA RTX PRO 6000 Blackwell Server Edition, P0, 0, 0, 0, 97887, 48.54, 34, 180, 12481
2026/09/15 14:43:47.122, 7, NVIDIA RTX PRO 6000 Blackwell Server Edition, P0, 0, 0, 0, 97887, 47.08, 34, 180, 12481
2026/09/15 14:43:48.194, 0, NVIDIA RTX PRO 6000 Blackwell Server Edition, P0, 0, 0, 0, 97887, 48.82, 34, 180, 12481
2026/09/15 14:43:48.196, 1, NVIDIA RTX PRO 6000 Blackwell Server Edition, P0, 0, 0, 0, 97887, 49.02, 34, 180, 12481
2026/09/15 14:43:48.198, 2, NVIDIA RTX PRO 6000 Blackwell Server Edition, P0, 0, 0, 0, 97887, 50.76, 34, 180, 12481
2026/09/15 14:43:48.200, 3, NVIDIA RTX PRO 6000 Blackwell Server Edition, P0, 0, 0, 0, 97887, 48.59, 34, 180, 12481
2026/09/15 14:43:48.203, 4, NVIDIA RTX PRO 6000 Blackwell Server Edition, P0, 0, 0, 0, 97887, 48.15, 34, 180, 12481
2026/09/15 14:43:48.205, 5, NVIDIA RTX PRO 6000 Blackwell Server Edition, P0, 0, 0, 0, 97887, 48.73, 34, 180, 12481
2026/09/15 14:43:48.207, 6, NVIDIA RTX PRO 6000 Blackwell Server Edition, P0, 0, 0, 0, 97887, 48.54, 34, 180, 12481
2026/09/15 14:43:48.209, 7, NVIDIA RTX PRO 6000 Blackwell Server Edition, P0, 0, 0, 0, 97887, 47.08, 34, 180, 12481
2026/09/15 14:43:49.279, 0, NVIDIA RTX PRO 6000 Blackwell Server Edition, P0, 0, 0, 0, 97887, 48.87, 34, 180, 12481
2026/09/15 14:43:49.281, 1, NVIDIA RTX PRO 6000 Blackwell Server Edition, P0, 0, 0, 0, 97887, 49.02, 34, 180, 12481
2026/09/15 14:43:49.284, 2, NVIDIA RTX PRO 6000 Blackwell Server Edition, P0, 0, 0, 0, 97887, 50.76, 34, 180, 12481
2026/09/15 14:43:49.286, 3, NVIDIA RTX PRO 6000 Blackwell Server Edition, P0, 0, 0, 0, 97887, 48.59, 34, 180, 12481
2026/09/15 14:43:49.288, 4, NVIDIA RTX PRO 6000 Blackwell Server Edition, P0, 0, 0, 0, 97887, 48.17, 34, 180, 12481
2026/09/15 14:43:49.290, 5, NVIDIA RTX PRO 6000 Blackwell Server Edition, P0, 0, 0, 0, 97887, 48.75, 34, 180, 12481
2026/09/15 14:43:49.293, 6, NVIDIA RTX PRO 6000 Blackwell Server Edition, P0, 0, 0, 0, 97887, 48.54, 34, 180, 12481
2026/09/15 14:43:49.295, 7, NVIDIA RTX PRO 6000 Blackwell Server Edition, P0, 0, 0, 0, 97887, 47.08, 34, 180, 12481
2026/09/15 14:43:50.367, 0, NVIDIA RTX PRO 6000 Blackwell Server Edition, P0, 0, 0, 0, 97887, 48.86, 34, 180, 12481
2026/09/15 14:43:50.369, 1, NVIDIA RTX PRO 6000 Blackwell Server Edition, P0, 0, 0, 0, 97887, 49.02, 34, 180, 12481
2026/09/15 14:43:50.371, 2, NVIDIA RTX PRO 6000 Blackwell Server Edition, P0, 0, 0, 0, 97887, 50.71, 34, 180, 12481
2026/09/15 14:43:50.373, 3, NVIDIA RTX PRO 6000 Blackwell Server Edition, P0, 0, 0, 0, 97887, 48.60, 34, 180, 12481
2026/09/15 14:43:50.376, 4, NVIDIA RTX PRO 6000 Blackwell Server Edition, P0, 0, 0, 0, 97887, 48.18, 34, 180, 12481
2026/09/15 14:43:50.378, 5, NVIDIA RTX PRO 6000 Blackwell Server Edition, P0, 0, 0, 0, 97887, 48.74, 34, 180, 12481
2026/09/15 14:43:50.380, 6, NVIDIA RTX PRO 6000 Blackwell Server Edition, P0, 0, 0, 0, 97887, 48.55, 34, 180, 12481
2026/09/15 14:43:50.382, 7, NVIDIA RTX PRO 6000 Blackwell Server Edition, P0, 0, 0, 0, 97887, 47.08, 34, 180, 12481
2026/09/15 14:43:51.453, 0, NVIDIA RTX PRO 6000 Blackwell Server Edition, P0, 0, 0, 0, 97887, 48.82, 34, 180, 12481
2026/09/15 14:43:51.456, 1, NVIDIA RTX PRO 6000 Blackwell Server Edition, P0, 0, 0, 0, 97887, 49.02, 34, 180, 12481
2026/09/15 14:43:51.458, 2, NVIDIA RTX PRO 6000 Blackwell Server Edition, P0, 0, 0, 0, 97887, 50.74, 34, 180, 12481
2026/09/15 14:43:51.460, 3, NVIDIA RTX PRO 6000 Blackwell Server Edition, P0, 0, 0, 0, 97887, 48.60, 34, 180, 12481
2026/09/15 14:43:51.462, 4, NVIDIA RTX PRO 6000 Blackwell Server Edition, P0, 0, 0, 0, 97887, 48.16, 34, 180, 12481
2026/09/15 14:43:51.465, 5, NVIDIA RTX PRO 6000 Blackwell Server Edition, P0, 0, 0, 0, 97887, 48.79, 34, 180, 12481
2026/09/15 14:43:51.467, 6, NVIDIA RTX PRO 6000 Blackwell Server Edition, P0, 0, 0, 0, 97887, 48.55, 34, 180, 12481
2026/09/15 14:43:51.469, 7, NVIDIA RTX PRO 6000 Blackwell Server Edition, P0, 0, 0, 0, 97887, 47.08, 34, 180, 12481
2026/09/15 14:43:52.538, 0, NVIDIA RTX PRO 6000 Blackwell Server Edition, P0, 0, 0, 0, 97887, 48.86, 34, 172, 12481
2026/09/15 14:43:52.541, 1, NVIDIA RTX PRO 6000 Blackwell Server Edition, P0, 0, 0, 0, 97887, 49.02, 34, 180, 12481
2026/09/15 14:43:52.543, 2, NVIDIA RTX PRO 6000 Blackwell Server Edition, P0, 0, 0, 0, 97887, 50.75, 34, 180, 12481
2026/09/15 14:43:52.545, 3, NVIDIA RTX PRO 6000 Blackwell Server Edition, P0, 0, 0, 0, 97887, 48.60, 34, 180, 12481
2026/09/15 14:43:52.547, 4, NVIDIA RTX PRO 6000 Blackwell Server Edition, P0, 0, 0, 0, 97887, 48.16, 34, 180, 12481
2026/09/15 14:43:52.549, 5, NVIDIA RTX PRO 6000 Blackwell Server Edition, P0, 0, 0, 0, 97887, 48.75, 34, 180, 12481
2026/09/15 14:43:52.552, 6, NVIDIA RTX PRO 6000 Blackwell Server Edition, P0, 0, 0, 0, 97887, 48.54, 34, 180, 12481
2026/09/15 14:43:52.554, 7, NVIDIA RTX PRO 6000 Blackwell Server Edition, P0, 0, 0, 0, 97887, 47.08, 34, 180, 12481
2026/09/15 14:43:53.623, 0, NVIDIA RTX PRO 6000 Blackwell Server Edition, P0, 0, 0, 0, 97887, 48.87, 34, 180, 12481
2026/09/15 14:43:53.625, 1, NVIDIA RTX PRO 6000 Blackwell Server Edition, P0, 0, 0, 0, 97887, 49.02, 34, 180, 12481
2026/09/15 14:43:53.627, 2, NVIDIA RTX PRO 6000 Blackwell Server Edition, P0, 0, 0, 0, 97887, 50.81, 34, 180, 12481
2026/09/15 14:43:53.629, 3, NVIDIA RTX PRO 6000 Blackwell Server Edition, P0, 0, 0, 0, 97887, 48.59, 34, 180, 12481
2026/09/15 14:43:53.632, 4, NVIDIA RTX PRO 6000 Blackwell Server Edition, P0, 0, 0, 0, 97887, 48.15, 34, 180, 12481
2026/09/15 14:43:53.634, 5, NVIDIA RTX PRO 6000 Blackwell Server Edition, P0, 0, 0, 0, 97887, 48.74, 34, 180, 12481
2026/09/15 14:43:53.636, 6, NVIDIA RTX PRO 6000 Blackwell Server Edition, P0, 0, 0, 0, 97887, 48.52, 34, 180, 12481
2026/09/15 14:43:53.638, 7, NVIDIA RTX PRO 6000 Blackwell Server Edition, P0, 0, 0, 0, 97887, 47.08, 34, 180, 12481
2026/09/15 14:43:54.708, 0, NVIDIA RTX PRO 6000 Blackwell Server Edition, P0, 0, 0, 0, 97887, 48.90, 34, 180, 12481
2026/09/15 14:43:54.710, 1, NVIDIA RTX PRO 6000 Blackwell Server Edition, P0, 0, 0, 0, 97887, 49.02, 34, 180, 12481
2026/09/15 14:43:54.712, 2, NVIDIA RTX PRO 6000 Blackwell Server Edition, P0, 0, 0, 0, 97887, 50.79, 34, 180, 12481
2026/09/15 14:43:54.715, 3, NVIDIA RTX PRO 6000 Blackwell Server Edition, P0, 0, 0, 0, 97887, 48.60, 34, 180, 12481
2026/09/15 14:43:54.717, 4, NVIDIA RTX PRO 6000 Blackwell Server Edition, P0, 0, 0, 0, 97887, 48.15, 34, 180, 12481
2026/09/15 14:43:54.719, 5, NVIDIA RTX PRO 6000 Blackwell Server Edition, P0, 0, 0, 0, 97887, 48.76, 34, 180, 12481
2026/09/15 14:43:54.721, 6, NVIDIA RTX PRO 6000 Blackwell Server Edition, P0, 0, 0, 0, 97887, 48.52, 34, 180, 12481
2026/09/15 14:43:54.723, 7, NVIDIA RTX PRO 6000 Blackwell Server Edition, P0, 0, 0, 0, 97887, 47.08, 34, 180, 12481
2026/09/15 14:43:55.792, 0, NVIDIA RTX PRO 6000 Blackwell Server Edition, P0, 0, 0, 0, 97887, 48.80, 33, 180, 12481
2026/09/15 14:43:55.795, 1, NVIDIA RTX PRO 6000 Blackwell Server Edition, P0, 0, 0, 0, 97887, 49.02, 34, 180, 12481
2026/09/15 14:43:55.797, 2, NVIDIA RTX PRO 6000 Blackwell Server Edition, P0, 0, 0, 0, 97887, 50.72, 34, 180, 12481
2026/09/15 14:43:55.799, 3, NVIDIA RTX PRO 6000 Blackwell Server Edition, P0, 0, 0, 0, 97887, 48.59, 34, 180, 12481
2026/09/15 14:43:55.801, 4, NVIDIA RTX PRO 6000 Blackwell Server Edition, P0, 0, 0, 0, 97887, 48.16, 34, 180, 12481
2026/09/15 14:43:55.803, 5, NVIDIA RTX PRO 6000 Blackwell Server Edition, P0, 0, 0, 0, 97887, 48.73, 34, 180, 12481
2026/09/15 14:43:55.806, 6, NVIDIA RTX PRO 6000 Blackwell Server Edition, P0, 0, 0, 0, 97887, 48.53, 34, 180, 12481
2026/09/15 14:43:55.808, 7, NVIDIA RTX PRO 6000 Blackwell Server Edition, P0, 0, 0, 0, 97887, 47.08, 34, 180, 12481
2026/09/15 14:43:56.880, 0, NVIDIA RTX PRO 6000 Blackwell Server Edition, P0, 0, 0, 0, 97887, 48.83, 34, 180, 12481
2026/09/15 14:43:56.882, 1, NVIDIA RTX PRO 6000 Blackwell Server Edition, P0, 0, 0, 0, 97887, 49.02, 34, 180, 12481
2026/09/15 14:43:56.884, 2, NVIDIA RTX PRO 6000 Blackwell Server Edition, P0, 0, 0, 0, 97887, 50.78, 34, 180, 12481
2026/09/15 14:43:56.887, 3, NVIDIA RTX PRO 6000 Blackwell Server Edition, P0, 0, 0, 0, 97887, 48.60, 34, 180, 12481
2026/09/15 14:43:56.889, 4, NVIDIA RTX PRO 6000 Blackwell Server Edition, P0, 0, 0, 0, 97887, 48.16, 34, 180, 12481
2026/09/15 14:43:56.891, 5, NVIDIA RTX PRO 6000 Blackwell Server Edition, P0, 0, 0, 0, 97887, 48.80, 34, 180, 12481
2026/09/15 14:43:56.893, 6, NVIDIA RTX PRO 6000 Blackwell Server Edition, P0, 0, 0, 0, 97887, 48.53, 34, 180, 12481
2026/09/15 14:43:56.896, 7, NVIDIA RTX PRO 6000 Blackwell Server Edition, P0, 0, 0, 0, 97887, 47.08, 34, 180, 12481
2026/09/15 14:43:57.967, 0, NVIDIA RTX PRO 6000 Blackwell Server Edition, P0, 0, 0, 0, 97887, 48.83, 34, 180, 12481
2026/09/15 14:43:57.969, 1, NVIDIA RTX PRO 6000 Blackwell Server Edition, P0, 0, 0, 0, 97887, 49.02, 34, 180, 12481
2026/09/15 14:43:57.972, 2, NVIDIA RTX PRO 6000 Blackwell Server Edition, P0, 0, 0, 0, 97887, 50.82, 34, 180, 12481
2026/09/15 14:43:57.974, 3, NVIDIA RTX PRO 6000 Blackwell Server Edition, P0, 0, 0, 0, 97887, 48.60, 34, 180, 12481
2026/09/15 14:43:57.976, 4, NVIDIA RTX PRO 6000 Blackwell Server Edition, P0, 0, 0, 0, 97887, 48.16, 34, 180, 12481
2026/09/15 14:43:57.978, 5, NVIDIA RTX PRO 6000 Blackwell Server Edition, P0, 0, 0, 0, 97887, 48.73, 34, 180, 12481
2026/09/15 14:43:57.980, 6, NVIDIA RTX PRO 6000 Blackwell Server Edition, P0, 0, 0, 0, 97887, 48.54, 34, 180, 12481
2026/09/15 14:43:57.983, 7, NVIDIA RTX PRO 6000 Blackwell Server Edition, P0, 0, 0, 0, 97887, 47.08, 34, 180, 12481
2026/09/15 14:43:59.053, 0, NVIDIA RTX PRO 6000 Blackwell Server Edition, P0, 0, 0, 0, 97887, 48.84, 33, 180, 12481
2026/09/15 14:43:59.056, 1, NVIDIA RTX PRO 6000 Blackwell Server Edition, P0, 0, 0, 0, 97887, 49.02, 34, 180, 12481
2026/09/15 14:43:59.058, 2, NVIDIA RTX PRO 6000 Blackwell Server Edition, P0, 0, 0, 0, 97887, 50.74, 34, 180, 12481
2026/09/15 14:43:59.060, 3, NVIDIA RTX PRO 6000 Blackwell Server Edition, P0, 0, 0, 0, 97887, 48.60, 34, 180, 12481
2026/09/15 14:43:59.063, 4, NVIDIA RTX PRO 6000 Blackwell Server Edition, P0, 0, 0, 0, 97887, 48.14, 34, 180, 12481
2026/09/15 14:43:59.065, 5, NVIDIA RTX PRO 6000 Blackwell Server Edition, P0, 0, 0, 0, 97887, 48.76, 34, 180, 12481
2026/09/15 14:43:59.068, 6, NVIDIA RTX PRO 6000 Blackwell Server Edition, P0, 0, 0, 0, 97887, 48.54, 34, 180, 12481
2026/09/15 14:43:59.070, 7, NVIDIA RTX PRO 6000 Blackwell Server Edition, P0, 0, 0, 0, 97887, 47.08, 34, 180, 12481
2026/09/15 14:44:00.142, 0, NVIDIA RTX PRO 6000 Blackwell Server Edition, P0, 0, 0, 0, 97887, 48.84, 34, 180, 12481
2026/09/15 14:44:00.144, 1, NVIDIA RTX PRO 6000 Blackwell Server Edition, P0, 0, 0, 0, 97887, 49.02, 34, 180, 12481
2026/09/15 14:44:00.146, 2, NVIDIA RTX PRO 6000 Blackwell Server Edition, P0, 0, 0, 0, 97887, 50.76, 34, 180, 12481
2026/09/15 14:44:00.148, 3, NVIDIA RTX PRO 6000 Blackwell Server Edition, P0, 0, 0, 0, 97887, 48.60, 34, 180, 12481
2026/09/15 14:44:00.151, 4, NVIDIA RTX PRO 6000 Blackwell Server Edition, P0, 0, 0, 0, 97887, 48.15, 34, 180, 12481
2026/09/15 14:44:00.153, 5, NVIDIA RTX PRO 6000 Blackwell Server Edition, P0, 0, 0, 0, 97887, 48.81, 34, 180, 12481
2026/09/15 14:44:00.155, 6, NVIDIA RTX PRO 6000 Blackwell Server Edition, P0, 0, 0, 0, 97887, 48.54, 34, 180, 12481
2026/09/15 14:44:00.157, 7, NVIDIA RTX PRO 6000 Blackwell Server Edition, P0, 0, 0, 0, 97887, 47.09, 34, 180, 12481
2026/09/15 14:44:01.229, 0, NVIDIA RTX PRO 6000 Blackwell Server Edition, P0, 0, 0, 0, 97887, 48.80, 34, 180, 12481
2026/09/15 14:44:01.231, 1, NVIDIA RTX PRO 6000 Blackwell Server Edition, P0, 0, 0, 0, 97887, 49.02, 34, 180, 12481
2026/09/15 14:44:01.233, 2, NVIDIA RTX PRO 6000 Blackwell Server Edition, P0, 0, 0, 0, 97887, 50.78, 34, 180, 12481
2026/09/15 14:44:01.236, 3, NVIDIA RTX PRO 6000 Blackwell Server Edition, P0, 0, 0, 0, 97887, 48.60, 34, 180, 12481
2026/09/15 14:44:01.238, 4, NVIDIA RTX PRO 6000 Blackwell Server Edition, P0, 0, 0, 0, 97887, 48.15, 34, 180, 12481
2026/09/15 14:44:01.240, 5, NVIDIA RTX PRO 6000 Blackwell Server Edition, P0, 0, 0, 0, 97887, 48.76, 34, 180, 12481
2026/09/15 14:44:01.242, 6, NVIDIA RTX PRO 6000 Blackwell Server Edition, P0, 0, 0, 0, 97887, 48.53, 34, 180, 12481
2026/09/15 14:44:01.244, 7, NVIDIA RTX PRO 6000 Blackwell Server Edition, P0, 0, 0, 0, 97887, 47.08, 34, 180, 12481
2026/09/15 14:44:02.314, 0, NVIDIA RTX PRO 6000 Blackwell Server Edition, P0, 0, 0, 0, 97887, 48.80, 33, 180, 12481
2026/09/15 14:44:02.317, 1, NVIDIA RTX PRO 6000 Blackwell Server Edition, P0, 0, 0, 0, 97887, 49.02, 34, 180, 12481
2026/09/15 14:44:02.319, 2, NVIDIA RTX PRO 6000 Blackwell Server Edition, P0, 0, 0, 0, 97887, 50.77, 34, 180, 12481
2026/09/15 14:44:02.321, 3, NVIDIA RTX PRO 6000 Blackwell Server Edition, P0, 0, 0, 0, 97887, 48.60, 34, 180, 12481
2026/09/15 14:44:02.323, 4, NVIDIA RTX PRO 6000 Blackwell Server Edition, P0, 0, 0, 0, 97887, 48.15, 34, 180, 12481
2026/09/15 14:44:02.326, 5, NVIDIA RTX PRO 6000 Blackwell Server Edition, P0, 0, 0, 0, 97887, 48.76, 34, 180, 12481
2026/09/15 14:44:02.328, 6, NVIDIA RTX PRO 6000 Blackwell Server Edition, P0, 0, 0, 0, 97887, 48.53, 34, 180, 12481
2026/09/15 14:44:02.330, 7, NVIDIA RTX PRO 6000 Blackwell Server Edition, P0, 0, 0, 0, 97887, 47.08, 34, 180, 12481
2026/09/15 14:44:03.402, 0, NVIDIA RTX PRO 6000 Blackwell Server Edition, P0, 0, 0, 0, 97887, 48.84, 34, 180, 12481
2026/09/15 14:44:03.404, 1, NVIDIA RTX PRO 6000 Blackwell Server Edition, P0, 0, 0, 0, 97887, 49.03, 34, 180, 12481
2026/09/15 14:44:03.407, 2, NVIDIA RTX PRO 6000 Blackwell Server Edition, P0, 0, 0, 0, 97887, 50.65, 34, 180, 12481
2026/09/15 14:44:03.409, 3, NVIDIA RTX PRO 6000 Blackwell Server Edition, P0, 0, 0, 0, 97887, 48.60, 34, 180, 12481
2026/09/15 14:44:03.411, 4, NVIDIA RTX PRO 6000 Blackwell Server Edition, P0, 0, 0, 0, 97887, 48.16, 34, 180, 12481
2026/09/15 14:44:03.413, 5, NVIDIA RTX PRO 6000 Blackwell Server Edition, P0, 0, 0, 0, 97887, 48.75, 34, 180, 12481
2026/09/15 14:44:03.415, 6, NVIDIA RTX PRO 6000 Blackwell Server Edition, P0, 0, 0, 0, 97887, 48.52, 34, 180, 12481
2026/09/15 14:44:03.418, 7, NVIDIA RTX PRO 6000 Blackwell Server Edition, P0, 0, 0, 0, 97887, 47.08, 34, 180, 12481
2026/09/15 14:44:04.489, 0, NVIDIA RTX PRO 6000 Blackwell Server Edition, P0, 0, 0, 0, 97887, 48.83, 34, 180, 12481
2026/09/15 14:44:04.491, 1, NVIDIA RTX PRO 6000 Blackwell Server Edition, P0, 0, 0, 0, 97887, 49.02, 34, 180, 12481
2026/09/15 14:44:04.494, 2, NVIDIA RTX PRO 6000 Blackwell Server Edition, P0, 0, 0, 0, 97887, 50.75, 34, 180, 12481
2026/09/15 14:44:04.496, 3, NVIDIA RTX PRO 6000 Blackwell Server Edition, P0, 0, 0, 0, 97887, 48.59, 34, 180, 12481
2026/09/15 14:44:04.499, 4, NVIDIA RTX PRO 6000 Blackwell Server Edition, P0, 0, 0, 0, 97887, 48.15, 34, 180, 12481
2026/09/15 14:44:04.501, 5, NVIDIA RTX PRO 6000 Blackwell Server Edition, P0, 0, 0, 0, 97887, 48.78, 34, 180, 12481
2026/09/15 14:44:04.503, 6, NVIDIA RTX PRO 6000 Blackwell Server Edition, P0, 0, 0, 0, 97887, 48.53, 34, 180, 12481
2026/09/15 14:44:04.505, 7, NVIDIA RTX PRO 6000 Blackwell Server Edition, P0, 0, 0, 0, 97887, 47.08, 34, 180, 12481
2026/09/15 14:44:05.577, 0, NVIDIA RTX PRO 6000 Blackwell Server Edition, P0, 0, 0, 0, 97887, 48.85, 34, 180, 12481
2026/09/15 14:44:05.579, 1, NVIDIA RTX PRO 6000 Blackwell Server Edition, P0, 0, 0, 0, 97887, 49.02, 34, 180, 12481
2026/09/15 14:44:05.581, 2, NVIDIA RTX PRO 6000 Blackwell Server Edition, P0, 0, 0, 0, 97887, 50.72, 34, 180, 12481
2026/09/15 14:44:05.583, 3, NVIDIA RTX PRO 6000 Blackwell Server Edition, P0, 0, 0, 0, 97887, 48.60, 34, 180, 12481
2026/09/15 14:44:05.586, 4, NVIDIA RTX PRO 6000 Blackwell Server Edition, P0, 0, 0, 0, 97887, 48.15, 34, 180, 12481
2026/09/15 14:44:05.588, 5, NVIDIA RTX PRO 6000 Blackwell Server Edition, P0, 0, 0, 0, 97887, 48.74, 34, 180, 12481
2026/09/15 14:44:05.590, 6, NVIDIA RTX PRO 6000 Blackwell Server Edition, P0, 0, 0, 0, 97887, 48.53, 34, 180, 12481
2026/09/15 14:44:05.592, 7, NVIDIA RTX PRO 6000 Blackwell Server Edition, P0, 0, 0, 0, 97887, 47.08, 34, 180, 12481
2026/09/15 14:44:06.662, 0, NVIDIA RTX PRO 6000 Blackwell Server Edition, P0, 0, 0, 0, 97887, 48.76, 33, 180, 12481
2026/09/15 14:44:06.664, 1, NVIDIA RTX PRO 6000 Blackwell Server Edition, P0, 0, 0, 0, 97887, 49.02, 34, 180, 12481
2026/09/15 14:44:06.666, 2, NVIDIA RTX PRO 6000 Blackwell Server Edition, P0, 0, 0, 0, 97887, 50.81, 34, 180, 12481
2026/09/15 14:44:06.668, 3, NVIDIA RTX PRO 6000 Blackwell Server Edition, P0, 0, 0, 0, 97887, 48.59, 34, 180, 12481
2026/09/15 14:44:06.671, 4, NVIDIA RTX PRO 6000 Blackwell Server Edition, P0, 0, 0, 0, 97887, 48.15, 34, 180, 12481
2026/09/15 14:44:06.673, 5, NVIDIA RTX PRO 6000 Blackwell Server Edition, P0, 0, 0, 0, 97887, 48.79, 34, 180, 12481
2026/09/15 14:44:06.675, 6, NVIDIA RTX PRO 6000 Blackwell Server Edition, P0, 0, 0, 0, 97887, 48.52, 34, 180, 12481
2026/09/15 14:44:06.677, 7, NVIDIA RTX PRO 6000 Blackwell Server Edition, P0, 0, 0, 0, 97887, 47.08, 34, 180, 12481
2026/09/15 14:44:07.747, 0, NVIDIA RTX PRO 6000 Blackwell Server Edition, P0, 0, 0, 0, 97887, 48.72, 34, 180, 12481
2026/09/15 14:44:07.749, 1, NVIDIA RTX PRO 6000 Blackwell Server Edition, P0, 0, 0, 0, 97887, 49.03, 34, 180, 12481
2026/09/15 14:44:07.751, 2, NVIDIA RTX PRO 6000 Blackwell Server Edition, P0, 0, 0, 0, 97887, 50.77, 34, 180, 12481
2026/09/15 14:44:07.754, 3, NVIDIA RTX PRO 6000 Blackwell Server Edition, P0, 0, 0, 0, 97887, 48.60, 34, 180, 12481
2026/09/15 14:44:07.756, 4, NVIDIA RTX PRO 6000 Blackwell Server Edition, P0, 0, 0, 0, 97887, 48.15, 34, 180, 12481
2026/09/15 14:44:07.758, 5, NVIDIA RTX PRO 6000 Blackwell Server Edition, P0, 0, 0, 0, 97887, 48.75, 34, 180, 12481
2026/09/15 14:44:07.760, 6, NVIDIA RTX PRO 6000 Blackwell Server Edition, P0, 0, 0, 0, 97887, 48.54, 34, 172, 12481
2026/09/15 14:44:07.762, 7, NVIDIA RTX PRO 6000 Blackwell Server Edition, P0, 0, 0, 0, 97887, 47.08, 34, 180, 12481
2026/09/15 14:44:08.831, 0, NVIDIA RTX PRO 6000 Blackwell Server Edition, P0, 0, 0, 0, 97887, 48.70, 34, 180, 12481
2026/09/15 14:44:08.834, 1, NVIDIA RTX PRO 6000 Blackwell Server Edition, P0, 0, 0, 0, 97887, 49.02, 34, 180, 12481
2026/09/15 14:44:08.836, 2, NVIDIA RTX PRO 6000 Blackwell Server Edition, P0, 0, 0, 0, 97887, 50.71, 34, 180, 12481
2026/09/15 14:44:08.838, 3, NVIDIA RTX PRO 6000 Blackwell Server Edition, P0, 0, 0, 0, 97887, 48.60, 34, 180, 12481
2026/09/15 14:44:08.840, 4, NVIDIA RTX PRO 6000 Blackwell Server Edition, P0, 0, 0, 0, 97887, 48.15, 34, 180, 12481
2026/09/15 14:44:08.842, 5, NVIDIA RTX PRO 6000 Blackwell Server Edition, P0, 0, 0, 0, 97887, 48.76, 34, 180, 12481
2026/09/15 14:44:08.845, 6, NVIDIA RTX PRO 6000 Blackwell Server Edition, P0, 0, 0, 0, 97887, 48.54, 34, 180, 12481
2026/09/15 14:44:08.847, 7, NVIDIA RTX PRO 6000 Blackwell Server Edition, P0, 0, 0, 0, 97887, 47.08, 34, 180, 12481
2026/09/15 14:44:09.918, 0, NVIDIA RTX PRO 6000 Blackwell Server Edition, P0, 0, 0, 0, 97887, 48.74, 33, 180, 12481
2026/09/15 14:44:09.921, 1, NVIDIA RTX PRO 6000 Blackwell Server Edition, P0, 0, 0, 0, 97887, 49.02, 34, 180, 12481
2026/09/15 14:44:09.923, 2, NVIDIA RTX PRO 6000 Blackwell Server Edition, P0, 0, 0, 0, 97887, 50.71, 34, 180, 12481
2026/09/15 14:44:09.925, 3, NVIDIA RTX PRO 6000 Blackwell Server Edition, P0, 0, 0, 0, 97887, 48.60, 34, 180, 12481
2026/09/15 14:44:09.927, 4, NVIDIA RTX PRO 6000 Blackwell Server Edition, P0, 0, 0, 0, 97887, 48.15, 34, 180, 12481
2026/09/15 14:44:09.929, 5, NVIDIA RTX PRO 6000 Blackwell Server Edition, P0, 0, 0, 0, 97887, 48.72, 34, 180, 12481
2026/09/15 14:44:09.932, 6, NVIDIA RTX PRO 6000 Blackwell Server Edition, P0, 0, 0, 0, 97887, 48.53, 34, 180, 12481
2026/09/15 14:44:09.934, 7, NVIDIA RTX PRO 6000 Blackwell Server Edition, P0, 0, 0, 0, 97887, 47.08, 34, 180, 12481
2026/09/15 14:44:11.005, 0, NVIDIA RTX PRO 6000 Blackwell Server Edition, P0, 0, 0, 0, 97887, 48.67, 34, 180, 12481
2026/09/15 14:44:11.007, 1, NVIDIA RTX PRO 6000 Blackwell Server Edition, P0, 0, 0, 0, 97887, 49.02, 34, 180, 12481
2026/09/15 14:44:11.010, 2, NVIDIA RTX PRO 6000 Blackwell Server Edition, P0, 0, 0, 0, 97887, 50.74, 34, 180, 12481
2026/09/15 14:44:11.012, 3, NVIDIA RTX PRO 6000 Blackwell Server Edition, P0, 0, 0, 0, 97887, 48.60, 34, 180, 12481
2026/09/15 14:44:11.014, 4, NVIDIA RTX PRO 6000 Blackwell Server Edition, P0, 0, 0, 0, 97887, 48.15, 34, 180, 12481
2026/09/15 14:44:11.016, 5, NVIDIA RTX PRO 6000 Blackwell Server Edition, P0, 0, 0, 0, 97887, 48.73, 34, 180, 12481
2026/09/15 14:44:11.018, 6, NVIDIA RTX PRO 6000 Blackwell Server Edition, P0, 0, 0, 0, 97887, 48.54, 34, 180, 12481
2026/09/15 14:44:11.021, 7, NVIDIA RTX PRO 6000 Blackwell Server Edition, P0, 0, 0, 0, 97887, 47.08, 34, 180, 12481
2026/09/15 14:44:12.090, 0, NVIDIA RTX PRO 6000 Blackwell Server Edition, P0, 0, 0, 0, 97887, 48.72, 34, 180, 12481
2026/09/15 14:44:12.093, 1, NVIDIA RTX PRO 6000 Blackwell Server Edition, P0, 0, 0, 0, 97887, 49.02, 34, 180, 12481
2026/09/15 14:44:12.095, 2, NVIDIA RTX PRO 6000 Blackwell Server Edition, P0, 0, 0, 0, 97887, 50.80, 34, 180, 12481
2026/09/15 14:44:12.097, 3, NVIDIA RTX PRO 6000 Blackwell Server Edition, P0, 0, 0, 0, 97887, 48.60, 34, 180, 12481
2026/09/15 14:44:12.099, 4, NVIDIA RTX PRO 6000 Blackwell Server Edition, P0, 0, 0, 0, 97887, 48.15, 34, 180, 12481
2026/09/15 14:44:12.101, 5, NVIDIA RTX PRO 6000 Blackwell Server Edition, P0, 0, 0, 0, 97887, 48.74, 34, 180, 12481
2026/09/15 14:44:12.104, 6, NVIDIA RTX PRO 6000 Blackwell Server Edition, P0, 0, 0, 0, 97887, 48.55, 34, 180, 12481
2026/09/15 14:44:12.106, 7, NVIDIA RTX PRO 6000 Blackwell Server Edition, P0, 0, 0, 0, 97887, 47.08, 34, 180, 12481
2026/09/15 14:44:13.175, 0, NVIDIA RTX PRO 6000 Blackwell Server Edition, P0, 0, 0, 0, 97887, 48.71, 33, 180, 12481
2026/09/15 14:44:13.178, 1, NVIDIA RTX PRO 6000 Blackwell Server Edition, P0, 0, 0, 0, 97887, 49.02, 34, 180, 12481
2026/09/15 14:44:13.180, 2, NVIDIA RTX PRO 6000 Blackwell Server Edition, P0, 0, 0, 0, 97887, 50.77, 34, 180, 12481
2026/09/15 14:44:13.182, 3, NVIDIA RTX PRO 6000 Blackwell Server Edition, P0, 0, 0, 0, 97887, 48.60, 34, 180, 12481
2026/09/15 14:44:13.184, 4, NVIDIA RTX PRO 6000 Blackwell Server Edition, P0, 0, 0, 0, 97887, 48.16, 34, 180, 12481
2026/09/15 14:44:13.187, 5, NVIDIA RTX PRO 6000 Blackwell Server Edition, P0, 0, 0, 0, 97887, 48.72, 34, 172, 12481
2026/09/15 14:44:13.189, 6, NVIDIA RTX PRO 6000 Blackwell Server Edition, P0, 0, 0, 0, 97887, 48.55, 34, 180, 12481
2026/09/15 14:44:13.191, 7, NVIDIA RTX PRO 6000 Blackwell Server Edition, P0, 0, 0, 0, 97887, 47.08, 34, 180, 12481
2026/09/15 14:44:14.263, 0, NVIDIA RTX PRO 6000 Blackwell Server Edition, P0, 0, 0, 0, 97887, 48.71, 34, 180, 12481
2026/09/15 14:44:14.266, 1, NVIDIA RTX PRO 6000 Blackwell Server Edition, P0, 0, 0, 0, 97887, 49.03, 34, 172, 12481
2026/09/15 14:44:14.268, 2, NVIDIA RTX PRO 6000 Blackwell Server Edition, P0, 0, 0, 0, 97887, 50.71, 34, 180, 12481
2026/09/15 14:44:14.270, 3, NVIDIA RTX PRO 6000 Blackwell Server Edition, P0, 0, 0, 0, 97887, 48.60, 34, 180, 12481
2026/09/15 14:44:14.272, 4, NVIDIA RTX PRO 6000 Blackwell Server Edition, P0, 0, 0, 0, 97887, 48.15, 34, 180, 12481
2026/09/15 14:44:14.274, 5, NVIDIA RTX PRO 6000 Blackwell Server Edition, P0, 0, 0, 0, 97887, 48.72, 34, 180, 12481
2026/09/15 14:44:14.277, 6, NVIDIA RTX PRO 6000 Blackwell Server Edition, P0, 0, 0, 0, 97887, 48.53, 34, 180, 12481
2026/09/15 14:44:14.279, 7, NVIDIA RTX PRO 6000 Blackwell Server Edition, P0, 0, 0, 0, 97887, 47.08, 34, 180, 12481
2026/09/15 14:44:15.349, 0, NVIDIA RTX PRO 6000 Blackwell Server Edition, P0, 0, 0, 0, 97887, 48.69, 33, 180, 12481
2026/09/15 14:44:15.351, 1, NVIDIA RTX PRO 6000 Blackwell Server Edition, P0, 0, 0, 0, 97887, 49.02, 34, 180, 12481
2026/09/15 14:44:15.354, 2, NVIDIA RTX PRO 6000 Blackwell Server Edition, P0, 0, 0, 0, 97887, 50.70, 34, 180, 12481
2026/09/15 14:44:15.356, 3, NVIDIA RTX PRO 6000 Blackwell Server Edition, P0, 0, 0, 0, 97887, 48.60, 34, 180, 12481
2026/09/15 14:44:15.358, 4, NVIDIA RTX PRO 6000 Blackwell Server Edition, P0, 0, 0, 0, 97887, 48.16, 34, 180, 12481
2026/09/15 14:44:15.360, 5, NVIDIA RTX PRO 6000 Blackwell Server Edition, P0, 0, 0, 0, 97887, 48.75, 34, 180, 12481
2026/09/15 14:44:15.362, 6, NVIDIA RTX PRO 6000 Blackwell Server Edition, P0, 0, 0, 0, 97887, 48.53, 34, 180, 12481
2026/09/15 14:44:15.365, 7, NVIDIA RTX PRO 6000 Blackwell Server Edition, P0, 0, 0, 0, 97887, 47.08, 34, 180, 12481
2026/09/15 14:44:16.438, 0, NVIDIA RTX PRO 6000 Blackwell Server Edition, P0, 0, 0, 0, 97887, 48.67, 33, 180, 12481
2026/09/15 14:44:16.440, 1, NVIDIA RTX PRO 6000 Blackwell Server Edition, P0, 0, 0, 0, 97887, 49.02, 34, 180, 12481
2026/09/15 14:44:16.442, 2, NVIDIA RTX PRO 6000 Blackwell Server Edition, P0, 0, 0, 0, 97887, 50.77, 34, 180, 12481
2026/09/15 14:44:16.444, 3, NVIDIA RTX PRO 6000 Blackwell Server Edition, P0, 0, 0, 0, 97887, 48.60, 34, 180, 12481
2026/09/15 14:44:16.447, 4, NVIDIA RTX PRO 6000 Blackwell Server Edition, P0, 0, 0, 0, 97887, 48.16, 34, 180, 12481
2026/09/15 14:44:16.449, 5, NVIDIA RTX PRO 6000 Blackwell Server Edition, P0, 0, 0, 0, 97887, 48.74, 34, 180, 12481
2026/09/15 14:44:16.451, 6, NVIDIA RTX PRO 6000 Blackwell Server Edition, P0, 0, 0, 0, 97887, 48.54, 34, 180, 12481
2026/09/15 14:44:16.453, 7, NVIDIA RTX PRO 6000 Blackwell Server Edition, P0, 0, 0, 0, 97887, 47.08, 34, 180, 12481
2026/09/15 14:44:17.522, 0, NVIDIA RTX PRO 6000 Blackwell Server Edition, P0, 0, 0, 0, 97887, 48.71, 34, 180, 12481
2026/09/15 14:44:17.524, 1, NVIDIA RTX PRO 6000 Blackwell Server Edition, P0, 0, 0, 0, 97887, 49.02, 34, 180, 12481
2026/09/15 14:44:17.527, 2, NVIDIA RTX PRO 6000 Blackwell Server Edition, P0, 0, 0, 0, 97887, 50.81, 34, 180, 12481
2026/09/15 14:44:17.529, 3, NVIDIA RTX PRO 6000 Blackwell Server Edition, P0, 0, 0, 0, 97887, 48.60, 34, 180, 12481
2026/09/15 14:44:17.531, 4, NVIDIA RTX PRO 6000 Blackwell Server Edition, P0, 0, 0, 0, 97887, 48.15, 34, 180, 12481
2026/09/15 14:44:17.533, 5, NVIDIA RTX PRO 6000 Blackwell Server Edition, P0, 0, 0, 0, 97887, 48.73, 34, 180, 12481
2026/09/15 14:44:17.535, 6, NVIDIA RTX PRO 6000 Blackwell Server Edition, P0, 0, 0, 0, 97887, 48.54, 34, 180, 12481
2026/09/15 14:44:17.538, 7, NVIDIA RTX PRO 6000 Blackwell Server Edition, P0, 0, 0, 0, 97887, 47.08, 34, 180, 12481
2026/09/15 14:44:18.609, 0, NVIDIA RTX PRO 6000 Blackwell Server Edition, P0, 0, 0, 0, 97887, 48.77, 34, 180, 12481
2026/09/15 14:44:18.611, 1, NVIDIA RTX PRO 6000 Blackwell Server Edition, P0, 0, 0, 0, 97887, 49.02, 34, 180, 12481
2026/09/15 14:44:18.613, 2, NVIDIA RTX PRO 6000 Blackwell Server Edition, P0, 0, 0, 0, 97887, 50.73, 34, 180, 12481
2026/09/15 14:44:18.616, 3, NVIDIA RTX PRO 6000 Blackwell Server Edition, P0, 0, 0, 0, 97887, 48.60, 34, 180, 12481
2026/09/15 14:44:18.618, 4, NVIDIA RTX PRO 6000 Blackwell Server Edition, P0, 0, 0, 0, 97887, 48.15, 34, 180, 12481
2026/09/15 14:44:18.620, 5, NVIDIA RTX PRO 6000 Blackwell Server Edition, P0, 0, 0, 0, 97887, 48.77, 34, 180, 12481
2026/09/15 14:44:18.622, 6, NVIDIA RTX PRO 6000 Blackwell Server Edition, P0, 0, 0, 0, 97887, 48.53, 34, 180, 12481
2026/09/15 14:44:18.624, 7, NVIDIA RTX PRO 6000 Blackwell Server Edition, P0, 0, 0, 0, 97887, 47.08, 34, 180, 12481
2026/09/15 14:44:19.693, 0, NVIDIA RTX PRO 6000 Blackwell Server Edition, P0, 0, 0, 0, 97887, 48.78, 33, 180, 12481
2026/09/15 14:44:19.695, 1, NVIDIA RTX PRO 6000 Blackwell Server Edition, P0, 0, 0, 0, 97887, 49.02, 34, 180, 12481
2026/09/15 14:44:19.697, 2, NVIDIA RTX PRO 6000 Blackwell Server Edition, P0, 0, 0, 0, 97887, 50.78, 34, 180, 12481
2026/09/15 14:44:19.700, 3, NVIDIA RTX PRO 6000 Blackwell Server Edition, P0, 0, 0, 0, 97887, 48.60, 34, 180, 12481
2026/09/15 14:44:19.702, 4, NVIDIA RTX PRO 6000 Blackwell Server Edition, P0, 0, 0, 0, 97887, 48.17, 34, 180, 12481
2026/09/15 14:44:19.704, 5, NVIDIA RTX PRO 6000 Blackwell Server Edition, P0, 0, 0, 0, 97887, 48.73, 34, 180, 12481
2026/09/15 14:44:19.706, 6, NVIDIA RTX PRO 6000 Blackwell Server Edition, P0, 0, 0, 0, 97887, 48.54, 34, 180, 12481
2026/09/15 14:44:19.708, 7, NVIDIA RTX PRO 6000 Blackwell Server Edition, P0, 0, 0, 0, 97887, 47.08, 34, 180, 12481
2026/09/15 14:44:20.781, 0, NVIDIA RTX PRO 6000 Blackwell Server Edition, P0, 0, 0, 0, 97887, 48.78, 34, 180, 12481
2026/09/15 14:44:20.784, 1, NVIDIA RTX PRO 6000 Blackwell Server Edition, P0, 0, 0, 0, 97887, 49.03, 34, 180, 12481
2026/09/15 14:44:20.786, 2, NVIDIA RTX PRO 6000 Blackwell Server Edition, P0, 0, 0, 0, 97887, 50.74, 34, 180, 12481
2026/09/15 14:44:20.788, 3, NVIDIA RTX PRO 6000 Blackwell Server Edition, P0, 0, 0, 0, 97887, 48.60, 34, 180, 12481
2026/09/15 14:44:20.790, 4, NVIDIA RTX PRO 6000 Blackwell Server Edition, P0, 0, 0, 0, 97887, 48.15, 34, 180, 12481
2026/09/15 14:44:20.792, 5, NVIDIA RTX PRO 6000 Blackwell Server Edition, P0, 0, 0, 0, 97887, 48.75, 34, 180, 12481
2026/09/15 14:44:20.795, 6, NVIDIA RTX PRO 6000 Blackwell Server Edition, P0, 0, 0, 0, 97887, 48.54, 34, 180, 12481
2026/09/15 14:44:20.797, 7, NVIDIA RTX PRO 6000 Blackwell Server Edition, P0, 0, 0, 0, 97887, 47.08, 34, 180, 12481
2026/09/15 14:44:21.866, 0, NVIDIA RTX PRO 6000 Blackwell Server Edition, P0, 0, 0, 0, 97887, 48.85, 34, 180, 12481
2026/09/15 14:44:21.869, 1, NVIDIA RTX PRO 6000 Blackwell Server Edition, P0, 0, 0, 0, 97887, 49.02, 34, 180, 12481
2026/09/15 14:44:21.872, 2, NVIDIA RTX PRO 6000 Blackwell Server Edition, P0, 0, 0, 0, 97887, 50.71, 34, 180, 12481
2026/09/15 14:44:21.874, 3, NVIDIA RTX PRO 6000 Blackwell Server Edition, P0, 0, 0, 0, 97887, 48.60, 34, 180, 12481
2026/09/15 14:44:21.876, 4, NVIDIA RTX PRO 6000 Blackwell Server Edition, P0, 0, 0, 0, 97887, 48.15, 34, 180, 12481
2026/09/15 14:44:21.878, 5, NVIDIA RTX PRO 6000 Blackwell Server Edition, P0, 0, 0, 0, 97887, 48.74, 34, 180, 12481
2026/09/15 14:44:21.880, 6, NVIDIA RTX PRO 6000 Blackwell Server Edition, P0, 0, 0, 0, 97887, 48.53, 34, 172, 12481
2026/09/15 14:44:21.883, 7, NVIDIA RTX PRO 6000 Blackwell Server Edition, P0, 0, 0, 0, 97887, 47.08, 34, 180, 12481
2026/09/15 14:44:22.953, 0, NVIDIA RTX PRO 6000 Blackwell Server Edition, P0, 0, 0, 0, 97887, 48.83, 33, 180, 12481
2026/09/15 14:44:22.955, 1, NVIDIA RTX PRO 6000 Blackwell Server Edition, P0, 0, 0, 0, 97887, 49.03, 34, 180, 12481
2026/09/15 14:44:22.957, 2, NVIDIA RTX PRO 6000 Blackwell Server Edition, P0, 0, 0, 0, 97887, 50.74, 34, 180, 12481
2026/09/15 14:44:22.959, 3, NVIDIA RTX PRO 6000 Blackwell Server Edition, P0, 0, 0, 0, 97887, 48.60, 34, 180, 12481
2026/09/15 14:44:22.962, 4, NVIDIA RTX PRO 6000 Blackwell Server Edition, P0, 0, 0, 0, 97887, 48.15, 34, 180, 12481
2026/09/15 14:44:22.964, 5, NVIDIA RTX PRO 6000 Blackwell Server Edition, P0, 0, 0, 0, 97887, 48.71, 34, 180, 12481
2026/09/15 14:44:22.966, 6, NVIDIA RTX PRO 6000 Blackwell Server Edition, P0, 0, 0, 0, 97887, 48.53, 34, 180, 12481
2026/09/15 14:44:22.968, 7, NVIDIA RTX PRO 6000 Blackwell Server Edition, P0, 0, 0, 0, 97887, 47.08, 34, 180, 12481
2026/09/15 14:44:24.038, 0, NVIDIA RTX PRO 6000 Blackwell Server Edition, P0, 0, 0, 0, 97887, 48.76, 34, 180, 12481
2026/09/15 14:44:24.041, 1, NVIDIA RTX PRO 6000 Blackwell Server Edition, P0, 0, 0, 0, 97887, 49.03, 34, 180, 12481
2026/09/15 14:44:24.043, 2, NVIDIA RTX PRO 6000 Blackwell Server Edition, P0, 0, 0, 0, 97887, 50.71, 34, 180, 12481
2026/09/15 14:44:24.045, 3, NVIDIA RTX PRO 6000 Blackwell Server Edition, P0, 0, 0, 0, 97887, 48.60, 34, 180, 12481
2026/09/15 14:44:24.047, 4, NVIDIA RTX PRO 6000 Blackwell Server Edition, P0, 0, 0, 0, 97887, 48.15, 34, 180, 12481
2026/09/15 14:44:24.049, 5, NVIDIA RTX PRO 6000 Blackwell Server Edition, P0, 0, 0, 0, 97887, 48.72, 34, 180, 12481
2026/09/15 14:44:24.052, 6, NVIDIA RTX PRO 6000 Blackwell Server Edition, P0, 0, 0, 0, 97887, 48.54, 34, 180, 12481
2026/09/15 14:44:24.054, 7, NVIDIA RTX PRO 6000 Blackwell Server Edition, P0, 0, 0, 0, 97887, 47.08, 34, 180, 12481
2026/09/15 14:44:25.125, 0, NVIDIA RTX PRO 6000 Blackwell Server Edition, P0, 0, 0, 0, 97887, 48.86, 34, 180, 12481
2026/09/15 14:44:25.127, 1, NVIDIA RTX PRO 6000 Blackwell Server Edition, P0, 0, 0, 0, 97887, 49.02, 34, 180, 12481
2026/09/15 14:44:25.130, 2, NVIDIA RTX PRO 6000 Blackwell Server Edition, P0, 0, 0, 0, 97887, 50.67, 34, 172, 12481
2026/09/15 14:44:25.132, 3, NVIDIA RTX PRO 6000 Blackwell Server Edition, P0, 0, 0, 0, 97887, 48.60, 34, 180, 12481
2026/09/15 14:44:25.134, 4, NVIDIA RTX PRO 6000 Blackwell Server Edition, P0, 0, 0, 0, 97887, 48.17, 34, 180, 12481
2026/09/15 14:44:25.136, 5, NVIDIA RTX PRO 6000 Blackwell Server Edition, P0, 0, 0, 0, 97887, 48.74, 34, 180, 12481
2026/09/15 14:44:25.139, 6, NVIDIA RTX PRO 6000 Blackwell Server Edition, P0, 0, 0, 0, 97887, 48.54, 34, 180, 12481
2026/09/15 14:44:25.141, 7, NVIDIA RTX PRO 6000 Blackwell Server Edition, P0, 0, 0, 0, 97887, 47.08, 34, 180, 12481
2026/09/15 14:44:26.209, 0, NVIDIA RTX PRO 6000 Blackwell Server Edition, P0, 0, 0, 0, 97887, 48.83, 33, 180, 12481
2026/09/15 14:44:26.212, 1, NVIDIA RTX PRO 6000 Blackwell Server Edition, P0, 0, 0, 0, 97887, 49.02, 34, 180, 12481
2026/09/15 14:44:26.214, 2, NVIDIA RTX PRO 6000 Blackwell Server Edition, P0, 0, 0, 0, 97887, 50.73, 34, 180, 12481
2026/09/15 14:44:26.216, 3, NVIDIA RTX PRO 6000 Blackwell Server Edition, P0, 0, 0, 0, 97887, 48.60, 34, 180, 12481
2026/09/15 14:44:26.218, 4, NVIDIA RTX PRO 6000 Blackwell Server Edition, P0, 0, 0, 0, 97887, 48.15, 34, 180, 12481
2026/09/15 14:44:26.221, 5, NVIDIA RTX PRO 6000 Blackwell Server Edition, P0, 0, 0, 0, 97887, 48.76, 34, 180, 12481
2026/09/15 14:44:26.223, 6, NVIDIA RTX PRO 6000 Blackwell Server Edition, P0, 0, 0, 0, 97887, 48.54, 34, 180, 12481
2026/09/15 14:44:26.225, 7, NVIDIA RTX PRO 6000 Blackwell Server Edition, P0, 0, 0, 0, 97887, 47.08, 34, 180, 12481
2026/09/15 14:44:27.296, 0, NVIDIA RTX PRO 6000 Blackwell Server Edition, P0, 0, 0, 0, 97887, 48.79, 34, 180, 12481
2026/09/15 14:44:27.299, 1, NVIDIA RTX PRO 6000 Blackwell Server Edition, P0, 0, 0, 0, 97887, 49.02, 34, 180, 12481
2026/09/15 14:44:27.301, 2, NVIDIA RTX PRO 6000 Blackwell Server Edition, P0, 0, 0, 0, 97887, 50.77, 34, 180, 12481
2026/09/15 14:44:27.303, 3, NVIDIA RTX PRO 6000 Blackwell Server Edition, P0, 0, 0, 0, 97887, 48.60, 34, 180, 12481
2026/09/15 14:44:27.305, 4, NVIDIA RTX PRO 6000 Blackwell Server Edition, P0, 0, 0, 0, 97887, 48.15, 34, 180, 12481
2026/09/15 14:44:27.308, 5, NVIDIA RTX PRO 6000 Blackwell Server Edition, P0, 0, 0, 0, 97887, 48.74, 34, 180, 12481
2026/09/15 14:44:27.310, 6, NVIDIA RTX PRO 6000 Blackwell Server Edition, P0, 0, 0, 0, 97887, 48.53, 34, 180, 12481
2026/09/15 14:44:27.312, 7, NVIDIA RTX PRO 6000 Blackwell Server Edition, P0, 0, 0, 0, 97887, 47.08, 34, 180, 12481
2026/09/15 14:44:28.383, 0, NVIDIA RTX PRO 6000 Blackwell Server Edition, P0, 0, 0, 0, 97887, 48.81, 34, 180, 12481
2026/09/15 14:44:28.386, 1, NVIDIA RTX PRO 6000 Blackwell Server Edition, P0, 0, 0, 0, 97887, 49.02, 34, 180, 12481
2026/09/15 14:44:28.388, 2, NVIDIA RTX PRO 6000 Blackwell Server Edition, P0, 0, 0, 0, 97887, 50.73, 34, 180, 12481
2026/09/15 14:44:28.390, 3, NVIDIA RTX PRO 6000 Blackwell Server Edition, P0, 0, 0, 0, 97887, 48.60, 34, 180, 12481
2026/09/15 14:44:28.392, 4, NVIDIA RTX PRO 6000 Blackwell Server Edition, P0, 0, 0, 0, 97887, 48.16, 34, 180, 12481
2026/09/15 14:44:28.394, 5, NVIDIA RTX PRO 6000 Blackwell Server Edition, P0, 0, 0, 0, 97887, 48.71, 34, 180, 12481
2026/09/15 14:44:28.397, 6, NVIDIA RTX PRO 6000 Blackwell Server Edition, P0, 0, 0, 0, 97887, 48.54, 34, 180, 12481
2026/09/15 14:44:28.399, 7, NVIDIA RTX PRO 6000 Blackwell Server Edition, P0, 0, 0, 0, 97887, 47.08, 34, 180, 12481
2026/09/15 14:44:29.472, 0, NVIDIA RTX PRO 6000 Blackwell Server Edition, P0, 0, 0, 0, 97887, 48.79, 34, 180, 12481
2026/09/15 14:44:29.474, 1, NVIDIA RTX PRO 6000 Blackwell Server Edition, P0, 0, 0, 0, 97887, 49.02, 34, 180, 12481
2026/09/15 14:44:29.477, 2, NVIDIA RTX PRO 6000 Blackwell Server Edition, P0, 0, 0, 0, 97887, 50.72, 34, 180, 12481
2026/09/15 14:44:29.479, 3, NVIDIA RTX PRO 6000 Blackwell Server Edition, P0, 0, 0, 0, 97887, 48.60, 34, 180, 12481
2026/09/15 14:44:29.481, 4, NVIDIA RTX PRO 6000 Blackwell Server Edition, P0, 0, 0, 0, 97887, 48.15, 34, 180, 12481
2026/09/15 14:44:29.483, 5, NVIDIA RTX PRO 6000 Blackwell Server Edition, P0, 0, 0, 0, 97887, 48.72, 34, 180, 12481
2026/09/15 14:44:29.485, 6, NVIDIA RTX PRO 6000 Blackwell Server Edition, P0, 0, 0, 0, 97887, 48.54, 34, 180, 12481
2026/09/15 14:44:29.488, 7, NVIDIA RTX PRO 6000 Blackwell Server Edition, P0, 0, 0, 0, 97887, 47.08, 34, 180, 12481
2026/09/15 14:44:30.559, 0, NVIDIA RTX PRO 6000 Blackwell Server Edition, P0, 0, 0, 0, 97887, 48.83, 34, 180, 12481
2026/09/15 14:44:30.562, 1, NVIDIA RTX PRO 6000 Blackwell Server Edition, P0, 0, 0, 0, 97887, 49.02, 34, 180, 12481
2026/09/15 14:44:30.564, 2, NVIDIA RTX PRO 6000 Blackwell Server Edition, P0, 0, 0, 0, 97887, 50.74, 34, 180, 12481
2026/09/15 14:44:30.566, 3, NVIDIA RTX PRO 6000 Blackwell Server Edition, P0, 0, 0, 0, 97887, 48.60, 34, 180, 12481
2026/09/15 14:44:30.568, 4, NVIDIA RTX PRO 6000 Blackwell Server Edition, P0, 0, 0, 0, 97887, 48.14, 34, 180, 12481
2026/09/15 14:44:30.570, 5, NVIDIA RTX PRO 6000 Blackwell Server Edition, P0, 0, 0, 0, 97887, 48.73, 34, 180, 12481
2026/09/15 14:44:30.573, 6, NVIDIA RTX PRO 6000 Blackwell Server Edition, P0, 0, 0, 0, 97887, 48.53, 34, 180, 12481
2026/09/15 14:44:30.575, 7, NVIDIA RTX PRO 6000 Blackwell Server Edition, P0, 0, 0, 0, 97887, 47.08, 34, 180, 12481
2026/09/15 14:44:31.645, 0, NVIDIA RTX PRO 6000 Blackwell Server Edition, P0, 0, 0, 0, 97887, 48.82, 34, 180, 12481
2026/09/15 14:44:31.648, 1, NVIDIA RTX PRO 6000 Blackwell Server Edition, P0, 0, 0, 0, 97887, 49.02, 34, 180, 12481
2026/09/15 14:44:31.650, 2, NVIDIA RTX PRO 6000 Blackwell Server Edition, P0, 0, 0, 0, 97887, 50.76, 34, 180, 12481
2026/09/15 14:44:31.652, 3, NVIDIA RTX PRO 6000 Blackwell Server Edition, P0, 0, 0, 0, 97887, 48.60, 34, 180, 12481
2026/09/15 14:44:31.654, 4, NVIDIA RTX PRO 6000 Blackwell Server Edition, P0, 0, 0, 0, 97887, 48.16, 34, 180, 12481
2026/09/15 14:44:31.657, 5, NVIDIA RTX PRO 6000 Blackwell Server Edition, P0, 0, 0, 0, 97887, 48.77, 34, 180, 12481
2026/09/15 14:44:31.659, 6, NVIDIA RTX PRO 6000 Blackwell Server Edition, P0, 0, 0, 0, 97887, 48.55, 34, 180, 12481
2026/09/15 14:44:31.661, 7, NVIDIA RTX PRO 6000 Blackwell Server Edition, P0, 0, 0, 0, 97887, 47.09, 34, 180, 12481
2026/09/15 14:44:32.730, 0, NVIDIA RTX PRO 6000 Blackwell Server Edition, P0, 0, 0, 0, 97887, 48.78, 34, 180, 12481
2026/09/15 14:44:32.732, 1, NVIDIA RTX PRO 6000 Blackwell Server Edition, P0, 0, 0, 0, 97887, 49.02, 34, 180, 12481
2026/09/15 14:44:32.735, 2, NVIDIA RTX PRO 6000 Blackwell Server Edition, P0, 0, 0, 0, 97887, 50.71, 34, 180, 12481
2026/09/15 14:44:32.737, 3, NVIDIA RTX PRO 6000 Blackwell Server Edition, P0, 0, 0, 0, 97887, 48.60, 34, 180, 12481
2026/09/15 14:44:32.739, 4, NVIDIA RTX PRO 6000 Blackwell Server Edition, P0, 0, 0, 0, 97887, 48.15, 34, 180, 12481
2026/09/15 14:44:32.741, 5, NVIDIA RTX PRO 6000 Blackwell Server Edition, P0, 0, 0, 0, 97887, 48.73, 34, 180, 12481
2026/09/15 14:44:32.743, 6, NVIDIA RTX PRO 6000 Blackwell Server Edition, P0, 0, 0, 0, 97887, 48.52, 34, 180, 12481
2026/09/15 14:44:32.745, 7, NVIDIA RTX PRO 6000 Blackwell Server Edition, P0, 0, 0, 0, 97887, 47.08, 34, 180, 12481
2026/09/15 14:44:33.815, 0, NVIDIA RTX PRO 6000 Blackwell Server Edition, P0, 0, 0, 0, 97887, 48.78, 34, 180, 12481
2026/09/15 14:44:33.818, 1, NVIDIA RTX PRO 6000 Blackwell Server Edition, P0, 0, 0, 0, 97887, 49.02, 34, 180, 12481
2026/09/15 14:44:33.820, 2, NVIDIA RTX PRO 6000 Blackwell Server Edition, P0, 0, 0, 0, 97887, 50.78, 34, 180, 12481
2026/09/15 14:44:33.822, 3, NVIDIA RTX PRO 6000 Blackwell Server Edition, P0, 0, 0, 0, 97887, 48.60, 34, 180, 12481
2026/09/15 14:44:33.824, 4, NVIDIA RTX PRO 6000 Blackwell Server Edition, P0, 0, 0, 0, 97887, 48.16, 34, 180, 12481
2026/09/15 14:44:33.826, 5, NVIDIA RTX PRO 6000 Blackwell Server Edition, P0, 0, 0, 0, 97887, 48.75, 34, 180, 12481
2026/09/15 14:44:33.829, 6, NVIDIA RTX PRO 6000 Blackwell Server Edition, P0, 0, 0, 0, 97887, 48.53, 34, 180, 12481
2026/09/15 14:44:33.831, 7, NVIDIA RTX PRO 6000 Blackwell Server Edition, P0, 0, 0, 0, 97887, 47.08, 34, 180, 12481
2026/09/15 14:44:34.902, 0, NVIDIA RTX PRO 6000 Blackwell Server Edition, P0, 0, 0, 0, 97887, 48.79, 34, 172, 12481
2026/09/15 14:44:34.904, 1, NVIDIA RTX PRO 6000 Blackwell Server Edition, P0, 0, 0, 0, 97887, 49.01, 34, 180, 12481
2026/09/15 14:44:34.906, 2, NVIDIA RTX PRO 6000 Blackwell Server Edition, P0, 0, 0, 0, 97887, 50.73, 34, 180, 12481
2026/09/15 14:44:34.909, 3, NVIDIA RTX PRO 6000 Blackwell Server Edition, P0, 0, 0, 0, 97887, 48.59, 34, 180, 12481
2026/09/15 14:44:34.911, 4, NVIDIA RTX PRO 6000 Blackwell Server Edition, P0, 0, 0, 0, 97887, 48.16, 34, 180, 12481
2026/09/15 14:44:34.913, 5, NVIDIA RTX PRO 6000 Blackwell Server Edition, P0, 0, 0, 0, 97887, 48.74, 34, 180, 12481
2026/09/15 14:44:34.915, 6, NVIDIA RTX PRO 6000 Blackwell Server Edition, P0, 0, 0, 0, 97887, 48.54, 34, 180, 12481
2026/09/15 14:44:34.918, 7, NVIDIA RTX PRO 6000 Blackwell Server Edition, P0, 0, 0, 0, 97887, 47.08, 34, 180, 12481
2026/09/15 14:44:35.988, 0, NVIDIA RTX PRO 6000 Blackwell Server Edition, P0, 0, 0, 0, 97887, 48.82, 34, 180, 12481
2026/09/15 14:44:35.990, 1, NVIDIA RTX PRO 6000 Blackwell Server Edition, P0, 0, 0, 0, 97887, 49.02, 34, 180, 12481
2026/09/15 14:44:35.992, 2, NVIDIA RTX PRO 6000 Blackwell Server Edition, P0, 0, 0, 0, 97887, 50.78, 34, 180, 12481
2026/09/15 14:44:35.994, 3, NVIDIA RTX PRO 6000 Blackwell Server Edition, P0, 0, 0, 0, 97887, 48.60, 34, 180, 12481
2026/09/15 14:44:35.997, 4, NVIDIA RTX PRO 6000 Blackwell Server Edition, P0, 0, 0, 0, 97887, 48.17, 34, 180, 12481
2026/09/15 14:44:35.999, 5, NVIDIA RTX PRO 6000 Blackwell Server Edition, P0, 0, 0, 0, 97887, 48.70, 34, 180, 12481
2026/09/15 14:44:36.001, 6, NVIDIA RTX PRO 6000 Blackwell Server Edition, P0, 0, 0, 0, 97887, 48.53, 34, 180, 12481
2026/09/15 14:44:36.003, 7, NVIDIA RTX PRO 6000 Blackwell Server Edition, P0, 0, 0, 0, 97887, 47.08, 34, 180, 12481
2026/09/15 14:44:37.075, 0, NVIDIA RTX PRO 6000 Blackwell Server Edition, P0, 0, 0, 0, 97887, 48.84, 34, 180, 12481
2026/09/15 14:44:37.078, 1, NVIDIA RTX PRO 6000 Blackwell Server Edition, P0, 0, 0, 0, 97887, 49.02, 34, 180, 12481
2026/09/15 14:44:37.080, 2, NVIDIA RTX PRO 6000 Blackwell Server Edition, P0, 0, 0, 0, 97887, 50.70, 34, 180, 12481
2026/09/15 14:44:37.082, 3, NVIDIA RTX PRO 6000 Blackwell Server Edition, P0, 0, 0, 0, 97887, 48.60, 34, 180, 12481
2026/09/15 14:44:37.084, 4, NVIDIA RTX PRO 6000 Blackwell Server Edition, P0, 0, 0, 0, 97887, 48.14, 34, 180, 12481
2026/09/15 14:44:37.086, 5, NVIDIA RTX PRO 6000 Blackwell Server Edition, P0, 0, 0, 0, 97887, 48.74, 34, 180, 12481
2026/09/15 14:44:37.089, 6, NVIDIA RTX PRO 6000 Blackwell Server Edition, P0, 0, 0, 0, 97887, 48.54, 34, 180, 12481
2026/09/15 14:44:37.091, 7, NVIDIA RTX PRO 6000 Blackwell Server Edition, P0, 0, 0, 0, 97887, 47.08, 34, 180, 12481
2026/09/15 14:44:38.160, 0, NVIDIA RTX PRO 6000 Blackwell Server Edition, P0, 0, 0, 0, 97887, 48.86, 34, 180, 12481
2026/09/15 14:44:38.163, 1, NVIDIA RTX PRO 6000 Blackwell Server Edition, P0, 0, 0, 0, 97887, 49.02, 34, 180, 12481
2026/09/15 14:44:38.165, 2, NVIDIA RTX PRO 6000 Blackwell Server Edition, P0, 0, 0, 0, 97887, 50.76, 34, 180, 12481
2026/09/15 14:44:38.167, 3, NVIDIA RTX PRO 6000 Blackwell Server Edition, P0, 0, 0, 0, 97887, 48.60, 34, 180, 12481
2026/09/15 14:44:38.169, 4, NVIDIA RTX PRO 6000 Blackwell Server Edition, P0, 0, 0, 0, 97887, 48.15, 34, 180, 12481
2026/09/15 14:44:38.172, 5, NVIDIA RTX PRO 6000 Blackwell Server Edition, P0, 0, 0, 0, 97887, 48.70, 34, 180, 12481
2026/09/15 14:44:38.174, 6, NVIDIA RTX PRO 6000 Blackwell Server Edition, P0, 0, 0, 0, 97887, 48.54, 34, 180, 12481
2026/09/15 14:44:38.176, 7, NVIDIA RTX PRO 6000 Blackwell Server Edition, P0, 0, 0, 0, 97887, 47.08, 34, 180, 12481
2026/09/15 14:44:39.248, 0, NVIDIA RTX PRO 6000 Blackwell Server Edition, P0, 0, 0, 0, 97887, 48.77, 34, 180, 12481
2026/09/15 14:44:39.250, 1, NVIDIA RTX PRO 6000 Blackwell Server Edition, P0, 0, 0, 0, 97887, 49.03, 34, 180, 12481
2026/09/15 14:44:39.253, 2, NVIDIA RTX PRO 6000 Blackwell Server Edition, P0, 0, 0, 0, 97887, 50.83, 34, 172, 12481
2026/09/15 14:44:39.255, 3, NVIDIA RTX PRO 6000 Blackwell Server Edition, P0, 0, 0, 0, 97887, 48.60, 34, 180, 12481
2026/09/15 14:44:39.257, 4, NVIDIA RTX PRO 6000 Blackwell Server Edition, P0, 0, 0, 0, 97887, 48.15, 34, 180, 12481
2026/09/15 14:44:39.259, 5, NVIDIA RTX PRO 6000 Blackwell Server Edition, P0, 0, 0, 0, 97887, 48.72, 34, 180, 12481
2026/09/15 14:44:39.261, 6, NVIDIA RTX PRO 6000 Blackwell Server Edition, P0, 0, 0, 0, 97887, 48.54, 34, 180, 12481
2026/09/15 14:44:39.264, 7, NVIDIA RTX PRO 6000 Blackwell Server Edition, P0, 0, 0, 0, 97887, 47.08, 34, 180, 12481
2026/09/15 14:44:40.333, 0, NVIDIA RTX PRO 6000 Blackwell Server Edition, P0, 0, 0, 0, 97887, 48.89, 34, 180, 12481
2026/09/15 14:44:40.335, 1, NVIDIA RTX PRO 6000 Blackwell Server Edition, P0, 0, 0, 0, 97887, 49.02, 34, 180, 12481
2026/09/15 14:44:40.337, 2, NVIDIA RTX PRO 6000 Blackwell Server Edition, P0, 0, 0, 0, 97887, 50.77, 34, 180, 12481
2026/09/15 14:44:40.340, 3, NVIDIA RTX PRO 6000 Blackwell Server Edition, P0, 0, 0, 0, 97887, 48.60, 34, 180, 12481
2026/09/15 14:44:40.342, 4, NVIDIA RTX PRO 6000 Blackwell Server Edition, P0, 0, 0, 0, 97887, 48.14, 34, 180, 12481
2026/09/15 14:44:40.344, 5, NVIDIA RTX PRO 6000 Blackwell Server Edition, P0, 0, 0, 0, 97887, 48.71, 34, 180, 12481
2026/09/15 14:44:40.346, 6, NVIDIA RTX PRO 6000 Blackwell Server Edition, P0, 0, 0, 0, 97887, 48.54, 34, 180, 12481
2026/09/15 14:44:40.348, 7, NVIDIA RTX PRO 6000 Blackwell Server Edition, P0, 0, 0, 0, 97887, 47.08, 34, 180, 12481
2026/09/15 14:44:41.417, 0, NVIDIA RTX PRO 6000 Blackwell Server Edition, P0, 0, 0, 0, 97887, 48.83, 34, 180, 12481
2026/09/15 14:44:41.420, 1, NVIDIA RTX PRO 6000 Blackwell Server Edition, P0, 0, 0, 0, 97887, 49.02, 34, 180, 12481
2026/09/15 14:44:41.422, 2, NVIDIA RTX PRO 6000 Blackwell Server Edition, P0, 0, 0, 0, 97887, 50.81, 34, 180, 12481
2026/09/15 14:44:41.424, 3, NVIDIA RTX PRO 6000 Blackwell Server Edition, P0, 0, 0, 0, 97887, 48.60, 34, 180, 12481
2026/09/15 14:44:41.426, 4, NVIDIA RTX PRO 6000 Blackwell Server Edition, P0, 0, 0, 0, 97887, 48.15, 34, 180, 12481
2026/09/15 14:44:41.428, 5, NVIDIA RTX PRO 6000 Blackwell Server Edition, P0, 0, 0, 0, 97887, 48.71, 34, 180, 12481
2026/09/15 14:44:41.431, 6, NVIDIA RTX PRO 6000 Blackwell Server Edition, P0, 0, 0, 0, 97887, 48.54, 34, 180, 12481
2026/09/15 14:44:41.433, 7, NVIDIA RTX PRO 6000 Blackwell Server Edition, P0, 0, 0, 0, 97887, 47.08, 34, 180, 12481
2026/09/15 14:44:42.505, 0, NVIDIA RTX PRO 6000 Blackwell Server Edition, P0, 0, 0, 0, 97887, 48.83, 34, 180, 12481
2026/09/15 14:44:42.507, 1, NVIDIA RTX PRO 6000 Blackwell Server Edition, P0, 0, 0, 0, 97887, 49.02, 34, 180, 12481
2026/09/15 14:44:42.509, 2, NVIDIA RTX PRO 6000 Blackwell Server Edition, P0, 0, 0, 0, 97887, 50.79, 34, 180, 12481
2026/09/15 14:44:42.512, 3, NVIDIA RTX PRO 6000 Blackwell Server Edition, P0, 0, 0, 0, 97887, 48.60, 34, 180, 12481
2026/09/15 14:44:42.514, 4, NVIDIA RTX PRO 6000 Blackwell Server Edition, P0, 0, 0, 0, 97887, 48.17, 34, 180, 12481
2026/09/15 14:44:42.516, 5, NVIDIA RTX PRO 6000 Blackwell Server Edition, P0, 0, 0, 0, 97887, 48.71, 34, 180, 12481
2026/09/15 14:44:42.518, 6, NVIDIA RTX PRO 6000 Blackwell Server Edition, P0, 0, 0, 0, 97887, 48.54, 34, 180, 12481
2026/09/15 14:44:42.521, 7, NVIDIA RTX PRO 6000 Blackwell Server Edition, P0, 0, 0, 0, 97887, 47.08, 34, 180, 12481
2026/09/15 14:44:43.592, 0, NVIDIA RTX PRO 6000 Blackwell Server Edition, P0, 0, 0, 0, 97887, 48.77, 34, 180, 12481
2026/09/15 14:44:43.594, 1, NVIDIA RTX PRO 6000 Blackwell Server Edition, P0, 0, 0, 0, 97887, 49.02, 34, 180, 12481
2026/09/15 14:44:43.596, 2, NVIDIA RTX PRO 6000 Blackwell Server Edition, P0, 0, 0, 0, 97887, 50.76, 34, 180, 12481
2026/09/15 14:44:43.598, 3, NVIDIA RTX PRO 6000 Blackwell Server Edition, P0, 0, 0, 0, 97887, 48.60, 34, 180, 12481
2026/09/15 14:44:43.601, 4, NVIDIA RTX PRO 6000 Blackwell Server Edition, P0, 0, 0, 0, 97887, 48.16, 34, 180, 12481
2026/09/15 14:44:43.603, 5, NVIDIA RTX PRO 6000 Blackwell Server Edition, P0, 0, 0, 0, 97887, 48.78, 34, 180, 12481
2026/09/15 14:44:43.605, 6, NVIDIA RTX PRO 6000 Blackwell Server Edition, P0, 0, 0, 0, 97887, 48.54, 34, 180, 12481
2026/09/15 14:44:43.608, 7, NVIDIA RTX PRO 6000 Blackwell Server Edition, P0, 0, 0, 0, 97887, 47.08, 34, 180, 12481
2026/09/15 14:44:44.681, 0, NVIDIA RTX PRO 6000 Blackwell Server Edition, P0, 0, 0, 0, 97887, 48.80, 34, 180, 12481
2026/09/15 14:44:44.683, 1, NVIDIA RTX PRO 6000 Blackwell Server Edition, P0, 0, 0, 0, 97887, 49.02, 34, 180, 12481
2026/09/15 14:44:44.685, 2, NVIDIA RTX PRO 6000 Blackwell Server Edition, P0, 0, 0, 0, 97887, 50.76, 34, 180, 12481
2026/09/15 14:44:44.687, 3, NVIDIA RTX PRO 6000 Blackwell Server Edition, P0, 0, 0, 0, 97887, 48.60, 34, 180, 12481
2026/09/15 14:44:44.690, 4, NVIDIA RTX PRO 6000 Blackwell Server Edition, P0, 0, 0, 0, 97887, 48.16, 34, 180, 12481
2026/09/15 14:44:44.692, 5, NVIDIA RTX PRO 6000 Blackwell Server Edition, P0, 0, 0, 0, 97887, 48.72, 34, 180, 12481
2026/09/15 14:44:44.694, 6, NVIDIA RTX PRO 6000 Blackwell Server Edition, P0, 0, 0, 0, 97887, 48.54, 34, 180, 12481
2026/09/15 14:44:44.696, 7, NVIDIA RTX PRO 6000 Blackwell Server Edition, P0, 0, 0, 0, 97887, 47.08, 34, 180, 12481
2026/09/15 14:44:45.766, 0, NVIDIA RTX PRO 6000 Blackwell Server Edition, P0, 0, 0, 0, 97887, 48.92, 34, 180, 12481
2026/09/15 14:44:45.769, 1, NVIDIA RTX PRO 6000 Blackwell Server Edition, P0, 0, 0, 0, 97887, 49.02, 34, 180, 12481
2026/09/15 14:44:45.771, 2, NVIDIA RTX PRO 6000 Blackwell Server Edition, P0, 0, 0, 0, 97887, 50.75, 34, 180, 12481
2026/09/15 14:44:45.773, 3, NVIDIA RTX PRO 6000 Blackwell Server Edition, P0, 0, 0, 0, 97887, 48.60, 34, 180, 12481
2026/09/15 14:44:45.775, 4, NVIDIA RTX PRO 6000 Blackwell Server Edition, P0, 0, 0, 0, 97887, 48.15, 34, 180, 12481
2026/09/15 14:44:45.777, 5, NVIDIA RTX PRO 6000 Blackwell Server Edition, P0, 0, 0, 0, 97887, 48.75, 34, 180, 12481
2026/09/15 14:44:45.780, 6, NVIDIA RTX PRO 6000 Blackwell Server Edition, P0, 0, 0, 0, 97887, 48.54, 34, 180, 12481
2026/09/15 14:44:45.782, 7, NVIDIA RTX PRO 6000 Blackwell Server Edition, P0, 0, 0, 0, 97887, 47.08, 34, 180, 12481
2026/09/15 14:44:46.851, 0, NVIDIA RTX PRO 6000 Blackwell Server Edition, P0, 0, 0, 0, 97887, 48.80, 34, 180, 12481
2026/09/15 14:44:46.854, 1, NVIDIA RTX PRO 6000 Blackwell Server Edition, P0, 0, 0, 0, 97887, 49.02, 34, 180, 12481
2026/09/15 14:44:46.856, 2, NVIDIA RTX PRO 6000 Blackwell Server Edition, P0, 0, 0, 0, 97887, 50.78, 34, 180, 12481
2026/09/15 14:44:46.858, 3, NVIDIA RTX PRO 6000 Blackwell Server Edition, P0, 0, 0, 0, 97887, 48.60, 34, 180, 12481
2026/09/15 14:44:46.860, 4, NVIDIA RTX PRO 6000 Blackwell Server Edition, P0, 0, 0, 0, 97887, 48.15, 34, 180, 12481
2026/09/15 14:44:46.862, 5, NVIDIA RTX PRO 6000 Blackwell Server Edition, P0, 0, 0, 0, 97887, 48.75, 34, 180, 12481
2026/09/15 14:44:46.864, 6, NVIDIA RTX PRO 6000 Blackwell Server Edition, P0, 0, 0, 0, 97887, 48.54, 34, 180, 12481
2026/09/15 14:44:46.867, 7, NVIDIA RTX PRO 6000 Blackwell Server Edition, P0, 0, 0, 0, 97887, 47.08, 34, 180, 12481
2026/09/15 14:44:47.938, 0, NVIDIA RTX PRO 6000 Blackwell Server Edition, P0, 0, 0, 0, 97887, 48.79, 34, 180, 12481
2026/09/15 14:44:47.940, 1, NVIDIA RTX PRO 6000 Blackwell Server Edition, P0, 0, 0, 0, 97887, 49.02, 34, 180, 12481
2026/09/15 14:44:47.943, 2, NVIDIA RTX PRO 6000 Blackwell Server Edition, P0, 0, 0, 0, 97887, 50.67, 34, 180, 12481
2026/09/15 14:44:47.945, 3, NVIDIA RTX PRO 6000 Blackwell Server Edition, P0, 0, 0, 0, 97887, 48.60, 34, 180, 12481
2026/09/15 14:44:47.947, 4, NVIDIA RTX PRO 6000 Blackwell Server Edition, P0, 0, 0, 0, 97887, 48.15, 34, 180, 12481
2026/09/15 14:44:47.949, 5, NVIDIA RTX PRO 6000 Blackwell Server Edition, P0, 0, 0, 0, 97887, 48.70, 34, 180, 12481
2026/09/15 14:44:47.951, 6, NVIDIA RTX PRO 6000 Blackwell Server Edition, P0, 0, 0, 0, 97887, 48.54, 34, 180, 12481
2026/09/15 14:44:47.954, 7, NVIDIA RTX PRO 6000 Blackwell Server Edition, P0, 0, 0, 0, 97887, 47.08, 34, 180, 12481
2026/09/15 14:44:49.023, 0, NVIDIA RTX PRO 6000 Blackwell Server Edition, P0, 0, 0, 0, 97887, 48.89, 34, 172, 12481
2026/09/15 14:44:49.026, 1, NVIDIA RTX PRO 6000 Blackwell Server Edition, P0, 0, 0, 0, 97887, 49.03, 34, 180, 12481
2026/09/15 14:44:49.028, 2, NVIDIA RTX PRO 6000 Blackwell Server Edition, P0, 0, 0, 0, 97887, 50.73, 34, 180, 12481
2026/09/15 14:44:49.030, 3, NVIDIA RTX PRO 6000 Blackwell Server Edition, P0, 0, 0, 0, 97887, 48.60, 34, 180, 12481
2026/09/15 14:44:49.032, 4, NVIDIA RTX PRO 6000 Blackwell Server Edition, P0, 0, 0, 0, 97887, 48.15, 34, 180, 12481
2026/09/15 14:44:49.035, 5, NVIDIA RTX PRO 6000 Blackwell Server Edition, P0, 0, 0, 0, 97887, 48.76, 34, 180, 12481
2026/09/15 14:44:49.037, 6, NVIDIA RTX PRO 6000 Blackwell Server Edition, P0, 0, 0, 0, 97887, 48.54, 34, 180, 12481
2026/09/15 14:44:49.039, 7, NVIDIA RTX PRO 6000 Blackwell Server Edition, P0, 0, 0, 0, 97887, 47.08, 34, 180, 12481
2026/09/15 14:44:50.109, 0, NVIDIA RTX PRO 6000 Blackwell Server Edition, P0, 0, 0, 0, 97887, 48.86, 34, 180, 12481
2026/09/15 14:44:50.112, 1, NVIDIA RTX PRO 6000 Blackwell Server Edition, P0, 0, 0, 0, 97887, 49.02, 34, 180, 12481
2026/09/15 14:44:50.114, 2, NVIDIA RTX PRO 6000 Blackwell Server Edition, P0, 0, 0, 0, 97887, 50.77, 34, 180, 12481
2026/09/15 14:44:50.116, 3, NVIDIA RTX PRO 6000 Blackwell Server Edition, P0, 0, 0, 0, 97887, 48.60, 34, 180, 12481
2026/09/15 14:44:50.118, 4, NVIDIA RTX PRO 6000 Blackwell Server Edition, P0, 0, 0, 0, 97887, 48.15, 34, 180, 12481
2026/09/15 14:44:50.121, 5, NVIDIA RTX PRO 6000 Blackwell Server Edition, P0, 0, 0, 0, 97887, 48.76, 34, 180, 12481
2026/09/15 14:44:50.123, 6, NVIDIA RTX PRO 6000 Blackwell Server Edition, P0, 0, 0, 0, 97887, 48.54, 34, 172, 12481
2026/09/15 14:44:50.125, 7, NVIDIA RTX PRO 6000 Blackwell Server Edition, P0, 0, 0, 0, 97887, 47.08, 34, 180, 12481
2026/09/15 14:44:51.196, 0, NVIDIA RTX PRO 6000 Blackwell Server Edition, P0, 0, 0, 0, 97887, 48.84, 34, 180, 12481
2026/09/15 14:44:51.198, 1, NVIDIA RTX PRO 6000 Blackwell Server Edition, P0, 0, 0, 0, 97887, 49.02, 34, 180, 12481
2026/09/15 14:44:51.200, 2, NVIDIA RTX PRO 6000 Blackwell Server Edition, P0, 0, 0, 0, 97887, 50.74, 34, 180, 12481
2026/09/15 14:44:51.202, 3, NVIDIA RTX PRO 6000 Blackwell Server Edition, P0, 0, 0, 0, 97887, 48.60, 34, 180, 12481
2026/09/15 14:44:51.205, 4, NVIDIA RTX PRO 6000 Blackwell Server Edition, P0, 0, 0, 0, 97887, 48.15, 34, 180, 12481
2026/09/15 14:44:51.207, 5, NVIDIA RTX PRO 6000 Blackwell Server Edition, P0, 0, 0, 0, 97887, 48.73, 34, 180, 12481
2026/09/15 14:44:51.209, 6, NVIDIA RTX PRO 6000 Blackwell Server Edition, P0, 0, 0, 0, 97887, 48.55, 34, 180, 12481
2026/09/15 14:44:51.211, 7, NVIDIA RTX PRO 6000 Blackwell Server Edition, P0, 0, 0, 0, 97887, 47.08, 34, 180, 12481
2026/09/15 14:44:52.281, 0, NVIDIA RTX PRO 6000 Blackwell Server Edition, P0, 0, 0, 0, 97887, 48.82, 34, 180, 12481
2026/09/15 14:44:52.284, 1, NVIDIA RTX PRO 6000 Blackwell Server Edition, P0, 0, 0, 0, 97887, 49.03, 34, 180, 12481
2026/09/15 14:44:52.286, 2, NVIDIA RTX PRO 6000 Blackwell Server Edition, P0, 0, 0, 0, 97887, 50.77, 34, 180, 12481
2026/09/15 14:44:52.288, 3, NVIDIA RTX PRO 6000 Blackwell Server Edition, P0, 0, 0, 0, 97887, 48.60, 34, 180, 12481
2026/09/15 14:44:52.291, 4, NVIDIA RTX PRO 6000 Blackwell Server Edition, P0, 0, 0, 0, 97887, 48.16, 34, 180, 12481
2026/09/15 14:44:52.293, 5, NVIDIA RTX PRO 6000 Blackwell Server Edition, P0, 0, 0, 0, 97887, 48.73, 34, 180, 12481
2026/09/15 14:44:52.295, 6, NVIDIA RTX PRO 6000 Blackwell Server Edition, P0, 0, 0, 0, 97887, 48.54, 34, 180, 12481
2026/09/15 14:44:52.297, 7, NVIDIA RTX PRO 6000 Blackwell Server Edition, P0, 0, 0, 0, 97887, 47.08, 34, 180, 12481
2026/09/15 14:44:53.369, 0, NVIDIA RTX PRO 6000 Blackwell Server Edition, P0, 0, 0, 0, 97887, 48.82, 34, 180, 12481
2026/09/15 14:44:53.371, 1, NVIDIA RTX PRO 6000 Blackwell Server Edition, P0, 0, 0, 0, 97887, 49.02, 34, 180, 12481
2026/09/15 14:44:53.374, 2, NVIDIA RTX PRO 6000 Blackwell Server Edition, P0, 0, 0, 0, 97887, 50.74, 34, 172, 12481
2026/09/15 14:44:53.376, 3, NVIDIA RTX PRO 6000 Blackwell Server Edition, P0, 0, 0, 0, 97887, 48.60, 34, 180, 12481
2026/09/15 14:44:53.378, 4, NVIDIA RTX PRO 6000 Blackwell Server Edition, P0, 0, 0, 0, 97887, 48.16, 34, 180, 12481
2026/09/15 14:44:53.380, 5, NVIDIA RTX PRO 6000 Blackwell Server Edition, P0, 0, 0, 0, 97887, 48.72, 34, 180, 12481
2026/09/15 14:44:53.382, 6, NVIDIA RTX PRO 6000 Blackwell Server Edition, P0, 0, 0, 0, 97887, 48.54, 34, 180, 12481
2026/09/15 14:44:53.385, 7, NVIDIA RTX PRO 6000 Blackwell Server Edition, P0, 0, 0, 0, 97887, 47.08, 34, 180, 12481
2026/09/15 14:44:54.454, 0, NVIDIA RTX PRO 6000 Blackwell Server Edition, P0, 0, 0, 0, 97887, 48.85, 34, 180, 12481
2026/09/15 14:44:54.456, 1, NVIDIA RTX PRO 6000 Blackwell Server Edition, P0, 0, 0, 0, 97887, 49.03, 34, 180, 12481
2026/09/15 14:44:54.458, 2, NVIDIA RTX PRO 6000 Blackwell Server Edition, P0, 0, 0, 0, 97887, 50.72, 34, 180, 12481
2026/09/15 14:44:54.460, 3, NVIDIA RTX PRO 6000 Blackwell Server Edition, P0, 0, 0, 0, 97887, 48.60, 34, 180, 12481
2026/09/15 14:44:54.462, 4, NVIDIA RTX PRO 6000 Blackwell Server Edition, P0, 0, 0, 0, 97887, 48.16, 34, 180, 12481
2026/09/15 14:44:54.465, 5, NVIDIA RTX PRO 6000 Blackwell Server Edition, P0, 0, 0, 0, 97887, 48.75, 34, 180, 12481
2026/09/15 14:44:54.467, 6, NVIDIA RTX PRO 6000 Blackwell Server Edition, P0, 0, 0, 0, 97887, 48.53, 34, 180, 12481
2026/09/15 14:44:54.469, 7, NVIDIA RTX PRO 6000 Blackwell Server Edition, P0, 0, 0, 0, 97887, 47.08, 34, 180, 12481
2026/09/15 14:44:55.540, 0, NVIDIA RTX PRO 6000 Blackwell Server Edition, P0, 0, 0, 0, 97887, 48.85, 34, 180, 12481
2026/09/15 14:44:55.543, 1, NVIDIA RTX PRO 6000 Blackwell Server Edition, P0, 0, 0, 0, 97887, 49.02, 34, 180, 12481
2026/09/15 14:44:55.545, 2, NVIDIA RTX PRO 6000 Blackwell Server Edition, P0, 0, 0, 0, 97887, 50.74, 34, 180, 12481
2026/09/15 14:44:55.547, 3, NVIDIA RTX PRO 6000 Blackwell Server Edition, P0, 0, 0, 0, 97887, 48.60, 34, 180, 12481
2026/09/15 14:44:55.549, 4, NVIDIA RTX PRO 6000 Blackwell Server Edition, P0, 0, 0, 0, 97887, 48.14, 34, 180, 12481
2026/09/15 14:44:55.551, 5, NVIDIA RTX PRO 6000 Blackwell Server Edition, P0, 0, 0, 0, 97887, 48.73, 34, 180, 12481
2026/09/15 14:44:55.553, 6, NVIDIA RTX PRO 6000 Blackwell Server Edition, P0, 0, 0, 0, 97887, 48.54, 34, 180, 12481
2026/09/15 14:44:55.556, 7, NVIDIA RTX PRO 6000 Blackwell Server Edition, P0, 0, 0, 0, 97887, 47.08, 34, 180, 12481
2026/09/15 14:44:56.626, 0, NVIDIA RTX PRO 6000 Blackwell Server Edition, P0, 0, 0, 0, 97887, 48.92, 34, 180, 12481
2026/09/15 14:44:56.629, 1, NVIDIA RTX PRO 6000 Blackwell Server Edition, P0, 0, 0, 0, 97887, 49.02, 34, 180, 12481
2026/09/15 14:44:56.631, 2, NVIDIA RTX PRO 6000 Blackwell Server Edition, P0, 0, 0, 0, 97887, 50.71, 34, 180, 12481
2026/09/15 14:44:56.633, 3, NVIDIA RTX PRO 6000 Blackwell Server Edition, P0, 0, 0, 0, 97887, 48.60, 34, 172, 12481
2026/09/15 14:44:56.635, 4, NVIDIA RTX PRO 6000 Blackwell Server Edition, P0, 0, 0, 0, 97887, 48.14, 34, 180, 12481
2026/09/15 14:44:56.638, 5, NVIDIA RTX PRO 6000 Blackwell Server Edition, P0, 0, 0, 0, 97887, 48.74, 34, 180, 12481
2026/09/15 14:44:56.640, 6, NVIDIA RTX PRO 6000 Blackwell Server Edition, P0, 0, 0, 0, 97887, 48.52, 34, 180, 12481
2026/09/15 14:44:56.642, 7, NVIDIA RTX PRO 6000 Blackwell Server Edition, P0, 0, 0, 0, 97887, 47.08, 34, 180, 12481
2026/09/15 14:44:57.713, 0, NVIDIA RTX PRO 6000 Blackwell Server Edition, P0, 0, 0, 0, 97887, 48.93, 34, 180, 12481
2026/09/15 14:44:57.715, 1, NVIDIA RTX PRO 6000 Blackwell Server Edition, P0, 0, 0, 0, 97887, 49.02, 34, 180, 12481
2026/09/15 14:44:57.717, 2, NVIDIA RTX PRO 6000 Blackwell Server Edition, P0, 0, 0, 0, 97887, 50.77, 34, 180, 12481
2026/09/15 14:44:57.720, 3, NVIDIA RTX PRO 6000 Blackwell Server Edition, P0, 0, 0, 0, 97887, 48.60, 34, 180, 12481
2026/09/15 14:44:57.722, 4, NVIDIA RTX PRO 6000 Blackwell Server Edition, P0, 0, 0, 0, 97887, 48.14, 34, 180, 12481
2026/09/15 14:44:57.724, 5, NVIDIA RTX PRO 6000 Blackwell Server Edition, P0, 0, 0, 0, 97887, 48.79, 34, 180, 12481
2026/09/15 14:44:57.726, 6, NVIDIA RTX PRO 6000 Blackwell Server Edition, P0, 0, 0, 0, 97887, 48.54, 34, 180, 12481
2026/09/15 14:44:57.729, 7, NVIDIA RTX PRO 6000 Blackwell Server Edition, P0, 0, 0, 0, 97887, 47.08, 34, 180, 12481
2026/09/15 14:44:58.800, 0, NVIDIA RTX PRO 6000 Blackwell Server Edition, P0, 0, 0, 0, 97887, 48.88, 34, 180, 12481
2026/09/15 14:44:58.802, 1, NVIDIA RTX PRO 6000 Blackwell Server Edition, P0, 0, 0, 0, 97887, 49.03, 34, 180, 12481
2026/09/15 14:44:58.804, 2, NVIDIA RTX PRO 6000 Blackwell Server Edition, P0, 0, 0, 0, 97887, 50.78, 34, 180, 12481
2026/09/15 14:44:58.806, 3, NVIDIA RTX PRO 6000 Blackwell Server Edition, P0, 0, 0, 0, 97887, 48.60, 34, 180, 12481
2026/09/15 14:44:58.809, 4, NVIDIA RTX PRO 6000 Blackwell Server Edition, P0, 0, 0, 0, 97887, 48.16, 34, 180, 12481
2026/09/15 14:44:58.811, 5, NVIDIA RTX PRO 6000 Blackwell Server Edition, P0, 0, 0, 0, 97887, 48.74, 34, 180, 12481
2026/09/15 14:44:58.813, 6, NVIDIA RTX PRO 6000 Blackwell Server Edition, P0, 0, 0, 0, 97887, 48.54, 34, 180, 12481
2026/09/15 14:44:58.815, 7, NVIDIA RTX PRO 6000 Blackwell Server Edition, P0, 0, 0, 0, 97887, 47.08, 34, 180, 12481
2026/09/15 14:44:59.887, 0, NVIDIA RTX PRO 6000 Blackwell Server Edition, P0, 0, 0, 0, 97887, 48.93, 34, 180, 12481
2026/09/15 14:44:59.889, 1, NVIDIA RTX PRO 6000 Blackwell Server Edition, P0, 0, 0, 0, 97887, 49.03, 34, 180, 12481
2026/09/15 14:44:59.891, 2, NVIDIA RTX PRO 6000 Blackwell Server Edition, P0, 0, 0, 0, 97887, 50.78, 34, 180, 12481
2026/09/15 14:44:59.893, 3, NVIDIA RTX PRO 6000 Blackwell Server Edition, P0, 0, 0, 0, 97887, 48.60, 34, 180, 12481
2026/09/15 14:44:59.896, 4, NVIDIA RTX PRO 6000 Blackwell Server Edition, P0, 0, 0, 0, 97887, 48.16, 34, 180, 12481
2026/09/15 14:44:59.898, 5, NVIDIA RTX PRO 6000 Blackwell Server Edition, P0, 0, 0, 0, 97887, 48.80, 34, 180, 12481
2026/09/15 14:44:59.900, 6, NVIDIA RTX PRO 6000 Blackwell Server Edition, P0, 0, 0, 0, 97887, 48.54, 34, 180, 12481
2026/09/15 14:44:59.902, 7, NVIDIA RTX PRO 6000 Blackwell Server Edition, P0, 0, 0, 0, 97887, 47.08, 34, 180, 12481
2026/09/15 14:45:00.975, 0, NVIDIA RTX PRO 6000 Blackwell Server Edition, P0, 0, 0, 0, 97887, 48.90, 34, 180, 12481
2026/09/15 14:45:00.977, 1, NVIDIA RTX PRO 6000 Blackwell Server Edition, P0, 0, 0, 0, 97887, 49.02, 34, 180, 12481
2026/09/15 14:45:00.979, 2, NVIDIA RTX PRO 6000 Blackwell Server Edition, P0, 0, 0, 0, 97887, 50.81, 34, 180, 12481
2026/09/15 14:45:00.982, 3, NVIDIA RTX PRO 6000 Blackwell Server Edition, P0, 0, 0, 0, 97887, 48.60, 34, 180, 12481
2026/09/15 14:45:00.984, 4, NVIDIA RTX PRO 6000 Blackwell Server Edition, P0, 0, 0, 0, 97887, 48.15, 34, 180, 12481
2026/09/15 14:45:00.986, 5, NVIDIA RTX PRO 6000 Blackwell Server Edition, P0, 0, 0, 0, 97887, 48.70, 34, 180, 12481
2026/09/15 14:45:00.988, 6, NVIDIA RTX PRO 6000 Blackwell Server Edition, P0, 0, 0, 0, 97887, 48.55, 34, 180, 12481
2026/09/15 14:45:00.990, 7, NVIDIA RTX PRO 6000 Blackwell Server Edition, P0, 0, 0, 0, 97887, 47.08, 34, 180, 12481
2026/09/15 14:45:02.060, 0, NVIDIA RTX PRO 6000 Blackwell Server Edition, P0, 0, 0, 0, 97887, 48.87, 34, 180, 12481
2026/09/15 14:45:02.062, 1, NVIDIA RTX PRO 6000 Blackwell Server Edition, P0, 0, 0, 0, 97887, 49.03, 34, 180, 12481
2026/09/15 14:45:02.065, 2, NVIDIA RTX PRO 6000 Blackwell Server Edition, P0, 0, 0, 0, 97887, 50.75, 34, 180, 12481
2026/09/15 14:45:02.067, 3, NVIDIA RTX PRO 6000 Blackwell Server Edition, P0, 0, 0, 0, 97887, 48.60, 34, 180, 12481
2026/09/15 14:45:02.069, 4, NVIDIA RTX PRO 6000 Blackwell Server Edition, P0, 0, 0, 0, 97887, 48.15, 34, 180, 12481
2026/09/15 14:45:02.071, 5, NVIDIA RTX PRO 6000 Blackwell Server Edition, P0, 0, 0, 0, 97887, 48.80, 34, 180, 12481
2026/09/15 14:45:02.073, 6, NVIDIA RTX PRO 6000 Blackwell Server Edition, P0, 0, 0, 0, 97887, 48.54, 34, 180, 12481
2026/09/15 14:45:02.075, 7, NVIDIA RTX PRO 6000 Blackwell Server Edition, P0, 0, 0, 0, 97887, 47.09, 34, 180, 12481
2026/09/15 14:45:03.147, 0, NVIDIA RTX PRO 6000 Blackwell Server Edition, P0, 0, 0, 0, 97887, 48.89, 34, 180, 12481
2026/09/15 14:45:03.149, 1, NVIDIA RTX PRO 6000 Blackwell Server Edition, P0, 0, 0, 0, 97887, 49.02, 34, 180, 12481
2026/09/15 14:45:03.151, 2, NVIDIA RTX PRO 6000 Blackwell Server Edition, P0, 0, 0, 0, 97887, 50.81, 34, 180, 12481
2026/09/15 14:45:03.154, 3, NVIDIA RTX PRO 6000 Blackwell Server Edition, P0, 0, 0, 0, 97887, 48.60, 34, 180, 12481
2026/09/15 14:45:03.156, 4, NVIDIA RTX PRO 6000 Blackwell Server Edition, P0, 0, 0, 0, 97887, 48.15, 34, 180, 12481
2026/09/15 14:45:03.158, 5, NVIDIA RTX PRO 6000 Blackwell Server Edition, P0, 0, 0, 0, 97887, 48.72, 34, 180, 12481
2026/09/15 14:45:03.160, 6, NVIDIA RTX PRO 6000 Blackwell Server Edition, P0, 0, 0, 0, 97887, 48.55, 34, 180, 12481
2026/09/15 14:45:03.162, 7, NVIDIA RTX PRO 6000 Blackwell Server Edition, P0, 0, 0, 0, 97887, 47.08, 34, 180, 12481
2026/09/15 14:45:04.231, 0, NVIDIA RTX PRO 6000 Blackwell Server Edition, P0, 0, 0, 0, 97887, 48.90, 34, 180, 12481
2026/09/15 14:45:04.234, 1, NVIDIA RTX PRO 6000 Blackwell Server Edition, P0, 0, 0, 0, 97887, 49.02, 34, 180, 12481
2026/09/15 14:45:04.236, 2, NVIDIA RTX PRO 6000 Blackwell Server Edition, P0, 0, 0, 0, 97887, 50.79, 34, 180, 12481
2026/09/15 14:45:04.238, 3, NVIDIA RTX PRO 6000 Blackwell Server Edition, P0, 0, 0, 0, 97887, 48.60, 34, 180, 12481
2026/09/15 14:45:04.240, 4, NVIDIA RTX PRO 6000 Blackwell Server Edition, P0, 0, 0, 0, 97887, 48.15, 34, 180, 12481
2026/09/15 14:45:04.242, 5, NVIDIA RTX PRO 6000 Blackwell Server Edition, P0, 0, 0, 0, 97887, 48.79, 34, 180, 12481
2026/09/15 14:45:04.245, 6, NVIDIA RTX PRO 6000 Blackwell Server Edition, P0, 0, 0, 0, 97887, 48.54, 34, 172, 12481
2026/09/15 14:45:04.247, 7, NVIDIA RTX PRO 6000 Blackwell Server Edition, P0, 0, 0, 0, 97887, 47.08, 34, 180, 12481
2026/09/15 14:45:05.318, 0, NVIDIA RTX PRO 6000 Blackwell Server Edition, P0, 0, 0, 0, 97887, 48.82, 34, 180, 12481
2026/09/15 14:45:05.321, 1, NVIDIA RTX PRO 6000 Blackwell Server Edition, P0, 0, 0, 0, 97887, 49.02, 34, 180, 12481
2026/09/15 14:45:05.323, 2, NVIDIA RTX PRO 6000 Blackwell Server Edition, P0, 0, 0, 0, 97887, 50.81, 34, 180, 12481
2026/09/15 14:45:05.325, 3, NVIDIA RTX PRO 6000 Blackwell Server Edition, P0, 0, 0, 0, 97887, 48.60, 34, 180, 12481
2026/09/15 14:45:05.327, 4, NVIDIA RTX PRO 6000 Blackwell Server Edition, P0, 0, 0, 0, 97887, 48.16, 34, 180, 12481
2026/09/15 14:45:05.329, 5, NVIDIA RTX PRO 6000 Blackwell Server Edition, P0, 0, 0, 0, 97887, 48.76, 34, 180, 12481
2026/09/15 14:45:05.332, 6, NVIDIA RTX PRO 6000 Blackwell Server Edition, P0, 0, 0, 0, 97887, 48.54, 34, 180, 12481
2026/09/15 14:45:05.334, 7, NVIDIA RTX PRO 6000 Blackwell Server Edition, P0, 0, 0, 0, 97887, 47.08, 34, 180, 12481
2026/09/15 14:45:06.403, 0, NVIDIA RTX PRO 6000 Blackwell Server Edition, P0, 0, 0, 0, 97887, 48.83, 34, 180, 12481
2026/09/15 14:45:06.406, 1, NVIDIA RTX PRO 6000 Blackwell Server Edition, P0, 0, 0, 0, 97887, 49.03, 34, 180, 12481
2026/09/15 14:45:06.408, 2, NVIDIA RTX PRO 6000 Blackwell Server Edition, P0, 0, 0, 0, 97887, 50.82, 34, 180, 12481
2026/09/15 14:45:06.410, 3, NVIDIA RTX PRO 6000 Blackwell Server Edition, P0, 0, 0, 0, 97887, 48.60, 34, 180, 12481
2026/09/15 14:45:06.413, 4, NVIDIA RTX PRO 6000 Blackwell Server Edition, P0, 0, 0, 0, 97887, 48.15, 34, 180, 12481
2026/09/15 14:45:06.415, 5, NVIDIA RTX PRO 6000 Blackwell Server Edition, P0, 0, 0, 0, 97887, 48.79, 34, 180, 12481
2026/09/15 14:45:06.417, 6, NVIDIA RTX PRO 6000 Blackwell Server Edition, P0, 0, 0, 0, 97887, 48.54, 34, 180, 12481
2026/09/15 14:45:06.419, 7, NVIDIA RTX PRO 6000 Blackwell Server Edition, P0, 0, 0, 0, 97887, 47.08, 34, 180, 12481
2026/09/15 14:45:07.491, 0, NVIDIA RTX PRO 6000 Blackwell Server Edition, P0, 0, 0, 0, 97887, 48.86, 34, 180, 12481
2026/09/15 14:45:07.494, 1, NVIDIA RTX PRO 6000 Blackwell Server Edition, P0, 0, 0, 0, 97887, 49.02, 34, 180, 12481
2026/09/15 14:45:07.496, 2, NVIDIA RTX PRO 6000 Blackwell Server Edition, P0, 0, 0, 0, 97887, 50.79, 34, 180, 12481
2026/09/15 14:45:07.498, 3, NVIDIA RTX PRO 6000 Blackwell Server Edition, P0, 0, 0, 0, 97887, 48.60, 34, 180, 12481
2026/09/15 14:45:07.500, 4, NVIDIA RTX PRO 6000 Blackwell Server Edition, P0, 0, 0, 0, 97887, 48.15, 34, 180, 12481
2026/09/15 14:45:07.503, 5, NVIDIA RTX PRO 6000 Blackwell Server Edition, P0, 0, 0, 0, 97887, 48.83, 34, 180, 12481
2026/09/15 14:45:07.505, 6, NVIDIA RTX PRO 6000 Blackwell Server Edition, P0, 0, 0, 0, 97887, 48.54, 34, 180, 12481
2026/09/15 14:45:07.507, 7, NVIDIA RTX PRO 6000 Blackwell Server Edition, P0, 0, 0, 0, 97887, 47.08, 34, 180, 12481
2026/09/15 14:45:08.579, 0, NVIDIA RTX PRO 6000 Blackwell Server Edition, P0, 0, 0, 0, 97887, 48.87, 34, 180, 12481
2026/09/15 14:45:08.581, 1, NVIDIA RTX PRO 6000 Blackwell Server Edition, P0, 0, 0, 0, 97887, 49.03, 34, 180, 12481
2026/09/15 14:45:08.583, 2, NVIDIA RTX PRO 6000 Blackwell Server Edition, P0, 0, 0, 0, 97887, 50.78, 34, 180, 12481
2026/09/15 14:45:08.585, 3, NVIDIA RTX PRO 6000 Blackwell Server Edition, P0, 0, 0, 0, 97887, 48.59, 34, 180, 12481
2026/09/15 14:45:08.587, 4, NVIDIA RTX PRO 6000 Blackwell Server Edition, P0, 0, 0, 0, 97887, 48.15, 34, 180, 12481
2026/09/15 14:45:08.590, 5, NVIDIA RTX PRO 6000 Blackwell Server Edition, P0, 0, 0, 0, 97887, 48.78, 34, 180, 12481
2026/09/15 14:45:08.592, 6, NVIDIA RTX PRO 6000 Blackwell Server Edition, P0, 0, 0, 0, 97887, 48.54, 34, 180, 12481
2026/09/15 14:45:08.594, 7, NVIDIA RTX PRO 6000 Blackwell Server Edition, P0, 0, 0, 0, 97887, 47.08, 34, 180, 12481
2026/09/15 14:45:09.665, 0, NVIDIA RTX PRO 6000 Blackwell Server Edition, P0, 0, 0, 0, 97887, 48.86, 34, 180, 12481
2026/09/15 14:45:09.667, 1, NVIDIA RTX PRO 6000 Blackwell Server Edition, P0, 0, 0, 0, 97887, 49.03, 34, 180, 12481
2026/09/15 14:45:09.670, 2, NVIDIA RTX PRO 6000 Blackwell Server Edition, P0, 0, 0, 0, 97887, 50.77, 34, 180, 12481
2026/09/15 14:45:09.672, 3, NVIDIA RTX PRO 6000 Blackwell Server Edition, P0, 0, 0, 0, 97887, 48.60, 34, 180, 12481
2026/09/15 14:45:09.674, 4, NVIDIA RTX PRO 6000 Blackwell Server Edition, P0, 0, 0, 0, 97887, 48.15, 34, 180, 12481
2026/09/15 14:45:09.676, 5, NVIDIA RTX PRO 6000 Blackwell Server Edition, P0, 0, 0, 0, 97887, 48.75, 34, 172, 12481
2026/09/15 14:45:09.678, 6, NVIDIA RTX PRO 6000 Blackwell Server Edition, P0, 0, 0, 0, 97887, 48.55, 34, 180, 12481
2026/09/15 14:45:09.681, 7, NVIDIA RTX PRO 6000 Blackwell Server Edition, P0, 0, 0, 0, 97887, 47.08, 34, 180, 12481
2026/09/15 14:45:10.752, 0, NVIDIA RTX PRO 6000 Blackwell Server Edition, P0, 0, 0, 0, 97887, 48.89, 34, 180, 12481
2026/09/15 14:45:10.754, 1, NVIDIA RTX PRO 6000 Blackwell Server Edition, P0, 0, 0, 0, 97887, 49.02, 34, 172, 12481
2026/09/15 14:45:10.756, 2, NVIDIA RTX PRO 6000 Blackwell Server Edition, P0, 0, 0, 0, 97887, 50.75, 34, 180, 12481
2026/09/15 14:45:10.758, 3, NVIDIA RTX PRO 6000 Blackwell Server Edition, P0, 0, 0, 0, 97887, 48.59, 34, 180, 12481
2026/09/15 14:45:10.760, 4, NVIDIA RTX PRO 6000 Blackwell Server Edition, P0, 0, 0, 0, 97887, 48.15, 34, 180, 12481
2026/09/15 14:45:10.763, 5, NVIDIA RTX PRO 6000 Blackwell Server Edition, P0, 0, 0, 0, 97887, 48.78, 34, 180, 12481
2026/09/15 14:45:10.765, 6, NVIDIA RTX PRO 6000 Blackwell Server Edition, P0, 0, 0, 0, 97887, 48.54, 34, 180, 12481
2026/09/15 14:45:10.767, 7, NVIDIA RTX PRO 6000 Blackwell Server Edition, P0, 0, 0, 0, 97887, 47.08, 34, 180, 12481
2026/09/15 14:45:11.836, 0, NVIDIA RTX PRO 6000 Blackwell Server Edition, P0, 0, 0, 0, 97887, 48.89, 34, 180, 12481
2026/09/15 14:45:11.839, 1, NVIDIA RTX PRO 6000 Blackwell Server Edition, P0, 0, 0, 0, 97887, 49.02, 34, 180, 12481
2026/09/15 14:45:11.841, 2, NVIDIA RTX PRO 6000 Blackwell Server Edition, P0, 0, 0, 0, 97887, 50.73, 34, 180, 12481
2026/09/15 14:45:11.843, 3, NVIDIA RTX PRO 6000 Blackwell Server Edition, P0, 0, 0, 0, 97887, 48.60, 34, 180, 12481
2026/09/15 14:45:11.846, 4, NVIDIA RTX PRO 6000 Blackwell Server Edition, P0, 0, 0, 0, 97887, 48.15, 34, 180, 12481
2026/09/15 14:45:11.848, 5, NVIDIA RTX PRO 6000 Blackwell Server Edition, P0, 0, 0, 0, 97887, 48.76, 34, 180, 12481
2026/09/15 14:45:11.850, 6, NVIDIA RTX PRO 6000 Blackwell Server Edition, P0, 0, 0, 0, 97887, 48.53, 34, 180, 12481
2026/09/15 14:45:11.852, 7, NVIDIA RTX PRO 6000 Blackwell Server Edition, P0, 0, 0, 0, 97887, 47.08, 34, 180, 12481
2026/09/15 14:45:12.921, 0, NVIDIA RTX PRO 6000 Blackwell Server Edition, P0, 0, 0, 0, 97887, 48.91, 34, 180, 12481
2026/09/15 14:45:12.924, 1, NVIDIA RTX PRO 6000 Blackwell Server Edition, P0, 0, 0, 0, 97887, 49.04, 34, 180, 12481
2026/09/15 14:45:12.926, 2, NVIDIA RTX PRO 6000 Blackwell Server Edition, P0, 0, 0, 0, 97887, 50.75, 34, 180, 12481
2026/09/15 14:45:12.928, 3, NVIDIA RTX PRO 6000 Blackwell Server Edition, P0, 0, 0, 0, 97887, 48.60, 34, 180, 12481
2026/09/15 14:45:12.930, 4, NVIDIA RTX PRO 6000 Blackwell Server Edition, P0, 0, 0, 0, 97887, 48.16, 34, 180, 12481
2026/09/15 14:45:12.932, 5, NVIDIA RTX PRO 6000 Blackwell Server Edition, P0, 0, 0, 0, 97887, 48.76, 34, 180, 12481
2026/09/15 14:45:12.935, 6, NVIDIA RTX PRO 6000 Blackwell Server Edition, P0, 0, 0, 0, 97887, 48.54, 34, 180, 12481
2026/09/15 14:45:12.937, 7, NVIDIA RTX PRO 6000 Blackwell Server Edition, P0, 0, 0, 0, 97887, 47.08, 34, 180, 12481
2026/09/15 14:45:14.008, 0, NVIDIA RTX PRO 6000 Blackwell Server Edition, P0, 0, 0, 0, 97887, 48.89, 34, 180, 12481
2026/09/15 14:45:14.011, 1, NVIDIA RTX PRO 6000 Blackwell Server Edition, P0, 0, 0, 0, 97887, 49.02, 34, 180, 12481
2026/09/15 14:45:14.013, 2, NVIDIA RTX PRO 6000 Blackwell Server Edition, P0, 0, 0, 0, 97887, 50.78, 34, 180, 12481
2026/09/15 14:45:14.015, 3, NVIDIA RTX PRO 6000 Blackwell Server Edition, P0, 0, 0, 0, 97887, 48.60, 34, 180, 12481
2026/09/15 14:45:14.017, 4, NVIDIA RTX PRO 6000 Blackwell Server Edition, P0, 0, 0, 0, 97887, 48.15, 34, 180, 12481
2026/09/15 14:45:14.019, 5, NVIDIA RTX PRO 6000 Blackwell Server Edition, P0, 0, 0, 0, 97887, 48.75, 34, 180, 12481
2026/09/15 14:45:14.022, 6, NVIDIA RTX PRO 6000 Blackwell Server Edition, P0, 0, 0, 0, 97887, 48.54, 34, 180, 12481
2026/09/15 14:45:14.024, 7, NVIDIA RTX PRO 6000 Blackwell Server Edition, P0, 0, 0, 0, 97887, 47.08, 34, 180, 12481
2026/09/15 14:45:15.094, 0, NVIDIA RTX PRO 6000 Blackwell Server Edition, P0, 0, 0, 0, 97887, 48.93, 34, 180, 12481
2026/09/15 14:45:15.097, 1, NVIDIA RTX PRO 6000 Blackwell Server Edition, P0, 0, 0, 0, 97887, 49.02, 34, 180, 12481
2026/09/15 14:45:15.099, 2, NVIDIA RTX PRO 6000 Blackwell Server Edition, P0, 0, 0, 0, 97887, 50.76, 34, 180, 12481
2026/09/15 14:45:15.101, 3, NVIDIA RTX PRO 6000 Blackwell Server Edition, P0, 0, 0, 0, 97887, 48.60, 34, 180, 12481
2026/09/15 14:45:15.104, 4, NVIDIA RTX PRO 6000 Blackwell Server Edition, P0, 0, 0, 0, 97887, 48.15, 34, 180, 12481
2026/09/15 14:45:15.106, 5, NVIDIA RTX PRO 6000 Blackwell Server Edition, P0, 0, 0, 0, 97887, 48.76, 34, 180, 12481
2026/09/15 14:45:15.108, 6, NVIDIA RTX PRO 6000 Blackwell Server Edition, P0, 0, 0, 0, 97887, 48.54, 34, 180, 12481
2026/09/15 14:45:15.110, 7, NVIDIA RTX PRO 6000 Blackwell Server Edition, P0, 0, 0, 0, 97887, 47.08, 34, 180, 12481
2026/09/15 14:45:16.179, 0, NVIDIA RTX PRO 6000 Blackwell Server Edition, P0, 0, 0, 0, 97887, 48.86, 34, 180, 12481
2026/09/15 14:45:16.182, 1, NVIDIA RTX PRO 6000 Blackwell Server Edition, P0, 0, 0, 0, 97887, 49.02, 34, 180, 12481
2026/09/15 14:45:16.184, 2, NVIDIA RTX PRO 6000 Blackwell Server Edition, P0, 0, 0, 0, 97887, 50.79, 34, 180, 12481
2026/09/15 14:45:16.186, 3, NVIDIA RTX PRO 6000 Blackwell Server Edition, P0, 0, 0, 0, 97887, 48.60, 34, 180, 12481
2026/09/15 14:45:16.188, 4, NVIDIA RTX PRO 6000 Blackwell Server Edition, P0, 0, 0, 0, 97887, 48.16, 34, 180, 12481
2026/09/15 14:45:16.190, 5, NVIDIA RTX PRO 6000 Blackwell Server Edition, P0, 0, 0, 0, 97887, 48.73, 34, 180, 12481
2026/09/15 14:45:16.193, 6, NVIDIA RTX PRO 6000 Blackwell Server Edition, P0, 0, 0, 0, 97887, 48.54, 34, 180, 12481
2026/09/15 14:45:16.195, 7, NVIDIA RTX PRO 6000 Blackwell Server Edition, P0, 0, 0, 0, 97887, 47.08, 34, 180, 12481
2026/09/15 14:45:17.266, 0, NVIDIA RTX PRO 6000 Blackwell Server Edition, P0, 0, 0, 0, 97887, 48.88, 34, 172, 12481
2026/09/15 14:45:17.268, 1, NVIDIA RTX PRO 6000 Blackwell Server Edition, P0, 0, 0, 0, 97887, 49.02, 34, 180, 12481
2026/09/15 14:45:17.270, 2, NVIDIA RTX PRO 6000 Blackwell Server Edition, P0, 0, 0, 0, 97887, 50.74, 34, 180, 12481
2026/09/15 14:45:17.273, 3, NVIDIA RTX PRO 6000 Blackwell Server Edition, P0, 0, 0, 0, 97887, 48.61, 34, 180, 12481
2026/09/15 14:45:17.275, 4, NVIDIA RTX PRO 6000 Blackwell Server Edition, P0, 0, 0, 0, 97887, 48.16, 34, 180, 12481
2026/09/15 14:45:17.277, 5, NVIDIA RTX PRO 6000 Blackwell Server Edition, P0, 0, 0, 0, 97887, 48.84, 34, 180, 12481
2026/09/15 14:45:17.279, 6, NVIDIA RTX PRO 6000 Blackwell Server Edition, P0, 0, 0, 0, 97887, 48.53, 34, 180, 12481
2026/09/15 14:45:17.281, 7, NVIDIA RTX PRO 6000 Blackwell Server Edition, P0, 0, 0, 0, 97887, 47.08, 34, 180, 12481
2026/09/15 14:45:18.353, 0, NVIDIA RTX PRO 6000 Blackwell Server Edition, P0, 0, 0, 0, 97887, 48.86, 34, 180, 12481
2026/09/15 14:45:18.355, 1, NVIDIA RTX PRO 6000 Blackwell Server Edition, P0, 0, 0, 0, 97887, 49.02, 34, 180, 12481
2026/09/15 14:45:18.357, 2, NVIDIA RTX PRO 6000 Blackwell Server Edition, P0, 0, 0, 0, 97887, 50.79, 34, 180, 12481
2026/09/15 14:45:18.360, 3, NVIDIA RTX PRO 6000 Blackwell Server Edition, P0, 0, 0, 0, 97887, 48.60, 34, 180, 12481
2026/09/15 14:45:18.362, 4, NVIDIA RTX PRO 6000 Blackwell Server Edition, P0, 0, 0, 0, 97887, 48.15, 34, 180, 12481
2026/09/15 14:45:18.364, 5, NVIDIA RTX PRO 6000 Blackwell Server Edition, P0, 0, 0, 0, 97887, 48.72, 34, 180, 12481
2026/09/15 14:45:18.366, 6, NVIDIA RTX PRO 6000 Blackwell Server Edition, P0, 0, 0, 0, 97887, 48.54, 34, 180, 12481
2026/09/15 14:45:18.368, 7, NVIDIA RTX PRO 6000 Blackwell Server Edition, P0, 0, 0, 0, 97887, 47.08, 34, 180, 12481
2026/09/15 14:45:19.439, 0, NVIDIA RTX PRO 6000 Blackwell Server Edition, P0, 0, 0, 0, 97887, 48.87, 34, 180, 12481
2026/09/15 14:45:19.442, 1, NVIDIA RTX PRO 6000 Blackwell Server Edition, P0, 0, 0, 0, 97887, 49.02, 34, 180, 12481
2026/09/15 14:45:19.444, 2, NVIDIA RTX PRO 6000 Blackwell Server Edition, P0, 0, 0, 0, 97887, 50.76, 34, 180, 12481
2026/09/15 14:45:19.446, 3, NVIDIA RTX PRO 6000 Blackwell Server Edition, P0, 0, 0, 0, 97887, 48.60, 34, 180, 12481
2026/09/15 14:45:19.448, 4, NVIDIA RTX PRO 6000 Blackwell Server Edition, P0, 0, 0, 0, 97887, 48.16, 34, 180, 12481
2026/09/15 14:45:19.451, 5, NVIDIA RTX PRO 6000 Blackwell Server Edition, P0, 0, 0, 0, 97887, 48.79, 34, 180, 12481
2026/09/15 14:45:19.453, 6, NVIDIA RTX PRO 6000 Blackwell Server Edition, P0, 0, 0, 0, 97887, 48.54, 34, 180, 12481
2026/09/15 14:45:19.455, 7, NVIDIA RTX PRO 6000 Blackwell Server Edition, P0, 0, 0, 0, 97887, 47.08, 34, 180, 12481
2026/09/15 14:45:20.526, 0, NVIDIA RTX PRO 6000 Blackwell Server Edition, P0, 0, 0, 0, 97887, 48.74, 34, 180, 12481
2026/09/15 14:45:20.529, 1, NVIDIA RTX PRO 6000 Blackwell Server Edition, P0, 0, 0, 0, 97887, 49.02, 34, 180, 12481
2026/09/15 14:45:20.531, 2, NVIDIA RTX PRO 6000 Blackwell Server Edition, P0, 0, 0, 0, 97887, 50.74, 34, 180, 12481
2026/09/15 14:45:20.533, 3, NVIDIA RTX PRO 6000 Blackwell Server Edition, P0, 0, 0, 0, 97887, 48.60, 34, 180, 12481
2026/09/15 14:45:20.535, 4, NVIDIA RTX PRO 6000 Blackwell Server Edition, P0, 0, 0, 0, 97887, 48.15, 34, 180, 12481
2026/09/15 14:45:20.538, 5, NVIDIA RTX PRO 6000 Blackwell Server Edition, P0, 0, 0, 0, 97887, 48.78, 34, 180, 12481
2026/09/15 14:45:20.540, 6, NVIDIA RTX PRO 6000 Blackwell Server Edition, P0, 0, 0, 0, 97887, 48.55, 34, 180, 12481
2026/09/15 14:45:20.542, 7, NVIDIA RTX PRO 6000 Blackwell Server Edition, P0, 0, 0, 0, 97887, 47.08, 34, 180, 12481
2026/09/15 14:45:21.613, 0, NVIDIA RTX PRO 6000 Blackwell Server Edition, P0, 0, 0, 0, 97887, 48.74, 34, 180, 12481
2026/09/15 14:45:21.616, 1, NVIDIA RTX PRO 6000 Blackwell Server Edition, P0, 0, 0, 0, 97887, 49.02, 34, 180, 12481
2026/09/15 14:45:21.618, 2, NVIDIA RTX PRO 6000 Blackwell Server Edition, P0, 0, 0, 0, 97887, 50.71, 34, 180, 12481
2026/09/15 14:45:21.620, 3, NVIDIA RTX PRO 6000 Blackwell Server Edition, P0, 0, 0, 0, 97887, 48.60, 34, 180, 12481
2026/09/15 14:45:21.622, 4, NVIDIA RTX PRO 6000 Blackwell Server Edition, P0, 0, 0, 0, 97887, 48.15, 34, 180, 12481
2026/09/15 14:45:21.624, 5, NVIDIA RTX PRO 6000 Blackwell Server Edition, P0, 0, 0, 0, 97887, 48.81, 34, 180, 12481
2026/09/15 14:45:21.627, 6, NVIDIA RTX PRO 6000 Blackwell Server Edition, P0, 0, 0, 0, 97887, 48.53, 34, 180, 12481
2026/09/15 14:45:21.629, 7, NVIDIA RTX PRO 6000 Blackwell Server Edition, P0, 0, 0, 0, 97887, 47.08, 34, 180, 12481
2026/09/15 14:45:22.700, 0, NVIDIA RTX PRO 6000 Blackwell Server Edition, P0, 0, 0, 0, 97887, 48.71, 34, 180, 12481
2026/09/15 14:45:22.702, 1, NVIDIA RTX PRO 6000 Blackwell Server Edition, P0, 0, 0, 0, 97887, 49.02, 34, 180, 12481
2026/09/15 14:45:22.705, 2, NVIDIA RTX PRO 6000 Blackwell Server Edition, P0, 0, 0, 0, 97887, 50.77, 34, 180, 12481
2026/09/15 14:45:22.707, 3, NVIDIA RTX PRO 6000 Blackwell Server Edition, P0, 0, 0, 0, 97887, 48.60, 34, 180, 12481
2026/09/15 14:45:22.709, 4, NVIDIA RTX PRO 6000 Blackwell Server Edition, P0, 0, 0, 0, 97887, 48.17, 34, 180, 12481
2026/09/15 14:45:22.711, 5, NVIDIA RTX PRO 6000 Blackwell Server Edition, P0, 0, 0, 0, 97887, 48.76, 34, 180, 12481
2026/09/15 14:45:22.713, 6, NVIDIA RTX PRO 6000 Blackwell Server Edition, P0, 0, 0, 0, 97887, 48.54, 34, 180, 12481
2026/09/15 14:45:22.716, 7, NVIDIA RTX PRO 6000 Blackwell Server Edition, P0, 0, 0, 0, 97887, 47.08, 34, 180, 12481
2026/09/15 14:45:23.785, 0, NVIDIA RTX PRO 6000 Blackwell Server Edition, P0, 0, 0, 0, 97887, 48.76, 34, 180, 12481
2026/09/15 14:45:23.787, 1, NVIDIA RTX PRO 6000 Blackwell Server Edition, P0, 0, 0, 0, 97887, 49.02, 34, 180, 12481
2026/09/15 14:45:23.789, 2, NVIDIA RTX PRO 6000 Blackwell Server Edition, P0, 0, 0, 0, 97887, 50.78, 34, 180, 12481
2026/09/15 14:45:23.792, 3, NVIDIA RTX PRO 6000 Blackwell Server Edition, P0, 0, 0, 0, 97887, 48.60, 34, 180, 12481
2026/09/15 14:45:23.794, 4, NVIDIA RTX PRO 6000 Blackwell Server Edition, P0, 0, 0, 0, 97887, 48.16, 34, 180, 12481
2026/09/15 14:45:23.796, 5, NVIDIA RTX PRO 6000 Blackwell Server Edition, P0, 0, 0, 0, 97887, 48.77, 34, 180, 12481
2026/09/15 14:45:23.798, 6, NVIDIA RTX PRO 6000 Blackwell Server Edition, P0, 0, 0, 0, 97887, 48.54, 34, 180, 12481
2026/09/15 14:45:23.800, 7, NVIDIA RTX PRO 6000 Blackwell Server Edition, P0, 0, 0, 0, 97887, 47.08, 34, 180, 12481
2026/09/15 14:45:24.870, 0, NVIDIA RTX PRO 6000 Blackwell Server Edition, P0, 0, 0, 0, 97887, 48.71, 34, 180, 12481
2026/09/15 14:45:24.873, 1, NVIDIA RTX PRO 6000 Blackwell Server Edition, P0, 0, 0, 0, 97887, 49.02, 34, 180, 12481
2026/09/15 14:45:24.875, 2, NVIDIA RTX PRO 6000 Blackwell Server Edition, P0, 0, 0, 0, 97887, 50.74, 34, 180, 12481
2026/09/15 14:45:24.877, 3, NVIDIA RTX PRO 6000 Blackwell Server Edition, P0, 0, 0, 0, 97887, 48.60, 34, 180, 12481
2026/09/15 14:45:24.879, 4, NVIDIA RTX PRO 6000 Blackwell Server Edition, P0, 0, 0, 0, 97887, 48.15, 34, 180, 12481
2026/09/15 14:45:24.882, 5, NVIDIA RTX PRO 6000 Blackwell Server Edition, P0, 0, 0, 0, 97887, 48.77, 34, 180, 12481
2026/09/15 14:45:24.884, 6, NVIDIA RTX PRO 6000 Blackwell Server Edition, P0, 0, 0, 0, 97887, 48.54, 34, 180, 12481
2026/09/15 14:45:24.886, 7, NVIDIA RTX PRO 6000 Blackwell Server Edition, P0, 0, 0, 0, 97887, 47.08, 34, 180, 12481
2026/09/15 14:45:25.956, 0, NVIDIA RTX PRO 6000 Blackwell Server Edition, P0, 0, 0, 0, 97887, 48.78, 34, 180, 12481
2026/09/15 14:45:25.958, 1, NVIDIA RTX PRO 6000 Blackwell Server Edition, P0, 0, 0, 0, 97887, 49.02, 34, 180, 12481
2026/09/15 14:45:25.960, 2, NVIDIA RTX PRO 6000 Blackwell Server Edition, P0, 0, 0, 0, 97887, 50.72, 34, 180, 12481
2026/09/15 14:45:25.962, 3, NVIDIA RTX PRO 6000 Blackwell Server Edition, P0, 0, 0, 0, 97887, 48.60, 34, 180, 12481
2026/09/15 14:45:25.965, 4, NVIDIA RTX PRO 6000 Blackwell Server Edition, P0, 0, 0, 0, 97887, 48.17, 34, 180, 12481
2026/09/15 14:45:25.967, 5, NVIDIA RTX PRO 6000 Blackwell Server Edition, P0, 0, 0, 0, 97887, 48.77, 34, 180, 12481
2026/09/15 14:45:25.969, 6, NVIDIA RTX PRO 6000 Blackwell Server Edition, P0, 0, 0, 0, 97887, 48.55, 34, 180, 12481
2026/09/15 14:45:25.971, 7, NVIDIA RTX PRO 6000 Blackwell Server Edition, P0, 0, 0, 0, 97887, 47.08, 34, 180, 12481
2026/09/15 14:45:27.042, 0, NVIDIA RTX PRO 6000 Blackwell Server Edition, P0, 0, 0, 0, 97887, 48.81, 34, 180, 12481
2026/09/15 14:45:27.044, 1, NVIDIA RTX PRO 6000 Blackwell Server Edition, P0, 0, 0, 0, 97887, 49.02, 34, 180, 12481
2026/09/15 14:45:27.047, 2, NVIDIA RTX PRO 6000 Blackwell Server Edition, P0, 0, 0, 0, 97887, 50.75, 34, 180, 12481
2026/09/15 14:45:27.049, 3, NVIDIA RTX PRO 6000 Blackwell Server Edition, P0, 0, 0, 0, 97887, 48.60, 34, 180, 12481
2026/09/15 14:45:27.051, 4, NVIDIA RTX PRO 6000 Blackwell Server Edition, P0, 0, 0, 0, 97887, 48.16, 34, 180, 12481
2026/09/15 14:45:27.053, 5, NVIDIA RTX PRO 6000 Blackwell Server Edition, P0, 0, 0, 0, 97887, 48.77, 34, 180, 12481
2026/09/15 14:45:27.055, 6, NVIDIA RTX PRO 6000 Blackwell Server Edition, P0, 0, 0, 0, 97887, 48.53, 34, 180, 12481
2026/09/15 14:45:27.058, 7, NVIDIA RTX PRO 6000 Blackwell Server Edition, P0, 0, 0, 0, 97887, 47.08, 34, 180, 12481
2026/09/15 14:45:28.128, 0, NVIDIA RTX PRO 6000 Blackwell Server Edition, P0, 0, 0, 0, 97887, 48.72, 34, 180, 12481
2026/09/15 14:45:28.131, 1, NVIDIA RTX PRO 6000 Blackwell Server Edition, P0, 0, 0, 0, 97887, 49.02, 34, 180, 12481
2026/09/15 14:45:28.133, 2, NVIDIA RTX PRO 6000 Blackwell Server Edition, P0, 0, 0, 0, 97887, 50.76, 34, 180, 12481
2026/09/15 14:45:28.135, 3, NVIDIA RTX PRO 6000 Blackwell Server Edition, P0, 0, 0, 0, 97887, 48.60, 34, 180, 12481
2026/09/15 14:45:28.137, 4, NVIDIA RTX PRO 6000 Blackwell Server Edition, P0, 0, 0, 0, 97887, 48.14, 34, 180, 12481
2026/09/15 14:45:28.139, 5, NVIDIA RTX PRO 6000 Blackwell Server Edition, P0, 0, 0, 0, 97887, 48.76, 34, 180, 12481
2026/09/15 14:45:28.142, 6, NVIDIA RTX PRO 6000 Blackwell Server Edition, P0, 0, 0, 0, 97887, 48.53, 34, 180, 12481
2026/09/15 14:45:28.144, 7, NVIDIA RTX PRO 6000 Blackwell Server Edition, P0, 0, 0, 0, 97887, 47.09, 34, 180, 12481
2026/09/15 14:45:29.215, 0, NVIDIA RTX PRO 6000 Blackwell Server Edition, P0, 0, 0, 0, 97887, 48.76, 34, 180, 12481
2026/09/15 14:45:29.217, 1, NVIDIA RTX PRO 6000 Blackwell Server Edition, P0, 0, 0, 0, 97887, 49.02, 34, 180, 12481
2026/09/15 14:45:29.219, 2, NVIDIA RTX PRO 6000 Blackwell Server Edition, P0, 0, 0, 0, 97887, 50.78, 34, 180, 12481
2026/09/15 14:45:29.221, 3, NVIDIA RTX PRO 6000 Blackwell Server Edition, P0, 0, 0, 0, 97887, 48.59, 34, 180, 12481
2026/09/15 14:45:29.224, 4, NVIDIA RTX PRO 6000 Blackwell Server Edition, P0, 0, 0, 0, 97887, 48.15, 34, 180, 12481
2026/09/15 14:45:29.226, 5, NVIDIA RTX PRO 6000 Blackwell Server Edition, P0, 0, 0, 0, 97887, 48.70, 34, 180, 12481
2026/09/15 14:45:29.228, 6, NVIDIA RTX PRO 6000 Blackwell Server Edition, P0, 0, 0, 0, 97887, 48.55, 34, 180, 12481
2026/09/15 14:45:29.230, 7, NVIDIA RTX PRO 6000 Blackwell Server Edition, P0, 0, 0, 0, 97887, 47.08, 34, 180, 12481
2026/09/15 14:45:30.301, 0, NVIDIA RTX PRO 6000 Blackwell Server Edition, P0, 0, 0, 0, 97887, 48.78, 34, 180, 12481
2026/09/15 14:45:30.304, 1, NVIDIA RTX PRO 6000 Blackwell Server Edition, P0, 0, 0, 0, 97887, 49.03, 34, 180, 12481
2026/09/15 14:45:30.306, 2, NVIDIA RTX PRO 6000 Blackwell Server Edition, P0, 0, 0, 0, 97887, 50.73, 34, 180, 12481
2026/09/15 14:45:30.308, 3, NVIDIA RTX PRO 6000 Blackwell Server Edition, P0, 0, 0, 0, 97887, 48.60, 34, 180, 12481
2026/09/15 14:45:30.311, 4, NVIDIA RTX PRO 6000 Blackwell Server Edition, P0, 0, 0, 0, 97887, 48.16, 34, 180, 12481
2026/09/15 14:45:30.313, 5, NVIDIA RTX PRO 6000 Blackwell Server Edition, P0, 0, 0, 0, 97887, 48.78, 34, 180, 12481
2026/09/15 14:45:30.315, 6, NVIDIA RTX PRO 6000 Blackwell Server Edition, P0, 0, 0, 0, 97887, 48.54, 34, 180, 12481
2026/09/15 14:45:30.317, 7, NVIDIA RTX PRO 6000 Blackwell Server Edition, P0, 0, 0, 0, 97887, 47.08, 34, 180, 12481
2026/09/15 14:45:31.389, 0, NVIDIA RTX PRO 6000 Blackwell Server Edition, P0, 0, 0, 0, 97887, 48.74, 34, 172, 12481
2026/09/15 14:45:31.391, 1, NVIDIA RTX PRO 6000 Blackwell Server Edition, P0, 0, 0, 0, 97887, 49.03, 34, 180, 12481
2026/09/15 14:45:31.393, 2, NVIDIA RTX PRO 6000 Blackwell Server Edition, P0, 0, 0, 0, 97887, 50.78, 34, 180, 12481
2026/09/15 14:45:31.395, 3, NVIDIA RTX PRO 6000 Blackwell Server Edition, P0, 0, 0, 0, 97887, 48.60, 34, 180, 12481
2026/09/15 14:45:31.398, 4, NVIDIA RTX PRO 6000 Blackwell Server Edition, P0, 0, 0, 0, 97887, 48.15, 34, 180, 12481
2026/09/15 14:45:31.400, 5, NVIDIA RTX PRO 6000 Blackwell Server Edition, P0, 0, 0, 0, 97887, 48.77, 34, 180, 12481
2026/09/15 14:45:31.402, 6, NVIDIA RTX PRO 6000 Blackwell Server Edition, P0, 0, 0, 0, 97887, 48.54, 34, 180, 12481
2026/09/15 14:45:31.404, 7, NVIDIA RTX PRO 6000 Blackwell Server Edition, P0, 0, 0, 0, 97887, 47.08, 34, 180, 12481
2026/09/15 14:45:32.475, 0, NVIDIA RTX PRO 6000 Blackwell Server Edition, P0, 0, 0, 0, 97887, 48.75, 34, 180, 12481
2026/09/15 14:45:32.477, 1, NVIDIA RTX PRO 6000 Blackwell Server Edition, P0, 0, 0, 0, 97887, 49.02, 34, 180, 12481
2026/09/15 14:45:32.479, 2, NVIDIA RTX PRO 6000 Blackwell Server Edition, P0, 0, 0, 0, 97887, 50.74, 34, 180, 12481
2026/09/15 14:45:32.482, 3, NVIDIA RTX PRO 6000 Blackwell Server Edition, P0, 0, 0, 0, 97887, 48.60, 34, 180, 12481
2026/09/15 14:45:32.484, 4, NVIDIA RTX PRO 6000 Blackwell Server Edition, P0, 0, 0, 0, 97887, 48.16, 34, 180, 12481
2026/09/15 14:45:32.486, 5, NVIDIA RTX PRO 6000 Blackwell Server Edition, P0, 0, 0, 0, 97887, 48.79, 34, 180, 12481
2026/09/15 14:45:32.488, 6, NVIDIA RTX PRO 6000 Blackwell Server Edition, P0, 0, 0, 0, 97887, 48.54, 34, 180, 12481
2026/09/15 14:45:32.490, 7, NVIDIA RTX PRO 6000 Blackwell Server Edition, P0, 0, 0, 0, 97887, 47.08, 34, 180, 12481
2026/09/15 14:45:33.559, 0, NVIDIA RTX PRO 6000 Blackwell Server Edition, P0, 0, 0, 0, 97887, 48.75, 34, 180, 12481
2026/09/15 14:45:33.562, 1, NVIDIA RTX PRO 6000 Blackwell Server Edition, P0, 0, 0, 0, 97887, 49.03, 34, 180, 12481
2026/09/15 14:45:33.564, 2, NVIDIA RTX PRO 6000 Blackwell Server Edition, P0, 0, 0, 0, 97887, 50.77, 34, 180, 12481
2026/09/15 14:45:33.566, 3, NVIDIA RTX PRO 6000 Blackwell Server Edition, P0, 0, 0, 0, 97887, 48.60, 34, 180, 12481
2026/09/15 14:45:33.568, 4, NVIDIA RTX PRO 6000 Blackwell Server Edition, P0, 0, 0, 0, 97887, 48.15, 34, 180, 12481
2026/09/15 14:45:33.570, 5, NVIDIA RTX PRO 6000 Blackwell Server Edition, P0, 0, 0, 0, 97887, 48.75, 34, 180, 12481
2026/09/15 14:45:33.573, 6, NVIDIA RTX PRO 6000 Blackwell Server Edition, P0, 0, 0, 0, 97887, 48.55, 34, 180, 12481
2026/09/15 14:45:33.575, 7, NVIDIA RTX PRO 6000 Blackwell Server Edition, P0, 0, 0, 0, 97887, 47.08, 34, 180, 12481
2026/09/15 14:45:34.647, 0, NVIDIA RTX PRO 6000 Blackwell Server Edition, P0, 0, 0, 0, 97887, 48.79, 34, 180, 12481
2026/09/15 14:45:34.649, 1, NVIDIA RTX PRO 6000 Blackwell Server Edition, P0, 0, 0, 0, 97887, 49.02, 34, 180, 12481
2026/09/15 14:45:34.652, 2, NVIDIA RTX PRO 6000 Blackwell Server Edition, P0, 0, 0, 0, 97887, 50.76, 34, 180, 12481
2026/09/15 14:45:34.654, 3, NVIDIA RTX PRO 6000 Blackwell Server Edition, P0, 0, 0, 0, 97887, 48.60, 34, 180, 12481
2026/09/15 14:45:34.656, 4, NVIDIA RTX PRO 6000 Blackwell Server Edition, P0, 0, 0, 0, 97887, 48.16, 34, 180, 12481
2026/09/15 14:45:34.658, 5, NVIDIA RTX PRO 6000 Blackwell Server Edition, P0, 0, 0, 0, 97887, 48.83, 34, 180, 12481
2026/09/15 14:45:34.660, 6, NVIDIA RTX PRO 6000 Blackwell Server Edition, P0, 0, 0, 0, 97887, 48.53, 34, 180, 12481
2026/09/15 14:45:34.663, 7, NVIDIA RTX PRO 6000 Blackwell Server Edition, P0, 0, 0, 0, 97887, 47.09, 34, 180, 12481
2026/09/15 14:45:35.732, 0, NVIDIA RTX PRO 6000 Blackwell Server Edition, P0, 0, 0, 0, 97887, 48.76, 34, 180, 12481
2026/09/15 14:45:35.735, 1, NVIDIA RTX PRO 6000 Blackwell Server Edition, P0, 0, 0, 0, 97887, 49.02, 34, 180, 12481
2026/09/15 14:45:35.737, 2, NVIDIA RTX PRO 6000 Blackwell Server Edition, P0, 0, 0, 0, 97887, 50.73, 34, 172, 12481
2026/09/15 14:45:35.739, 3, NVIDIA RTX PRO 6000 Blackwell Server Edition, P0, 0, 0, 0, 97887, 48.60, 34, 180, 12481
2026/09/15 14:45:35.741, 4, NVIDIA RTX PRO 6000 Blackwell Server Edition, P0, 0, 0, 0, 97887, 48.16, 34, 180, 12481
2026/09/15 14:45:35.744, 5, NVIDIA RTX PRO 6000 Blackwell Server Edition, P0, 0, 0, 0, 97887, 48.76, 34, 180, 12481
2026/09/15 14:45:35.746, 6, NVIDIA RTX PRO 6000 Blackwell Server Edition, P0, 0, 0, 0, 97887, 48.55, 34, 180, 12481
2026/09/15 14:45:35.748, 7, NVIDIA RTX PRO 6000 Blackwell Server Edition, P0, 0, 0, 0, 97887, 47.08, 34, 180, 12481
2026/09/15 14:45:36.820, 0, NVIDIA RTX PRO 6000 Blackwell Server Edition, P0, 0, 0, 0, 97887, 48.71, 34, 180, 12481
2026/09/15 14:45:36.822, 1, NVIDIA RTX PRO 6000 Blackwell Server Edition, P0, 0, 0, 0, 97887, 49.02, 34, 180, 12481
2026/09/15 14:45:36.824, 2, NVIDIA RTX PRO 6000 Blackwell Server Edition, P0, 0, 0, 0, 97887, 50.71, 34, 180, 12481
2026/09/15 14:45:36.826, 3, NVIDIA RTX PRO 6000 Blackwell Server Edition, P0, 0, 0, 0, 97887, 48.60, 34, 180, 12481
2026/09/15 14:45:36.829, 4, NVIDIA RTX PRO 6000 Blackwell Server Edition, P0, 0, 0, 0, 97887, 48.16, 34, 180, 12481
2026/09/15 14:45:36.831, 5, NVIDIA RTX PRO 6000 Blackwell Server Edition, P0, 0, 0, 0, 97887, 48.78, 34, 180, 12481
2026/09/15 14:45:36.833, 6, NVIDIA RTX PRO 6000 Blackwell Server Edition, P0, 0, 0, 0, 97887, 48.55, 34, 180, 12481
2026/09/15 14:45:36.835, 7, NVIDIA RTX PRO 6000 Blackwell Server Edition, P0, 0, 0, 0, 97887, 47.08, 34, 180, 12481
2026/09/15 14:45:37.907, 0, NVIDIA RTX PRO 6000 Blackwell Server Edition, P0, 0, 0, 0, 97887, 48.79, 34, 180, 12481
2026/09/15 14:45:37.910, 1, NVIDIA RTX PRO 6000 Blackwell Server Edition, P0, 0, 0, 0, 97887, 49.02, 34, 180, 12481
2026/09/15 14:45:37.912, 2, NVIDIA RTX PRO 6000 Blackwell Server Edition, P0, 0, 0, 0, 97887, 50.80, 34, 180, 12481
2026/09/15 14:45:37.914, 3, NVIDIA RTX PRO 6000 Blackwell Server Edition, P0, 0, 0, 0, 97887, 48.60, 34, 180, 12481
2026/09/15 14:45:37.916, 4, NVIDIA RTX PRO 6000 Blackwell Server Edition, P0, 0, 0, 0, 97887, 48.15, 34, 180, 12481
2026/09/15 14:45:37.919, 5, NVIDIA RTX PRO 6000 Blackwell Server Edition, P0, 0, 0, 0, 97887, 48.79, 34, 172, 12481
2026/09/15 14:45:37.921, 6, NVIDIA RTX PRO 6000 Blackwell Server Edition, P0, 0, 0, 0, 97887, 48.54, 34, 180, 12481
2026/09/15 14:45:37.923, 7, NVIDIA RTX PRO 6000 Blackwell Server Edition, P0, 0, 0, 0, 97887, 47.08, 34, 180, 12481
2026/09/15 14:45:38.992, 0, NVIDIA RTX PRO 6000 Blackwell Server Edition, P0, 0, 0, 0, 97887, 48.75, 34, 180, 12481
2026/09/15 14:45:38.995, 1, NVIDIA RTX PRO 6000 Blackwell Server Edition, P0, 0, 0, 0, 97887, 49.02, 34, 180, 12481
2026/09/15 14:45:38.997, 2, NVIDIA RTX PRO 6000 Blackwell Server Edition, P0, 0, 0, 0, 97887, 50.78, 34, 180, 12481
2026/09/15 14:45:38.999, 3, NVIDIA RTX PRO 6000 Blackwell Server Edition, P0, 0, 0, 0, 97887, 48.60, 34, 172, 12481
2026/09/15 14:45:39.001, 4, NVIDIA RTX PRO 6000 Blackwell Server Edition, P0, 0, 0, 0, 97887, 48.15, 34, 180, 12481
2026/09/15 14:45:39.003, 5, NVIDIA RTX PRO 6000 Blackwell Server Edition, P0, 0, 0, 0, 97887, 48.73, 34, 180, 12481
2026/09/15 14:45:39.006, 6, NVIDIA RTX PRO 6000 Blackwell Server Edition, P0, 0, 0, 0, 97887, 48.54, 34, 180, 12481
2026/09/15 14:45:39.008, 7, NVIDIA RTX PRO 6000 Blackwell Server Edition, P0, 0, 0, 0, 97887, 47.08, 34, 180, 12481
2026/09/15 14:45:40.078, 0, NVIDIA RTX PRO 6000 Blackwell Server Edition, P0, 0, 0, 0, 97887, 48.74, 34, 180, 12481
2026/09/15 14:45:40.080, 1, NVIDIA RTX PRO 6000 Blackwell Server Edition, P0, 0, 0, 0, 97887, 49.02, 34, 180, 12481
2026/09/15 14:45:40.082, 2, NVIDIA RTX PRO 6000 Blackwell Server Edition, P0, 0, 0, 0, 97887, 50.76, 34, 180, 12481
2026/09/15 14:45:40.084, 3, NVIDIA RTX PRO 6000 Blackwell Server Edition, P0, 0, 0, 0, 97887, 48.60, 34, 180, 12481
2026/09/15 14:45:40.086, 4, NVIDIA RTX PRO 6000 Blackwell Server Edition, P0, 0, 0, 0, 97887, 48.16, 34, 180, 12481
2026/09/15 14:45:40.089, 5, NVIDIA RTX PRO 6000 Blackwell Server Edition, P0, 0, 0, 0, 97887, 48.72, 34, 180, 12481
2026/09/15 14:45:40.091, 6, NVIDIA RTX PRO 6000 Blackwell Server Edition, P0, 0, 0, 0, 97887, 48.55, 34, 180, 12481
2026/09/15 14:45:40.093, 7, NVIDIA RTX PRO 6000 Blackwell Server Edition, P0, 0, 0, 0, 97887, 47.08, 34, 180, 12481
2026/09/15 14:45:41.165, 0, NVIDIA RTX PRO 6000 Blackwell Server Edition, P0, 0, 0, 0, 97887, 48.73, 34, 180, 12481
2026/09/15 14:45:41.167, 1, NVIDIA RTX PRO 6000 Blackwell Server Edition, P0, 0, 0, 0, 97887, 49.02, 34, 180, 12481
2026/09/15 14:45:41.169, 2, NVIDIA RTX PRO 6000 Blackwell Server Edition, P0, 0, 0, 0, 97887, 50.72, 34, 180, 12481
2026/09/15 14:45:41.171, 3, NVIDIA RTX PRO 6000 Blackwell Server Edition, P0, 0, 0, 0, 97887, 48.59, 34, 180, 12481
2026/09/15 14:45:41.174, 4, NVIDIA RTX PRO 6000 Blackwell Server Edition, P0, 0, 0, 0, 97887, 48.15, 34, 180, 12481
2026/09/15 14:45:41.176, 5, NVIDIA RTX PRO 6000 Blackwell Server Edition, P0, 0, 0, 0, 97887, 48.75, 34, 180, 12481
2026/09/15 14:45:41.178, 6, NVIDIA RTX PRO 6000 Blackwell Server Edition, P0, 0, 0, 0, 97887, 48.55, 34, 180, 12481
2026/09/15 14:45:41.181, 7, NVIDIA RTX PRO 6000 Blackwell Server Edition, P0, 0, 0, 0, 97887, 47.08, 34, 180, 12481
2026/09/15 14:45:42.252, 0, NVIDIA RTX PRO 6000 Blackwell Server Edition, P0, 0, 0, 0, 97887, 48.76, 34, 180, 12481
2026/09/15 14:45:42.254, 1, NVIDIA RTX PRO 6000 Blackwell Server Edition, P0, 0, 0, 0, 97887, 49.03, 34, 180, 12481
2026/09/15 14:45:42.256, 2, NVIDIA RTX PRO 6000 Blackwell Server Edition, P0, 0, 0, 0, 97887, 50.66, 34, 180, 12481
2026/09/15 14:45:42.258, 3, NVIDIA RTX PRO 6000 Blackwell Server Edition, P0, 0, 0, 0, 97887, 48.59, 34, 180, 12481
2026/09/15 14:45:42.261, 4, NVIDIA RTX PRO 6000 Blackwell Server Edition, P0, 0, 0, 0, 97887, 48.14, 34, 180, 12481
2026/09/15 14:45:42.263, 5, NVIDIA RTX PRO 6000 Blackwell Server Edition, P0, 0, 0, 0, 97887, 48.80, 34, 180, 12481
2026/09/15 14:45:42.265, 6, NVIDIA RTX PRO 6000 Blackwell Server Edition, P0, 0, 0, 0, 97887, 48.54, 34, 180, 12481
2026/09/15 14:45:42.267, 7, NVIDIA RTX PRO 6000 Blackwell Server Edition, P0, 0, 0, 0, 97887, 47.08, 34, 180, 12481
2026/09/15 14:45:43.338, 0, NVIDIA RTX PRO 6000 Blackwell Server Edition, P0, 0, 0, 0, 97887, 48.77, 34, 180, 12481
2026/09/15 14:45:43.341, 1, NVIDIA RTX PRO 6000 Blackwell Server Edition, P0, 0, 0, 0, 97887, 49.02, 34, 180, 12481
2026/09/15 14:45:43.343, 2, NVIDIA RTX PRO 6000 Blackwell Server Edition, P0, 0, 0, 0, 97887, 50.74, 34, 180, 12481
2026/09/15 14:45:43.345, 3, NVIDIA RTX PRO 6000 Blackwell Server Edition, P0, 0, 0, 0, 97887, 48.60, 34, 180, 12481
2026/09/15 14:45:43.347, 4, NVIDIA RTX PRO 6000 Blackwell Server Edition, P0, 0, 0, 0, 97887, 48.15, 34, 180, 12481
2026/09/15 14:45:43.350, 5, NVIDIA RTX PRO 6000 Blackwell Server Edition, P0, 0, 0, 0, 97887, 48.77, 34, 180, 12481
2026/09/15 14:45:43.352, 6, NVIDIA RTX PRO 6000 Blackwell Server Edition, P0, 0, 0, 0, 97887, 48.54, 34, 180, 12481
2026/09/15 14:45:43.354, 7, NVIDIA RTX PRO 6000 Blackwell Server Edition, P0, 0, 0, 0, 97887, 47.08, 34, 180, 12481
2026/09/15 14:45:44.426, 0, NVIDIA RTX PRO 6000 Blackwell Server Edition, P0, 0, 0, 0, 97887, 48.80, 34, 180, 12481
2026/09/15 14:45:44.428, 1, NVIDIA RTX PRO 6000 Blackwell Server Edition, P0, 0, 0, 0, 97887, 49.02, 34, 180, 12481
2026/09/15 14:45:44.430, 2, NVIDIA RTX PRO 6000 Blackwell Server Edition, P0, 0, 0, 0, 97887, 50.79, 34, 180, 12481
2026/09/15 14:45:44.433, 3, NVIDIA RTX PRO 6000 Blackwell Server Edition, P0, 0, 0, 0, 97887, 48.60, 34, 180, 12481
2026/09/15 14:45:44.435, 4, NVIDIA RTX PRO 6000 Blackwell Server Edition, P0, 0, 0, 0, 97887, 48.16, 34, 180, 12481
2026/09/15 14:45:44.437, 5, NVIDIA RTX PRO 6000 Blackwell Server Edition, P0, 0, 0, 0, 97887, 48.84, 34, 180, 12481
2026/09/15 14:45:44.439, 6, NVIDIA RTX PRO 6000 Blackwell Server Edition, P0, 0, 0, 0, 97887, 48.54, 34, 180, 12481
2026/09/15 14:45:44.442, 7, NVIDIA RTX PRO 6000 Blackwell Server Edition, P0, 0, 0, 0, 97887, 47.08, 34, 180, 12481
2026/09/15 14:45:45.511, 0, NVIDIA RTX PRO 6000 Blackwell Server Edition, P0, 0, 0, 0, 97887, 48.76, 34, 180, 12481
2026/09/15 14:45:45.513, 1, NVIDIA RTX PRO 6000 Blackwell Server Edition, P0, 0, 0, 0, 97887, 49.02, 34, 180, 12481
2026/09/15 14:45:45.515, 2, NVIDIA RTX PRO 6000 Blackwell Server Edition, P0, 0, 0, 0, 97887, 50.78, 34, 180, 12481
2026/09/15 14:45:45.517, 3, NVIDIA RTX PRO 6000 Blackwell Server Edition, P0, 0, 0, 0, 97887, 48.59, 34, 180, 12481
2026/09/15 14:45:45.520, 4, NVIDIA RTX PRO 6000 Blackwell Server Edition, P0, 0, 0, 0, 97887, 48.16, 34, 180, 12481
2026/09/15 14:45:45.522, 5, NVIDIA RTX PRO 6000 Blackwell Server Edition, P0, 0, 0, 0, 97887, 48.79, 34, 180, 12481
2026/09/15 14:45:45.524, 6, NVIDIA RTX PRO 6000 Blackwell Server Edition, P0, 0, 0, 0, 97887, 48.53, 34, 180, 12481
2026/09/15 14:45:45.526, 7, NVIDIA RTX PRO 6000 Blackwell Server Edition, P0, 0, 0, 0, 97887, 47.08, 34, 180, 12481
2026/09/15 14:45:46.598, 0, NVIDIA RTX PRO 6000 Blackwell Server Edition, P0, 0, 0, 0, 97887, 48.84, 34, 180, 12481
2026/09/15 14:45:46.601, 1, NVIDIA RTX PRO 6000 Blackwell Server Edition, P0, 0, 0, 0, 97887, 49.02, 34, 180, 12481
2026/09/15 14:45:46.603, 2, NVIDIA RTX PRO 6000 Blackwell Server Edition, P0, 0, 0, 0, 97887, 50.77, 34, 180, 12481
2026/09/15 14:45:46.605, 3, NVIDIA RTX PRO 6000 Blackwell Server Edition, P0, 0, 0, 0, 97887, 48.59, 34, 180, 12481
2026/09/15 14:45:46.607, 4, NVIDIA RTX PRO 6000 Blackwell Server Edition, P0, 0, 0, 0, 97887, 48.16, 34, 180, 12481
2026/09/15 14:45:46.609, 5, NVIDIA RTX PRO 6000 Blackwell Server Edition, P0, 0, 0, 0, 97887, 48.78, 34, 180, 12481
2026/09/15 14:45:46.612, 6, NVIDIA RTX PRO 6000 Blackwell Server Edition, P0, 0, 0, 0, 97887, 48.54, 34, 172, 12481
2026/09/15 14:45:46.614, 7, NVIDIA RTX PRO 6000 Blackwell Server Edition, P0, 0, 0, 0, 97887, 47.09, 34, 180, 12481
2026/09/15 14:45:47.684, 0, NVIDIA RTX PRO 6000 Blackwell Server Edition, P0, 0, 0, 0, 97887, 48.91, 34, 180, 12481
2026/09/15 14:45:47.687, 1, NVIDIA RTX PRO 6000 Blackwell Server Edition, P0, 0, 0, 0, 97887, 49.02, 34, 180, 12481
2026/09/15 14:45:47.689, 2, NVIDIA RTX PRO 6000 Blackwell Server Edition, P0, 0, 0, 0, 97887, 50.79, 34, 180, 12481
2026/09/15 14:45:47.691, 3, NVIDIA RTX PRO 6000 Blackwell Server Edition, P0, 0, 0, 0, 97887, 48.60, 34, 180, 12481
2026/09/15 14:45:47.693, 4, NVIDIA RTX PRO 6000 Blackwell Server Edition, P0, 0, 0, 0, 97887, 48.17, 34, 180, 12481
2026/09/15 14:45:47.696, 5, NVIDIA RTX PRO 6000 Blackwell Server Edition, P0, 0, 0, 0, 97887, 48.79, 34, 180, 12481
2026/09/15 14:45:47.698, 6, NVIDIA RTX PRO 6000 Blackwell Server Edition, P0, 0, 0, 0, 97887, 48.55, 34, 180, 12481
2026/09/15 14:45:47.700, 7, NVIDIA RTX PRO 6000 Blackwell Server Edition, P0, 0, 0, 0, 97887, 47.09, 34, 180, 12481
2026/09/15 14:45:48.769, 0, NVIDIA RTX PRO 6000 Blackwell Server Edition, P0, 0, 0, 0, 97887, 48.84, 34, 180, 12481
2026/09/15 14:45:48.771, 1, NVIDIA RTX PRO 6000 Blackwell Server Edition, P0, 0, 0, 0, 97887, 49.02, 34, 180, 12481
2026/09/15 14:45:48.774, 2, NVIDIA RTX PRO 6000 Blackwell Server Edition, P0, 0, 0, 0, 97887, 50.78, 34, 180, 12481
2026/09/15 14:45:48.776, 3, NVIDIA RTX PRO 6000 Blackwell Server Edition, P0, 0, 0, 0, 97887, 48.59, 34, 180, 12481
2026/09/15 14:45:48.778, 4, NVIDIA RTX PRO 6000 Blackwell Server Edition, P0, 0, 0, 0, 97887, 48.17, 34, 180, 12481
2026/09/15 14:45:48.780, 5, NVIDIA RTX PRO 6000 Blackwell Server Edition, P0, 0, 0, 0, 97887, 48.74, 34, 180, 12481
2026/09/15 14:45:48.782, 6, NVIDIA RTX PRO 6000 Blackwell Server Edition, P0, 0, 0, 0, 97887, 48.54, 34, 180, 12481
2026/09/15 14:45:48.785, 7, NVIDIA RTX PRO 6000 Blackwell Server Edition, P0, 0, 0, 0, 97887, 47.08, 34, 172, 12481
2026/09/15 14:45:49.856, 0, NVIDIA RTX PRO 6000 Blackwell Server Edition, P0, 0, 0, 0, 97887, 48.82, 34, 180, 12481
2026/09/15 14:45:49.859, 1, NVIDIA RTX PRO 6000 Blackwell Server Edition, P0, 0, 0, 0, 97887, 49.02, 34, 180, 12481
2026/09/15 14:45:49.861, 2, NVIDIA RTX PRO 6000 Blackwell Server Edition, P0, 0, 0, 0, 97887, 50.81, 34, 172, 12481
2026/09/15 14:45:49.863, 3, NVIDIA RTX PRO 6000 Blackwell Server Edition, P0, 0, 0, 0, 97887, 48.60, 34, 180, 12481
2026/09/15 14:45:49.865, 4, NVIDIA RTX PRO 6000 Blackwell Server Edition, P0, 0, 0, 0, 97887, 48.17, 34, 180, 12481
2026/09/15 14:45:49.867, 5, NVIDIA RTX PRO 6000 Blackwell Server Edition, P0, 0, 0, 0, 97887, 48.73, 34, 180, 12481
2026/09/15 14:45:49.870, 6, NVIDIA RTX PRO 6000 Blackwell Server Edition, P0, 0, 0, 0, 97887, 48.54, 34, 180, 12481
2026/09/15 14:45:49.872, 7, NVIDIA RTX PRO 6000 Blackwell Server Edition, P0, 0, 0, 0, 97887, 47.09, 34, 180, 12481
2026/09/15 14:45:50.943, 0, NVIDIA RTX PRO 6000 Blackwell Server Edition, P0, 0, 0, 0, 97887, 48.82, 34, 180, 12481
2026/09/15 14:45:50.945, 1, NVIDIA RTX PRO 6000 Blackwell Server Edition, P0, 0, 0, 0, 97887, 49.02, 34, 180, 12481
2026/09/15 14:45:50.947, 2, NVIDIA RTX PRO 6000 Blackwell Server Edition, P0, 0, 0, 0, 97887, 50.78, 34, 180, 12481
2026/09/15 14:45:50.950, 3, NVIDIA RTX PRO 6000 Blackwell Server Edition, P0, 0, 0, 0, 97887, 48.60, 34, 180, 12481
2026/09/15 14:45:50.952, 4, NVIDIA RTX PRO 6000 Blackwell Server Edition, P0, 0, 0, 0, 97887, 48.16, 34, 180, 12481
2026/09/15 14:45:50.954, 5, NVIDIA RTX PRO 6000 Blackwell Server Edition, P0, 0, 0, 0, 97887, 48.76, 34, 180, 12481
2026/09/15 14:45:50.956, 6, NVIDIA RTX PRO 6000 Blackwell Server Edition, P0, 0, 0, 0, 97887, 48.53, 34, 180, 12481
2026/09/15 14:45:50.959, 7, NVIDIA RTX PRO 6000 Blackwell Server Edition, P0, 0, 0, 0, 97887, 47.09, 34, 180, 12481
2026/09/15 14:45:52.028, 0, NVIDIA RTX PRO 6000 Blackwell Server Edition, P0, 0, 0, 0, 97887, 48.86, 34, 180, 12481
2026/09/15 14:45:52.030, 1, NVIDIA RTX PRO 6000 Blackwell Server Edition, P0, 0, 0, 0, 97887, 49.02, 34, 180, 12481
2026/09/15 14:45:52.032, 2, NVIDIA RTX PRO 6000 Blackwell Server Edition, P0, 0, 0, 0, 97887, 50.83, 34, 180, 12481
2026/09/15 14:45:52.035, 3, NVIDIA RTX PRO 6000 Blackwell Server Edition, P0, 0, 0, 0, 97887, 48.60, 34, 180, 12481
2026/09/15 14:45:52.037, 4, NVIDIA RTX PRO 6000 Blackwell Server Edition, P0, 0, 0, 0, 97887, 48.16, 34, 172, 12481
2026/09/15 14:45:52.039, 5, NVIDIA RTX PRO 6000 Blackwell Server Edition, P0, 0, 0, 0, 97887, 48.77, 34, 180, 12481
2026/09/15 14:45:52.041, 6, NVIDIA RTX PRO 6000 Blackwell Server Edition, P0, 0, 0, 0, 97887, 48.53, 34, 180, 12481
2026/09/15 14:45:52.044, 7, NVIDIA RTX PRO 6000 Blackwell Server Edition, P0, 0, 0, 0, 97887, 47.08, 34, 180, 12481
2026/09/15 14:45:53.113, 0, NVIDIA RTX PRO 6000 Blackwell Server Edition, P0, 0, 0, 0, 97887, 48.87, 34, 180, 12481
2026/09/15 14:45:53.117, 1, NVIDIA RTX PRO 6000 Blackwell Server Edition, P0, 0, 0, 0, 97887, 49.02, 34, 180, 12481
2026/09/15 14:45:53.119, 2, NVIDIA RTX PRO 6000 Blackwell Server Edition, P0, 0, 0, 0, 97887, 50.77, 34, 180, 12481
2026/09/15 14:45:53.121, 3, NVIDIA RTX PRO 6000 Blackwell Server Edition, P0, 0, 0, 0, 97887, 48.60, 34, 180, 12481
2026/09/15 14:45:53.124, 4, NVIDIA RTX PRO 6000 Blackwell Server Edition, P0, 0, 0, 0, 97887, 48.17, 34, 180, 12481
2026/09/15 14:45:53.126, 5, NVIDIA RTX PRO 6000 Blackwell Server Edition, P0, 0, 0, 0, 97887, 48.76, 34, 180, 12481
2026/09/15 14:45:53.128, 6, NVIDIA RTX PRO 6000 Blackwell Server Edition, P0, 0, 0, 0, 97887, 48.54, 34, 180, 12481
2026/09/15 14:45:53.130, 7, NVIDIA RTX PRO 6000 Blackwell Server Edition, P0, 0, 0, 0, 97887, 47.08, 34, 180, 12481
2026/09/15 14:45:54.202, 0, NVIDIA RTX PRO 6000 Blackwell Server Edition, P0, 0, 0, 0, 97887, 48.91, 34, 180, 12481
2026/09/15 14:45:54.204, 1, NVIDIA RTX PRO 6000 Blackwell Server Edition, P0, 0, 0, 0, 97887, 49.03, 34, 180, 12481
2026/09/15 14:45:54.206, 2, NVIDIA RTX PRO 6000 Blackwell Server Edition, P0, 0, 0, 0, 97887, 50.75, 34, 180, 12481
2026/09/15 14:45:54.208, 3, NVIDIA RTX PRO 6000 Blackwell Server Edition, P0, 0, 0, 0, 97887, 48.60, 34, 180, 12481
2026/09/15 14:45:54.211, 4, NVIDIA RTX PRO 6000 Blackwell Server Edition, P0, 0, 0, 0, 97887, 48.15, 34, 180, 12481
2026/09/15 14:45:54.213, 5, NVIDIA RTX PRO 6000 Blackwell Server Edition, P0, 0, 0, 0, 97887, 48.80, 34, 180, 12481
2026/09/15 14:45:54.215, 6, NVIDIA RTX PRO 6000 Blackwell Server Edition, P0, 0, 0, 0, 97887, 48.53, 34, 180, 12481
2026/09/15 14:45:54.217, 7, NVIDIA RTX PRO 6000 Blackwell Server Edition, P0, 0, 0, 0, 97887, 47.08, 34, 180, 12481
2026/09/15 14:45:55.289, 0, NVIDIA RTX PRO 6000 Blackwell Server Edition, P0, 0, 0, 0, 97887, 48.89, 34, 180, 12481
2026/09/15 14:45:55.291, 1, NVIDIA RTX PRO 6000 Blackwell Server Edition, P0, 0, 0, 0, 97887, 49.03, 34, 180, 12481
2026/09/15 14:45:55.293, 2, NVIDIA RTX PRO 6000 Blackwell Server Edition, P0, 0, 0, 0, 97887, 50.81, 34, 180, 12481
2026/09/15 14:45:55.295, 3, NVIDIA RTX PRO 6000 Blackwell Server Edition, P0, 0, 0, 0, 97887, 48.60, 34, 180, 12481
2026/09/15 14:45:55.297, 4, NVIDIA RTX PRO 6000 Blackwell Server Edition, P0, 0, 0, 0, 97887, 48.16, 34, 180, 12481
2026/09/15 14:45:55.300, 5, NVIDIA RTX PRO 6000 Blackwell Server Edition, P0, 0, 0, 0, 97887, 48.74, 34, 180, 12481
2026/09/15 14:45:55.302, 6, NVIDIA RTX PRO 6000 Blackwell Server Edition, P0, 0, 0, 0, 97887, 48.53, 34, 180, 12481
2026/09/15 14:45:55.304, 7, NVIDIA RTX PRO 6000 Blackwell Server Edition, P0, 0, 0, 0, 97887, 47.09, 34, 180, 12481
2026/09/15 14:45:56.376, 0, NVIDIA RTX PRO 6000 Blackwell Server Edition, P0, 0, 0, 0, 97887, 48.83, 34, 180, 12481
2026/09/15 14:45:56.378, 1, NVIDIA RTX PRO 6000 Blackwell Server Edition, P0, 0, 0, 0, 97887, 49.02, 34, 180, 12481
2026/09/15 14:45:56.380, 2, NVIDIA RTX PRO 6000 Blackwell Server Edition, P0, 0, 0, 0, 97887, 50.75, 34, 180, 12481
2026/09/15 14:45:56.382, 3, NVIDIA RTX PRO 6000 Blackwell Server Edition, P0, 0, 0, 0, 97887, 48.60, 34, 180, 12481
2026/09/15 14:45:56.385, 4, NVIDIA RTX PRO 6000 Blackwell Server Edition, P0, 0, 0, 0, 97887, 48.17, 34, 180, 12481
2026/09/15 14:45:56.387, 5, NVIDIA RTX PRO 6000 Blackwell Server Edition, P0, 0, 0, 0, 97887, 48.72, 34, 180, 12481
2026/09/15 14:45:56.389, 6, NVIDIA RTX PRO 6000 Blackwell Server Edition, P0, 0, 0, 0, 97887, 48.54, 34, 180, 12481
2026/09/15 14:45:56.391, 7, NVIDIA RTX PRO 6000 Blackwell Server Edition, P0, 0, 0, 0, 97887, 47.08, 34, 180, 12481
2026/09/15 14:45:57.462, 0, NVIDIA RTX PRO 6000 Blackwell Server Edition, P0, 0, 0, 0, 97887, 48.83, 34, 180, 12481
2026/09/15 14:45:57.464, 1, NVIDIA RTX PRO 6000 Blackwell Server Edition, P0, 0, 0, 0, 97887, 49.02, 34, 180, 12481
2026/09/15 14:45:57.466, 2, NVIDIA RTX PRO 6000 Blackwell Server Edition, P0, 0, 0, 0, 97887, 50.76, 34, 180, 12481
2026/09/15 14:45:57.468, 3, NVIDIA RTX PRO 6000 Blackwell Server Edition, P0, 0, 0, 0, 97887, 48.58, 34, 180, 12481
2026/09/15 14:45:57.470, 4, NVIDIA RTX PRO 6000 Blackwell Server Edition, P0, 0, 0, 0, 97887, 48.16, 34, 180, 12481
2026/09/15 14:45:57.473, 5, NVIDIA RTX PRO 6000 Blackwell Server Edition, P0, 0, 0, 0, 97887, 48.70, 34, 180, 12481
2026/09/15 14:45:57.475, 6, NVIDIA RTX PRO 6000 Blackwell Server Edition, P0, 0, 0, 0, 97887, 48.54, 34, 180, 12481
2026/09/15 14:45:57.477, 7, NVIDIA RTX PRO 6000 Blackwell Server Edition, P0, 0, 0, 0, 97887, 47.08, 34, 180, 12481
2026/09/15 14:45:58.548, 0, NVIDIA RTX PRO 6000 Blackwell Server Edition, P0, 0, 0, 0, 97887, 48.88, 34, 180, 12481
2026/09/15 14:45:58.550, 1, NVIDIA RTX PRO 6000 Blackwell Server Edition, P0, 0, 0, 0, 97887, 49.02, 34, 180, 12481
2026/09/15 14:45:58.553, 2, NVIDIA RTX PRO 6000 Blackwell Server Edition, P0, 0, 0, 0, 97887, 50.76, 34, 180, 12481
2026/09/15 14:45:58.556, 3, NVIDIA RTX PRO 6000 Blackwell Server Edition, P0, 0, 0, 0, 97887, 48.60, 34, 180, 12481
2026/09/15 14:45:58.558, 4, NVIDIA RTX PRO 6000 Blackwell Server Edition, P0, 0, 0, 0, 97887, 48.17, 34, 180, 12481
2026/09/15 14:45:58.560, 5, NVIDIA RTX PRO 6000 Blackwell Server Edition, P0, 0, 0, 0, 97887, 48.77, 34, 180, 12481
2026/09/15 14:45:58.562, 6, NVIDIA RTX PRO 6000 Blackwell Server Edition, P0, 0, 0, 0, 97887, 48.54, 34, 180, 12481
2026/09/15 14:45:58.565, 7, NVIDIA RTX PRO 6000 Blackwell Server Edition, P0, 0, 0, 0, 97887, 47.08, 34, 180, 12481
2026/09/15 14:45:59.635, 0, NVIDIA RTX PRO 6000 Blackwell Server Edition, P0, 0, 0, 0, 97887, 48.89, 34, 180, 12481
2026/09/15 14:45:59.637, 1, NVIDIA RTX PRO 6000 Blackwell Server Edition, P0, 0, 0, 0, 97887, 49.03, 34, 180, 12481
2026/09/15 14:45:59.639, 2, NVIDIA RTX PRO 6000 Blackwell Server Edition, P0, 0, 0, 0, 97887, 50.77, 34, 180, 12481
2026/09/15 14:45:59.642, 3, NVIDIA RTX PRO 6000 Blackwell Server Edition, P0, 0, 0, 0, 97887, 48.60, 34, 180, 12481
2026/09/15 14:45:59.644, 4, NVIDIA RTX PRO 6000 Blackwell Server Edition, P0, 0, 0, 0, 97887, 48.15, 34, 180, 12481
2026/09/15 14:45:59.646, 5, NVIDIA RTX PRO 6000 Blackwell Server Edition, P0, 0, 0, 0, 97887, 48.73, 34, 180, 12481
2026/09/15 14:45:59.648, 6, NVIDIA RTX PRO 6000 Blackwell Server Edition, P0, 0, 0, 0, 97887, 48.53, 34, 180, 12481
2026/09/15 14:45:59.650, 7, NVIDIA RTX PRO 6000 Blackwell Server Edition, P0, 0, 0, 0, 97887, 47.08, 34, 180, 12481
2026/09/15 14:46:00.722, 0, NVIDIA RTX PRO 6000 Blackwell Server Edition, P0, 0, 0, 0, 97887, 48.88, 34, 180, 12481
2026/09/15 14:46:00.725, 1, NVIDIA RTX PRO 6000 Blackwell Server Edition, P0, 0, 0, 0, 97887, 49.03, 34, 180, 12481
2026/09/15 14:46:00.727, 2, NVIDIA RTX PRO 6000 Blackwell Server Edition, P0, 0, 0, 0, 97887, 50.78, 34, 180, 12481
2026/09/15 14:46:00.729, 3, NVIDIA RTX PRO 6000 Blackwell Server Edition, P0, 0, 0, 0, 97887, 48.60, 34, 180, 12481
2026/09/15 14:46:00.731, 4, NVIDIA RTX PRO 6000 Blackwell Server Edition, P0, 0, 0, 0, 97887, 48.15, 34, 180, 12481
2026/09/15 14:46:00.734, 5, NVIDIA RTX PRO 6000 Blackwell Server Edition, P0, 0, 0, 0, 97887, 48.79, 34, 180, 12481
2026/09/15 14:46:00.736, 6, NVIDIA RTX PRO 6000 Blackwell Server Edition, P0, 0, 0, 0, 97887, 48.54, 34, 172, 12481
2026/09/15 14:46:00.738, 7, NVIDIA RTX PRO 6000 Blackwell Server Edition, P0, 0, 0, 0, 97887, 47.08, 34, 180, 12481
2026/09/15 14:46:01.810, 0, NVIDIA RTX PRO 6000 Blackwell Server Edition, P0, 0, 0, 0, 97887, 48.86, 34, 180, 12481
2026/09/15 14:46:01.813, 1, NVIDIA RTX PRO 6000 Blackwell Server Edition, P0, 0, 0, 0, 97887, 49.02, 34, 180, 12481
2026/09/15 14:46:01.815, 2, NVIDIA RTX PRO 6000 Blackwell Server Edition, P0, 0, 0, 0, 97887, 50.79, 34, 180, 12481
2026/09/15 14:46:01.817, 3, NVIDIA RTX PRO 6000 Blackwell Server Edition, P0, 0, 0, 0, 97887, 48.60, 34, 180, 12481
2026/09/15 14:46:01.819, 4, NVIDIA RTX PRO 6000 Blackwell Server Edition, P0, 0, 0, 0, 97887, 48.15, 34, 180, 12481
2026/09/15 14:46:01.822, 5, NVIDIA RTX PRO 6000 Blackwell Server Edition, P0, 0, 0, 0, 97887, 48.79, 34, 180, 12481
2026/09/15 14:46:01.824, 6, NVIDIA RTX PRO 6000 Blackwell Server Edition, P0, 0, 0, 0, 97887, 48.53, 34, 180, 12481
2026/09/15 14:46:01.826, 7, NVIDIA RTX PRO 6000 Blackwell Server Edition, P0, 0, 0, 0, 97887, 47.08, 34, 180, 12481
2026/09/15 14:46:02.897, 0, NVIDIA RTX PRO 6000 Blackwell Server Edition, P0, 0, 0, 0, 97887, 48.83, 34, 180, 12481
2026/09/15 14:46:02.900, 1, NVIDIA RTX PRO 6000 Blackwell Server Edition, P0, 0, 0, 0, 97887, 49.02, 34, 180, 12481
2026/09/15 14:46:02.902, 2, NVIDIA RTX PRO 6000 Blackwell Server Edition, P0, 0, 0, 0, 97887, 50.78, 34, 180, 12481
2026/09/15 14:46:02.904, 3, NVIDIA RTX PRO 6000 Blackwell Server Edition, P0, 0, 0, 0, 97887, 48.60, 34, 180, 12481
2026/09/15 14:46:02.906, 4, NVIDIA RTX PRO 6000 Blackwell Server Edition, P0, 0, 0, 0, 97887, 48.15, 34, 180, 12481
2026/09/15 14:46:02.908, 5, NVIDIA RTX PRO 6000 Blackwell Server Edition, P0, 0, 0, 0, 97887, 48.75, 34, 180, 12481
2026/09/15 14:46:02.910, 6, NVIDIA RTX PRO 6000 Blackwell Server Edition, P0, 0, 0, 0, 97887, 48.54, 34, 180, 12481
2026/09/15 14:46:02.913, 7, NVIDIA RTX PRO 6000 Blackwell Server Edition, P0, 0, 0, 0, 97887, 47.08, 34, 180, 12481
2026/09/15 14:46:03.982, 0, NVIDIA RTX PRO 6000 Blackwell Server Edition, P0, 0, 0, 0, 97887, 48.89, 34, 180, 12481
2026/09/15 14:46:03.984, 1, NVIDIA RTX PRO 6000 Blackwell Server Edition, P0, 0, 0, 0, 97887, 49.02, 34, 180, 12481
2026/09/15 14:46:03.986, 2, NVIDIA RTX PRO 6000 Blackwell Server Edition, P0, 0, 0, 0, 97887, 50.71, 34, 180, 12481
2026/09/15 14:46:03.989, 3, NVIDIA RTX PRO 6000 Blackwell Server Edition, P0, 0, 0, 0, 97887, 48.60, 34, 180, 12481
2026/09/15 14:46:03.991, 4, NVIDIA RTX PRO 6000 Blackwell Server Edition, P0, 0, 0, 0, 97887, 48.17, 34, 180, 12481
2026/09/15 14:46:03.993, 5, NVIDIA RTX PRO 6000 Blackwell Server Edition, P0, 0, 0, 0, 97887, 48.78, 34, 180, 12481
2026/09/15 14:46:03.995, 6, NVIDIA RTX PRO 6000 Blackwell Server Edition, P0, 0, 0, 0, 97887, 48.53, 34, 180, 12481
2026/09/15 14:46:03.998, 7, NVIDIA RTX PRO 6000 Blackwell Server Edition, P0, 0, 0, 0, 97887, 47.08, 34, 180, 12481
2026/09/15 14:46:05.067, 0, NVIDIA RTX PRO 6000 Blackwell Server Edition, P0, 0, 0, 0, 97887, 48.85, 34, 180, 12481
2026/09/15 14:46:05.069, 1, NVIDIA RTX PRO 6000 Blackwell Server Edition, P0, 0, 0, 0, 97887, 49.02, 34, 180, 12481
2026/09/15 14:46:05.071, 2, NVIDIA RTX PRO 6000 Blackwell Server Edition, P0, 0, 0, 0, 97887, 50.72, 34, 180, 12481
2026/09/15 14:46:05.073, 3, NVIDIA RTX PRO 6000 Blackwell Server Edition, P0, 0, 0, 0, 97887, 48.60, 34, 180, 12481
2026/09/15 14:46:05.076, 4, NVIDIA RTX PRO 6000 Blackwell Server Edition, P0, 0, 0, 0, 97887, 48.15, 34, 180, 12481
2026/09/15 14:46:05.078, 5, NVIDIA RTX PRO 6000 Blackwell Server Edition, P0, 0, 0, 0, 97887, 48.73, 34, 180, 12481
2026/09/15 14:46:05.080, 6, NVIDIA RTX PRO 6000 Blackwell Server Edition, P0, 0, 0, 0, 97887, 48.54, 34, 180, 12481
2026/09/15 14:46:05.082, 7, NVIDIA RTX PRO 6000 Blackwell Server Edition, P0, 0, 0, 0, 97887, 47.08, 34, 180, 12481
2026/09/15 14:46:06.152, 0, NVIDIA RTX PRO 6000 Blackwell Server Edition, P0, 0, 0, 0, 97887, 48.86, 34, 180, 12481
2026/09/15 14:46:06.154, 1, NVIDIA RTX PRO 6000 Blackwell Server Edition, P0, 0, 0, 0, 97887, 49.02, 34, 180, 12481
2026/09/15 14:46:06.156, 2, NVIDIA RTX PRO 6000 Blackwell Server Edition, P0, 0, 0, 0, 97887, 50.80, 34, 180, 12481
2026/09/15 14:46:06.159, 3, NVIDIA RTX PRO 6000 Blackwell Server Edition, P0, 0, 0, 0, 97887, 48.60, 34, 180, 12481
2026/09/15 14:46:06.161, 4, NVIDIA RTX PRO 6000 Blackwell Server Edition, P0, 0, 0, 0, 97887, 48.16, 34, 180, 12481
2026/09/15 14:46:06.163, 5, NVIDIA RTX PRO 6000 Blackwell Server Edition, P0, 0, 0, 0, 97887, 48.77, 34, 180, 12481
2026/09/15 14:46:06.165, 6, NVIDIA RTX PRO 6000 Blackwell Server Edition, P0, 0, 0, 0, 97887, 48.54, 34, 180, 12481
2026/09/15 14:46:06.167, 7, NVIDIA RTX PRO 6000 Blackwell Server Edition, P0, 0, 0, 0, 97887, 47.08, 34, 180, 12481
2026/09/15 14:46:07.238, 0, NVIDIA RTX PRO 6000 Blackwell Server Edition, P0, 0, 0, 0, 97887, 48.88, 34, 180, 12481
2026/09/15 14:46:07.240, 1, NVIDIA RTX PRO 6000 Blackwell Server Edition, P0, 0, 0, 0, 97887, 49.03, 34, 180, 12481
2026/09/15 14:46:07.242, 2, NVIDIA RTX PRO 6000 Blackwell Server Edition, P0, 0, 0, 0, 97887, 50.74, 34, 180, 12481
2026/09/15 14:46:07.244, 3, NVIDIA RTX PRO 6000 Blackwell Server Edition, P0, 0, 0, 0, 97887, 48.60, 34, 180, 12481
2026/09/15 14:46:07.247, 4, NVIDIA RTX PRO 6000 Blackwell Server Edition, P0, 0, 0, 0, 97887, 48.15, 34, 180, 12481
2026/09/15 14:46:07.249, 5, NVIDIA RTX PRO 6000 Blackwell Server Edition, P0, 0, 0, 0, 97887, 48.77, 34, 180, 12481
2026/09/15 14:46:07.251, 6, NVIDIA RTX PRO 6000 Blackwell Server Edition, P0, 0, 0, 0, 97887, 48.55, 34, 180, 12481
2026/09/15 14:46:07.253, 7, NVIDIA RTX PRO 6000 Blackwell Server Edition, P0, 0, 0, 0, 97887, 47.08, 34, 180, 12481
2026/09/15 14:46:08.323, 0, NVIDIA RTX PRO 6000 Blackwell Server Edition, P0, 0, 0, 0, 97887, 48.87, 34, 180, 12481
2026/09/15 14:46:08.325, 1, NVIDIA RTX PRO 6000 Blackwell Server Edition, P0, 0, 0, 0, 97887, 49.02, 34, 180, 12481
2026/09/15 14:46:08.328, 2, NVIDIA RTX PRO 6000 Blackwell Server Edition, P0, 0, 0, 0, 97887, 50.75, 34, 180, 12481
2026/09/15 14:46:08.330, 3, NVIDIA RTX PRO 6000 Blackwell Server Edition, P0, 0, 0, 0, 97887, 48.60, 34, 180, 12481
2026/09/15 14:46:08.332, 4, NVIDIA RTX PRO 6000 Blackwell Server Edition, P0, 0, 0, 0, 97887, 48.15, 34, 180, 12481
2026/09/15 14:46:08.334, 5, NVIDIA RTX PRO 6000 Blackwell Server Edition, P0, 0, 0, 0, 97887, 48.74, 34, 180, 12481
2026/09/15 14:46:08.337, 6, NVIDIA RTX PRO 6000 Blackwell Server Edition, P0, 0, 0, 0, 97887, 48.53, 34, 180, 12481
2026/09/15 14:46:08.339, 7, NVIDIA RTX PRO 6000 Blackwell Server Edition, P0, 0, 0, 0, 97887, 47.08, 34, 180, 12481
2026/09/15 14:46:09.410, 0, NVIDIA RTX PRO 6000 Blackwell Server Edition, P0, 0, 0, 0, 97887, 48.83, 34, 180, 12481
2026/09/15 14:46:09.413, 1, NVIDIA RTX PRO 6000 Blackwell Server Edition, P0, 0, 0, 0, 97887, 49.02, 34, 180, 12481
2026/09/15 14:46:09.415, 2, NVIDIA RTX PRO 6000 Blackwell Server Edition, P0, 0, 0, 0, 97887, 50.78, 34, 180, 12481
2026/09/15 14:46:09.417, 3, NVIDIA RTX PRO 6000 Blackwell Server Edition, P0, 0, 0, 0, 97887, 48.60, 34, 180, 12481
2026/09/15 14:46:09.419, 4, NVIDIA RTX PRO 6000 Blackwell Server Edition, P0, 0, 0, 0, 97887, 48.15, 34, 180, 12481
2026/09/15 14:46:09.421, 5, NVIDIA RTX PRO 6000 Blackwell Server Edition, P0, 0, 0, 0, 97887, 48.81, 34, 180, 12481
2026/09/15 14:46:09.424, 6, NVIDIA RTX PRO 6000 Blackwell Server Edition, P0, 0, 0, 0, 97887, 48.53, 34, 180, 12481
2026/09/15 14:46:09.426, 7, NVIDIA RTX PRO 6000 Blackwell Server Edition, P0, 0, 0, 0, 97887, 47.08, 34, 180, 12481
2026/09/15 14:46:10.497, 0, NVIDIA RTX PRO 6000 Blackwell Server Edition, P0, 0, 0, 0, 97887, 48.85, 34, 180, 12481
2026/09/15 14:46:10.500, 1, NVIDIA RTX PRO 6000 Blackwell Server Edition, P0, 0, 0, 0, 97887, 49.02, 34, 180, 12481
2026/09/15 14:46:10.502, 2, NVIDIA RTX PRO 6000 Blackwell Server Edition, P0, 0, 0, 0, 97887, 50.75, 34, 180, 12481
2026/09/15 14:46:10.504, 3, NVIDIA RTX PRO 6000 Blackwell Server Edition, P0, 0, 0, 0, 97887, 48.60, 34, 180, 12481
2026/09/15 14:46:10.506, 4, NVIDIA RTX PRO 6000 Blackwell Server Edition, P0, 0, 0, 0, 97887, 48.16, 34, 180, 12481
2026/09/15 14:46:10.508, 5, NVIDIA RTX PRO 6000 Blackwell Server Edition, P0, 0, 0, 0, 97887, 48.76, 34, 180, 12481
2026/09/15 14:46:10.510, 6, NVIDIA RTX PRO 6000 Blackwell Server Edition, P0, 0, 0, 0, 97887, 48.53, 34, 180, 12481
2026/09/15 14:46:10.513, 7, NVIDIA RTX PRO 6000 Blackwell Server Edition, P0, 0, 0, 0, 97887, 47.09, 34, 180, 12481
2026/09/15 14:46:11.584, 0, NVIDIA RTX PRO 6000 Blackwell Server Edition, P0, 0, 0, 0, 97887, 48.91, 34, 180, 12481
2026/09/15 14:46:11.586, 1, NVIDIA RTX PRO 6000 Blackwell Server Edition, P0, 0, 0, 0, 97887, 49.02, 34, 180, 12481
2026/09/15 14:46:11.588, 2, NVIDIA RTX PRO 6000 Blackwell Server Edition, P0, 0, 0, 0, 97887, 50.79, 34, 180, 12481
2026/09/15 14:46:11.591, 3, NVIDIA RTX PRO 6000 Blackwell Server Edition, P0, 0, 0, 0, 97887, 48.60, 34, 180, 12481
2026/09/15 14:46:11.593, 4, NVIDIA RTX PRO 6000 Blackwell Server Edition, P0, 0, 0, 0, 97887, 48.15, 34, 180, 12481
2026/09/15 14:46:11.595, 5, NVIDIA RTX PRO 6000 Blackwell Server Edition, P0, 0, 0, 0, 97887, 48.74, 34, 180, 12481
2026/09/15 14:46:11.597, 6, NVIDIA RTX PRO 6000 Blackwell Server Edition, P0, 0, 0, 0, 97887, 48.53, 34, 180, 12481
2026/09/15 14:46:11.599, 7, NVIDIA RTX PRO 6000 Blackwell Server Edition, P0, 0, 0, 0, 97887, 47.08, 34, 180, 12481
2026/09/15 14:46:12.671, 0, NVIDIA RTX PRO 6000 Blackwell Server Edition, P0, 0, 0, 0, 97887, 48.81, 34, 180, 12481
2026/09/15 14:46:12.673, 1, NVIDIA RTX PRO 6000 Blackwell Server Edition, P0, 0, 0, 0, 97887, 49.02, 34, 180, 12481
2026/09/15 14:46:12.675, 2, NVIDIA RTX PRO 6000 Blackwell Server Edition, P0, 0, 0, 0, 97887, 50.82, 34, 180, 12481
2026/09/15 14:46:12.677, 3, NVIDIA RTX PRO 6000 Blackwell Server Edition, P0, 0, 0, 0, 97887, 48.60, 34, 180, 12481
2026/09/15 14:46:12.680, 4, NVIDIA RTX PRO 6000 Blackwell Server Edition, P0, 0, 0, 0, 97887, 48.17, 34, 180, 12481
2026/09/15 14:46:12.682, 5, NVIDIA RTX PRO 6000 Blackwell Server Edition, P0, 0, 0, 0, 97887, 48.73, 34, 180, 12481
2026/09/15 14:46:12.684, 6, NVIDIA RTX PRO 6000 Blackwell Server Edition, P0, 0, 0, 0, 97887, 48.54, 34, 180, 12481
2026/09/15 14:46:12.686, 7, NVIDIA RTX PRO 6000 Blackwell Server Edition, P0, 0, 0, 0, 97887, 47.08, 34, 180, 12481
2026/09/15 14:46:13.756, 0, NVIDIA RTX PRO 6000 Blackwell Server Edition, P0, 0, 0, 0, 97887, 48.87, 34, 172, 12481
2026/09/15 14:46:13.759, 1, NVIDIA RTX PRO 6000 Blackwell Server Edition, P0, 0, 0, 0, 97887, 49.02, 34, 180, 12481
2026/09/15 14:46:13.762, 2, NVIDIA RTX PRO 6000 Blackwell Server Edition, P0, 0, 0, 0, 97887, 50.76, 34, 180, 12481
2026/09/15 14:46:13.764, 3, NVIDIA RTX PRO 6000 Blackwell Server Edition, P0, 0, 0, 0, 97887, 48.60, 34, 180, 12481
2026/09/15 14:46:13.766, 4, NVIDIA RTX PRO 6000 Blackwell Server Edition, P0, 0, 0, 0, 97887, 48.15, 34, 180, 12481
2026/09/15 14:46:13.768, 5, NVIDIA RTX PRO 6000 Blackwell Server Edition, P0, 0, 0, 0, 97887, 48.74, 34, 180, 12481
2026/09/15 14:46:13.771, 6, NVIDIA RTX PRO 6000 Blackwell Server Edition, P0, 0, 0, 0, 97887, 48.53, 34, 180, 12481
2026/09/15 14:46:13.773, 7, NVIDIA RTX PRO 6000 Blackwell Server Edition, P0, 0, 0, 0, 97887, 47.08, 34, 180, 12481
2026/09/15 14:46:14.844, 0, NVIDIA RTX PRO 6000 Blackwell Server Edition, P0, 0, 0, 0, 97887, 48.82, 34, 180, 12481
2026/09/15 14:46:14.846, 1, NVIDIA RTX PRO 6000 Blackwell Server Edition, P0, 0, 0, 0, 97887, 49.02, 34, 180, 12481
2026/09/15 14:46:14.849, 2, NVIDIA RTX PRO 6000 Blackwell Server Edition, P0, 0, 0, 0, 97887, 50.74, 34, 180, 12481
2026/09/15 14:46:14.851, 3, NVIDIA RTX PRO 6000 Blackwell Server Edition, P0, 0, 0, 0, 97887, 48.60, 34, 180, 12481
2026/09/15 14:46:14.853, 4, NVIDIA RTX PRO 6000 Blackwell Server Edition, P0, 0, 0, 0, 97887, 48.14, 34, 180, 12481
2026/09/15 14:46:14.855, 5, NVIDIA RTX PRO 6000 Blackwell Server Edition, P0, 0, 0, 0, 97887, 48.76, 34, 180, 12481
2026/09/15 14:46:14.858, 6, NVIDIA RTX PRO 6000 Blackwell Server Edition, P0, 0, 0, 0, 97887, 48.54, 34, 180, 12481
2026/09/15 14:46:14.860, 7, NVIDIA RTX PRO 6000 Blackwell Server Edition, P0, 0, 0, 0, 97887, 47.08, 34, 180, 12481
2026/09/15 14:46:15.931, 0, NVIDIA RTX PRO 6000 Blackwell Server Edition, P0, 0, 0, 0, 97887, 48.83, 34, 180, 12481
2026/09/15 14:46:15.933, 1, NVIDIA RTX PRO 6000 Blackwell Server Edition, P0, 0, 0, 0, 97887, 49.02, 34, 180, 12481
2026/09/15 14:46:15.935, 2, NVIDIA RTX PRO 6000 Blackwell Server Edition, P0, 0, 0, 0, 97887, 50.80, 34, 180, 12481
2026/09/15 14:46:15.937, 3, NVIDIA RTX PRO 6000 Blackwell Server Edition, P0, 0, 0, 0, 97887, 48.60, 34, 180, 12481
2026/09/15 14:46:15.940, 4, NVIDIA RTX PRO 6000 Blackwell Server Edition, P0, 0, 0, 0, 97887, 48.14, 34, 180, 12481
2026/09/15 14:46:15.942, 5, NVIDIA RTX PRO 6000 Blackwell Server Edition, P0, 0, 0, 0, 97887, 48.76, 34, 180, 12481
2026/09/15 14:46:15.944, 6, NVIDIA RTX PRO 6000 Blackwell Server Edition, P0, 0, 0, 0, 97887, 48.54, 34, 180, 12481
2026/09/15 14:46:15.946, 7, NVIDIA RTX PRO 6000 Blackwell Server Edition, P0, 0, 0, 0, 97887, 47.08, 34, 180, 12481
2026/09/15 14:46:17.018, 0, NVIDIA RTX PRO 6000 Blackwell Server Edition, P0, 0, 0, 0, 97887, 48.89, 34, 180, 12481
2026/09/15 14:46:17.021, 1, NVIDIA RTX PRO 6000 Blackwell Server Edition, P0, 0, 0, 0, 97887, 49.02, 34, 180, 12481
2026/09/15 14:46:17.023, 2, NVIDIA RTX PRO 6000 Blackwell Server Edition, P0, 0, 0, 0, 97887, 50.77, 34, 180, 12481
2026/09/15 14:46:17.025, 3, NVIDIA RTX PRO 6000 Blackwell Server Edition, P0, 0, 0, 0, 97887, 48.60, 34, 180, 12481
2026/09/15 14:46:17.027, 4, NVIDIA RTX PRO 6000 Blackwell Server Edition, P0, 0, 0, 0, 97887, 48.16, 34, 180, 12481
2026/09/15 14:46:17.029, 5, NVIDIA RTX PRO 6000 Blackwell Server Edition, P0, 0, 0, 0, 97887, 48.81, 34, 180, 12481
2026/09/15 14:46:17.031, 6, NVIDIA RTX PRO 6000 Blackwell Server Edition, P0, 0, 0, 0, 97887, 48.55, 34, 180, 12481
2026/09/15 14:46:17.034, 7, NVIDIA RTX PRO 6000 Blackwell Server Edition, P0, 0, 0, 0, 97887, 47.08, 34, 172, 12481
2026/09/15 14:46:18.103, 0, NVIDIA RTX PRO 6000 Blackwell Server Edition, P0, 0, 0, 0, 97887, 48.83, 34, 180, 12481
2026/09/15 14:46:18.106, 1, NVIDIA RTX PRO 6000 Blackwell Server Edition, P0, 0, 0, 0, 97887, 49.03, 34, 180, 12481
2026/09/15 14:46:18.108, 2, NVIDIA RTX PRO 6000 Blackwell Server Edition, P0, 0, 0, 0, 97887, 50.83, 34, 172, 12481
2026/09/15 14:46:18.110, 3, NVIDIA RTX PRO 6000 Blackwell Server Edition, P0, 0, 0, 0, 97887, 48.59, 34, 180, 12481
2026/09/15 14:46:18.112, 4, NVIDIA RTX PRO 6000 Blackwell Server Edition, P0, 0, 0, 0, 97887, 48.16, 34, 180, 12481
2026/09/15 14:46:18.114, 5, NVIDIA RTX PRO 6000 Blackwell Server Edition, P0, 0, 0, 0, 97887, 48.79, 34, 180, 12481
2026/09/15 14:46:18.117, 6, NVIDIA RTX PRO 6000 Blackwell Server Edition, P0, 0, 0, 0, 97887, 48.54, 34, 180, 12481
2026/09/15 14:46:18.119, 7, NVIDIA RTX PRO 6000 Blackwell Server Edition, P0, 0, 0, 0, 97887, 47.09, 34, 180, 12481
2026/09/15 14:46:19.190, 0, NVIDIA RTX PRO 6000 Blackwell Server Edition, P0, 0, 0, 0, 97887, 48.81, 34, 180, 12481
2026/09/15 14:46:19.192, 1, NVIDIA RTX PRO 6000 Blackwell Server Edition, P0, 0, 0, 0, 97887, 49.02, 34, 180, 12481
2026/09/15 14:46:19.195, 2, NVIDIA RTX PRO 6000 Blackwell Server Edition, P0, 0, 0, 0, 97887, 50.78, 34, 180, 12481
2026/09/15 14:46:19.197, 3, NVIDIA RTX PRO 6000 Blackwell Server Edition, P0, 0, 0, 0, 97887, 48.60, 34, 180, 12481
2026/09/15 14:46:19.199, 4, NVIDIA RTX PRO 6000 Blackwell Server Edition, P0, 0, 0, 0, 97887, 48.15, 34, 180, 12481
2026/09/15 14:46:19.201, 5, NVIDIA RTX PRO 6000 Blackwell Server Edition, P0, 0, 0, 0, 97887, 48.79, 34, 180, 12481
2026/09/15 14:46:19.203, 6, NVIDIA RTX PRO 6000 Blackwell Server Edition, P0, 0, 0, 0, 97887, 48.53, 34, 180, 12481
2026/09/15 14:46:19.206, 7, NVIDIA RTX PRO 6000 Blackwell Server Edition, P0, 0, 0, 0, 97887, 47.08, 34, 180, 12481
2026/09/15 14:46:20.275, 0, NVIDIA RTX PRO 6000 Blackwell Server Edition, P0, 0, 0, 0, 97887, 48.89, 34, 180, 12481
2026/09/15 14:46:20.278, 1, NVIDIA RTX PRO 6000 Blackwell Server Edition, P0, 0, 0, 0, 97887, 49.02, 34, 180, 12481
2026/09/15 14:46:20.280, 2, NVIDIA RTX PRO 6000 Blackwell Server Edition, P0, 0, 0, 0, 97887, 50.79, 34, 180, 12481
2026/09/15 14:46:20.282, 3, NVIDIA RTX PRO 6000 Blackwell Server Edition, P0, 0, 0, 0, 97887, 48.60, 34, 180, 12481
2026/09/15 14:46:20.284, 4, NVIDIA RTX PRO 6000 Blackwell Server Edition, P0, 0, 0, 0, 97887, 48.15, 34, 180, 12481
2026/09/15 14:46:20.286, 5, NVIDIA RTX PRO 6000 Blackwell Server Edition, P0, 0, 0, 0, 97887, 48.73, 34, 180, 12481
2026/09/15 14:46:20.289, 6, NVIDIA RTX PRO 6000 Blackwell Server Edition, P0, 0, 0, 0, 97887, 48.54, 34, 180, 12481
2026/09/15 14:46:20.291, 7, NVIDIA RTX PRO 6000 Blackwell Server Edition, P0, 0, 0, 0, 97887, 47.08, 34, 180, 12481
2026/09/15 14:46:21.360, 0, NVIDIA RTX PRO 6000 Blackwell Server Edition, P0, 0, 0, 0, 97887, 48.90, 34, 180, 12481
2026/09/15 14:46:21.362, 1, NVIDIA RTX PRO 6000 Blackwell Server Edition, P0, 0, 0, 0, 97887, 49.04, 34, 180, 12481
2026/09/15 14:46:21.366, 2, NVIDIA RTX PRO 6000 Blackwell Server Edition, P0, 0, 0, 0, 97887, 50.72, 34, 180, 12481
2026/09/15 14:46:21.368, 3, NVIDIA RTX PRO 6000 Blackwell Server Edition, P0, 0, 0, 0, 97887, 48.60, 34, 172, 12481
2026/09/15 14:46:21.370, 4, NVIDIA RTX PRO 6000 Blackwell Server Edition, P0, 0, 0, 0, 97887, 48.16, 34, 180, 12481
2026/09/15 14:46:21.372, 5, NVIDIA RTX PRO 6000 Blackwell Server Edition, P0, 0, 0, 0, 97887, 48.76, 34, 180, 12481
2026/09/15 14:46:21.375, 6, NVIDIA RTX PRO 6000 Blackwell Server Edition, P0, 0, 0, 0, 97887, 48.54, 34, 180, 12481
2026/09/15 14:46:21.377, 7, NVIDIA RTX PRO 6000 Blackwell Server Edition, P0, 0, 0, 0, 97887, 47.08, 34, 180, 12481
2026/09/15 14:46:22.446, 0, NVIDIA RTX PRO 6000 Blackwell Server Edition, P0, 0, 0, 0, 97887, 48.82, 34, 180, 12481
2026/09/15 14:46:22.448, 1, NVIDIA RTX PRO 6000 Blackwell Server Edition, P0, 0, 0, 0, 97887, 49.03, 34, 180, 12481
2026/09/15 14:46:22.450, 2, NVIDIA RTX PRO 6000 Blackwell Server Edition, P0, 0, 0, 0, 97887, 50.76, 34, 180, 12481
2026/09/15 14:46:22.452, 3, NVIDIA RTX PRO 6000 Blackwell Server Edition, P0, 0, 0, 0, 97887, 48.60, 34, 180, 12481
2026/09/15 14:46:22.455, 4, NVIDIA RTX PRO 6000 Blackwell Server Edition, P0, 0, 0, 0, 97887, 48.15, 34, 180, 12481
2026/09/15 14:46:22.457, 5, NVIDIA RTX PRO 6000 Blackwell Server Edition, P0, 0, 0, 0, 97887, 48.79, 34, 180, 12481
2026/09/15 14:46:22.459, 6, NVIDIA RTX PRO 6000 Blackwell Server Edition, P0, 0, 0, 0, 97887, 48.53, 34, 180, 12481
2026/09/15 14:46:22.461, 7, NVIDIA RTX PRO 6000 Blackwell Server Edition, P0, 0, 0, 0, 97887, 47.08, 34, 180, 12481
2026/09/15 14:46:23.534, 0, NVIDIA RTX PRO 6000 Blackwell Server Edition, P0, 0, 0, 0, 97887, 48.80, 34, 180, 12481
2026/09/15 14:46:23.536, 1, NVIDIA RTX PRO 6000 Blackwell Server Edition, P0, 0, 0, 0, 97887, 49.02, 34, 180, 12481
2026/09/15 14:46:23.538, 2, NVIDIA RTX PRO 6000 Blackwell Server Edition, P0, 0, 0, 0, 97887, 50.68, 34, 180, 12481
2026/09/15 14:46:23.541, 3, NVIDIA RTX PRO 6000 Blackwell Server Edition, P0, 0, 0, 0, 97887, 48.61, 34, 180, 12481
2026/09/15 14:46:23.543, 4, NVIDIA RTX PRO 6000 Blackwell Server Edition, P0, 0, 0, 0, 97887, 48.17, 34, 180, 12481
2026/09/15 14:46:23.545, 5, NVIDIA RTX PRO 6000 Blackwell Server Edition, P0, 0, 0, 0, 97887, 48.76, 34, 180, 12481
2026/09/15 14:46:23.547, 6, NVIDIA RTX PRO 6000 Blackwell Server Edition, P0, 0, 0, 0, 97887, 48.54, 34, 180, 12481
2026/09/15 14:46:23.549, 7, NVIDIA RTX PRO 6000 Blackwell Server Edition, P0, 0, 0, 0, 97887, 47.08, 34, 180, 12481
2026/09/15 14:46:24.621, 0, NVIDIA RTX PRO 6000 Blackwell Server Edition, P0, 0, 0, 0, 97887, 48.85, 34, 180, 12481
2026/09/15 14:46:24.623, 1, NVIDIA RTX PRO 6000 Blackwell Server Edition, P0, 0, 0, 0, 97887, 49.02, 34, 180, 12481
2026/09/15 14:46:24.626, 2, NVIDIA RTX PRO 6000 Blackwell Server Edition, P0, 0, 0, 0, 97887, 50.79, 34, 180, 12481
2026/09/15 14:46:24.628, 3, NVIDIA RTX PRO 6000 Blackwell Server Edition, P0, 0, 0, 0, 97887, 48.60, 34, 180, 12481
2026/09/15 14:46:24.630, 4, NVIDIA RTX PRO 6000 Blackwell Server Edition, P0, 0, 0, 0, 97887, 48.15, 34, 180, 12481
2026/09/15 14:46:24.632, 5, NVIDIA RTX PRO 6000 Blackwell Server Edition, P0, 0, 0, 0, 97887, 48.77, 34, 180, 12481
2026/09/15 14:46:24.634, 6, NVIDIA RTX PRO 6000 Blackwell Server Edition, P0, 0, 0, 0, 97887, 48.54, 34, 180, 12481
2026/09/15 14:46:24.637, 7, NVIDIA RTX PRO 6000 Blackwell Server Edition, P0, 0, 0, 0, 97887, 47.08, 34, 180, 12481
2026/09/15 14:46:25.708, 0, NVIDIA RTX PRO 6000 Blackwell Server Edition, P0, 0, 0, 0, 97887, 48.81, 34, 180, 12481
2026/09/15 14:46:25.710, 1, NVIDIA RTX PRO 6000 Blackwell Server Edition, P0, 0, 0, 0, 97887, 49.02, 34, 180, 12481
2026/09/15 14:46:25.712, 2, NVIDIA RTX PRO 6000 Blackwell Server Edition, P0, 0, 0, 0, 97887, 50.79, 34, 180, 12481
2026/09/15 14:46:25.715, 3, NVIDIA RTX PRO 6000 Blackwell Server Edition, P0, 0, 0, 0, 97887, 48.60, 34, 180, 12481
2026/09/15 14:46:25.717, 4, NVIDIA RTX PRO 6000 Blackwell Server Edition, P0, 0, 0, 0, 97887, 48.16, 34, 180, 12481
2026/09/15 14:46:25.719, 5, NVIDIA RTX PRO 6000 Blackwell Server Edition, P0, 0, 0, 0, 97887, 48.77, 34, 180, 12481
2026/09/15 14:46:25.721, 6, NVIDIA RTX PRO 6000 Blackwell Server Edition, P0, 0, 0, 0, 97887, 48.54, 34, 180, 12481
2026/09/15 14:46:25.723, 7, NVIDIA RTX PRO 6000 Blackwell Server Edition, P0, 0, 0, 0, 97887, 47.08, 34, 180, 12481
2026/09/15 14:46:26.794, 0, NVIDIA RTX PRO 6000 Blackwell Server Edition, P0, 0, 0, 0, 97887, 48.74, 34, 180, 12481
2026/09/15 14:46:26.797, 1, NVIDIA RTX PRO 6000 Blackwell Server Edition, P0, 0, 0, 0, 97887, 49.02, 34, 180, 12481
2026/09/15 14:46:26.799, 2, NVIDIA RTX PRO 6000 Blackwell Server Edition, P0, 0, 0, 0, 97887, 50.72, 34, 180, 12481
2026/09/15 14:46:26.801, 3, NVIDIA RTX PRO 6000 Blackwell Server Edition, P0, 0, 0, 0, 97887, 48.60, 34, 180, 12481
2026/09/15 14:46:26.803, 4, NVIDIA RTX PRO 6000 Blackwell Server Edition, P0, 0, 0, 0, 97887, 48.15, 34, 180, 12481
2026/09/15 14:46:26.805, 5, NVIDIA RTX PRO 6000 Blackwell Server Edition, P0, 0, 0, 0, 97887, 48.74, 34, 180, 12481
2026/09/15 14:46:26.808, 6, NVIDIA RTX PRO 6000 Blackwell Server Edition, P0, 0, 0, 0, 97887, 48.53, 34, 180, 12481
2026/09/15 14:46:26.810, 7, NVIDIA RTX PRO 6000 Blackwell Server Edition, P0, 0, 0, 0, 97887, 47.08, 34, 180, 12481
2026/09/15 14:46:27.880, 0, NVIDIA RTX PRO 6000 Blackwell Server Edition, P0, 0, 0, 0, 97887, 48.77, 34, 180, 12481
2026/09/15 14:46:27.883, 1, NVIDIA RTX PRO 6000 Blackwell Server Edition, P0, 0, 0, 0, 97887, 49.02, 34, 180, 12481
2026/09/15 14:46:27.885, 2, NVIDIA RTX PRO 6000 Blackwell Server Edition, P0, 0, 0, 0, 97887, 50.77, 34, 180, 12481
2026/09/15 14:46:27.887, 3, NVIDIA RTX PRO 6000 Blackwell Server Edition, P0, 0, 0, 0, 97887, 48.60, 34, 180, 12481
2026/09/15 14:46:27.889, 4, NVIDIA RTX PRO 6000 Blackwell Server Edition, P0, 0, 0, 0, 97887, 48.16, 34, 180, 12481
2026/09/15 14:46:27.893, 5, NVIDIA RTX PRO 6000 Blackwell Server Edition, P0, 0, 0, 0, 97887, 48.74, 34, 180, 12481
2026/09/15 14:46:27.896, 6, NVIDIA RTX PRO 6000 Blackwell Server Edition, P0, 0, 0, 0, 97887, 48.53, 34, 180, 12481
2026/09/15 14:46:27.898, 7, NVIDIA RTX PRO 6000 Blackwell Server Edition, P0, 0, 0, 0, 97887, 47.08, 34, 180, 12481
2026/09/15 14:46:28.967, 0, NVIDIA RTX PRO 6000 Blackwell Server Edition, P0, 0, 0, 0, 97887, 48.85, 34, 180, 12481
2026/09/15 14:46:28.970, 1, NVIDIA RTX PRO 6000 Blackwell Server Edition, P0, 0, 0, 0, 97887, 49.02, 34, 180, 12481
2026/09/15 14:46:28.972, 2, NVIDIA RTX PRO 6000 Blackwell Server Edition, P0, 0, 0, 0, 97887, 50.80, 34, 180, 12481
2026/09/15 14:46:28.974, 3, NVIDIA RTX PRO 6000 Blackwell Server Edition, P0, 0, 0, 0, 97887, 48.60, 34, 180, 12481
2026/09/15 14:46:28.977, 4, NVIDIA RTX PRO 6000 Blackwell Server Edition, P0, 0, 0, 0, 97887, 48.16, 34, 180, 12481
2026/09/15 14:46:28.979, 5, NVIDIA RTX PRO 6000 Blackwell Server Edition, P0, 0, 0, 0, 97887, 48.70, 34, 180, 12481
2026/09/15 14:46:28.981, 6, NVIDIA RTX PRO 6000 Blackwell Server Edition, P0, 0, 0, 0, 97887, 48.53, 34, 180, 12481
2026/09/15 14:46:28.983, 7, NVIDIA RTX PRO 6000 Blackwell Server Edition, P0, 0, 0, 0, 97887, 47.08, 34, 180, 12481
2026/09/15 14:46:30.052, 0, NVIDIA RTX PRO 6000 Blackwell Server Edition, P0, 0, 0, 0, 97887, 48.88, 34, 180, 12481
2026/09/15 14:46:30.055, 1, NVIDIA RTX PRO 6000 Blackwell Server Edition, P0, 0, 0, 0, 97887, 49.02, 34, 180, 12481
2026/09/15 14:46:30.057, 2, NVIDIA RTX PRO 6000 Blackwell Server Edition, P0, 0, 0, 0, 97887, 50.78, 34, 180, 12481
2026/09/15 14:46:30.059, 3, NVIDIA RTX PRO 6000 Blackwell Server Edition, P0, 0, 0, 0, 97887, 48.60, 34, 180, 12481
2026/09/15 14:46:30.061, 4, NVIDIA RTX PRO 6000 Blackwell Server Edition, P0, 0, 0, 0, 97887, 48.14, 34, 180, 12481
2026/09/15 14:46:30.063, 5, NVIDIA RTX PRO 6000 Blackwell Server Edition, P0, 0, 0, 0, 97887, 48.72, 34, 180, 12481
2026/09/15 14:46:30.066, 6, NVIDIA RTX PRO 6000 Blackwell Server Edition, P0, 0, 0, 0, 97887, 48.53, 34, 180, 12481
2026/09/15 14:46:30.068, 7, NVIDIA RTX PRO 6000 Blackwell Server Edition, P0, 0, 0, 0, 97887, 47.08, 34, 180, 12481
2026/09/15 14:46:31.137, 0, NVIDIA RTX PRO 6000 Blackwell Server Edition, P0, 0, 0, 0, 97887, 48.78, 34, 180, 12481
2026/09/15 14:46:31.140, 1, NVIDIA RTX PRO 6000 Blackwell Server Edition, P0, 0, 0, 0, 97887, 49.03, 34, 180, 12481
2026/09/15 14:46:31.142, 2, NVIDIA RTX PRO 6000 Blackwell Server Edition, P0, 0, 0, 0, 97887, 50.77, 34, 180, 12481
2026/09/15 14:46:31.144, 3, NVIDIA RTX PRO 6000 Blackwell Server Edition, P0, 0, 0, 0, 97887, 48.60, 34, 180, 12481
2026/09/15 14:46:31.146, 4, NVIDIA RTX PRO 6000 Blackwell Server Edition, P0, 0, 0, 0, 97887, 48.15, 34, 180, 12481
2026/09/15 14:46:31.148, 5, NVIDIA RTX PRO 6000 Blackwell Server Edition, P0, 0, 0, 0, 97887, 48.75, 34, 180, 12481
2026/09/15 14:46:31.151, 6, NVIDIA RTX PRO 6000 Blackwell Server Edition, P0, 0, 0, 0, 97887, 48.54, 34, 180, 12481
2026/09/15 14:46:31.153, 7, NVIDIA RTX PRO 6000 Blackwell Server Edition, P0, 0, 0, 0, 97887, 47.08, 34, 180, 12481
2026/09/15 14:46:32.225, 0, NVIDIA RTX PRO 6000 Blackwell Server Edition, P0, 0, 0, 0, 97887, 48.82, 34, 180, 12481
2026/09/15 14:46:32.228, 1, NVIDIA RTX PRO 6000 Blackwell Server Edition, P0, 0, 0, 0, 97887, 49.02, 34, 180, 12481
2026/09/15 14:46:32.230, 2, NVIDIA RTX PRO 6000 Blackwell Server Edition, P0, 0, 0, 0, 97887, 50.76, 34, 172, 12481
2026/09/15 14:46:32.232, 3, NVIDIA RTX PRO 6000 Blackwell Server Edition, P0, 0, 0, 0, 97887, 48.60, 34, 180, 12481
2026/09/15 14:46:32.234, 4, NVIDIA RTX PRO 6000 Blackwell Server Edition, P0, 0, 0, 0, 97887, 48.16, 34, 180, 12481
2026/09/15 14:46:32.236, 5, NVIDIA RTX PRO 6000 Blackwell Server Edition, P0, 0, 0, 0, 97887, 48.70, 34, 180, 12481
2026/09/15 14:46:32.239, 6, NVIDIA RTX PRO 6000 Blackwell Server Edition, P0, 0, 0, 0, 97887, 48.54, 34, 180, 12481
2026/09/15 14:46:32.241, 7, NVIDIA RTX PRO 6000 Blackwell Server Edition, P0, 0, 0, 0, 97887, 47.09, 34, 180, 12481
2026/09/15 14:46:33.310, 0, NVIDIA RTX PRO 6000 Blackwell Server Edition, P0, 0, 0, 0, 97887, 48.84, 34, 180, 12481
2026/09/15 14:46:33.312, 1, NVIDIA RTX PRO 6000 Blackwell Server Edition, P0, 0, 0, 0, 97887, 49.03, 34, 180, 12481
2026/09/15 14:46:33.315, 2, NVIDIA RTX PRO 6000 Blackwell Server Edition, P0, 0, 0, 0, 97887, 50.78, 34, 180, 12481
2026/09/15 14:46:33.317, 3, NVIDIA RTX PRO 6000 Blackwell Server Edition, P0, 0, 0, 0, 97887, 48.60, 34, 180, 12481
2026/09/15 14:46:33.319, 4, NVIDIA RTX PRO 6000 Blackwell Server Edition, P0, 0, 0, 0, 97887, 48.15, 34, 180, 12481
2026/09/15 14:46:33.321, 5, NVIDIA RTX PRO 6000 Blackwell Server Edition, P0, 0, 0, 0, 97887, 49.39, 34, 180, 12481
2026/09/15 14:46:33.323, 6, NVIDIA RTX PRO 6000 Blackwell Server Edition, P0, 0, 0, 0, 97887, 48.53, 34, 180, 12481
2026/09/15 14:46:33.326, 7, NVIDIA RTX PRO 6000 Blackwell Server Edition, P0, 0, 0, 0, 97887, 47.08, 34, 180, 12481
2026/09/15 14:46:34.394, 0, NVIDIA RTX PRO 6000 Blackwell Server Edition, P0, 0, 0, 0, 97887, 48.81, 34, 180, 12481
2026/09/15 14:46:34.397, 1, NVIDIA RTX PRO 6000 Blackwell Server Edition, P0, 0, 0, 0, 97887, 49.02, 34, 180, 12481
2026/09/15 14:46:34.399, 2, NVIDIA RTX PRO 6000 Blackwell Server Edition, P0, 0, 0, 0, 97887, 50.72, 34, 180, 12481
2026/09/15 14:46:34.401, 3, NVIDIA RTX PRO 6000 Blackwell Server Edition, P0, 0, 0, 0, 97887, 48.60, 34, 180, 12481
2026/09/15 14:46:34.403, 4, NVIDIA RTX PRO 6000 Blackwell Server Edition, P0, 0, 0, 0, 97887, 48.15, 34, 180, 12481
2026/09/15 14:46:34.406, 5, NVIDIA RTX PRO 6000 Blackwell Server Edition, P0, 0, 0, 0, 97887, 49.65, 34, 180, 12481
2026/09/15 14:46:34.408, 6, NVIDIA RTX PRO 6000 Blackwell Server Edition, P0, 0, 0, 0, 97887, 48.54, 34, 180, 12481
2026/09/15 14:46:34.410, 7, NVIDIA RTX PRO 6000 Blackwell Server Edition, P0, 0, 0, 0, 97887, 47.08, 34, 180, 12481
2026/09/15 14:46:35.481, 0, NVIDIA RTX PRO 6000 Blackwell Server Edition, P0, 0, 0, 0, 97887, 48.83, 34, 180, 12481
2026/09/15 14:46:35.484, 1, NVIDIA RTX PRO 6000 Blackwell Server Edition, P0, 0, 0, 0, 97887, 49.02, 34, 180, 12481
2026/09/15 14:46:35.486, 2, NVIDIA RTX PRO 6000 Blackwell Server Edition, P0, 0, 0, 0, 97887, 50.77, 34, 180, 12481
2026/09/15 14:46:35.488, 3, NVIDIA RTX PRO 6000 Blackwell Server Edition, P0, 0, 0, 0, 97887, 48.60, 34, 172, 12481
2026/09/15 14:46:35.491, 4, NVIDIA RTX PRO 6000 Blackwell Server Edition, P0, 0, 0, 0, 97887, 48.15, 34, 180, 12481
2026/09/15 14:46:35.493, 5, NVIDIA RTX PRO 6000 Blackwell Server Edition, P0, 0, 0, 0, 97887, 48.83, 34, 180, 12481
2026/09/15 14:46:35.495, 6, NVIDIA RTX PRO 6000 Blackwell Server Edition, P0, 0, 0, 0, 97887, 48.52, 34, 180, 12481
2026/09/15 14:46:35.497, 7, NVIDIA RTX PRO 6000 Blackwell Server Edition, P0, 0, 0, 0, 97887, 47.08, 34, 180, 12481
2026/09/15 14:46:36.569, 0, NVIDIA RTX PRO 6000 Blackwell Server Edition, P0, 0, 0, 0, 97887, 48.82, 34, 180, 12481
2026/09/15 14:46:36.571, 1, NVIDIA RTX PRO 6000 Blackwell Server Edition, P0, 0, 0, 0, 97887, 49.02, 34, 180, 12481
2026/09/15 14:46:36.574, 2, NVIDIA RTX PRO 6000 Blackwell Server Edition, P0, 0, 0, 0, 97887, 50.75, 34, 180, 12481
2026/09/15 14:46:36.576, 3, NVIDIA RTX PRO 6000 Blackwell Server Edition, P0, 0, 0, 0, 97887, 48.60, 34, 180, 12481
2026/09/15 14:46:36.578, 4, NVIDIA RTX PRO 6000 Blackwell Server Edition, P0, 0, 0, 0, 97887, 49.13, 34, 180, 12481
2026/09/15 14:46:36.581, 5, NVIDIA RTX PRO 6000 Blackwell Server Edition, P0, 0, 0, 0, 97887, 48.81, 34, 180, 12481
2026/09/15 14:46:36.583, 6, NVIDIA RTX PRO 6000 Blackwell Server Edition, P0, 0, 0, 0, 97887, 48.53, 34, 180, 12481
2026/09/15 14:46:36.585, 7, NVIDIA RTX PRO 6000 Blackwell Server Edition, P0, 0, 0, 0, 97887, 47.08, 34, 180, 12481
2026/09/15 14:46:37.656, 0, NVIDIA RTX PRO 6000 Blackwell Server Edition, P0, 0, 0, 0, 97887, 48.80, 34, 180, 12481
2026/09/15 14:46:37.659, 1, NVIDIA RTX PRO 6000 Blackwell Server Edition, P0, 0, 0, 0, 97887, 49.03, 34, 180, 12481
2026/09/15 14:46:37.661, 2, NVIDIA RTX PRO 6000 Blackwell Server Edition, P0, 0, 0, 0, 97887, 50.77, 34, 180, 12481
2026/09/15 14:46:37.663, 3, NVIDIA RTX PRO 6000 Blackwell Server Edition, P0, 0, 0, 0, 97887, 48.60, 34, 180, 12481
2026/09/15 14:46:37.665, 4, NVIDIA RTX PRO 6000 Blackwell Server Edition, P0, 0, 0, 0, 97887, 48.98, 34, 180, 12481
2026/09/15 14:46:37.667, 5, NVIDIA RTX PRO 6000 Blackwell Server Edition, P0, 0, 0, 0, 97887, 48.72, 34, 180, 12481
2026/09/15 14:46:37.670, 6, NVIDIA RTX PRO 6000 Blackwell Server Edition, P0, 0, 0, 0, 97887, 48.54, 34, 180, 12481
2026/09/15 14:46:37.672, 7, NVIDIA RTX PRO 6000 Blackwell Server Edition, P0, 0, 0, 0, 97887, 47.08, 34, 180, 12481
2026/09/15 14:46:38.743, 0, NVIDIA RTX PRO 6000 Blackwell Server Edition, P0, 0, 0, 0, 97887, 48.76, 34, 180, 12481
2026/09/15 14:46:38.745, 1, NVIDIA RTX PRO 6000 Blackwell Server Edition, P0, 0, 0, 0, 97887, 49.03, 34, 180, 12481
2026/09/15 14:46:38.748, 2, NVIDIA RTX PRO 6000 Blackwell Server Edition, P0, 0, 0, 0, 97887, 50.79, 34, 180, 12481
2026/09/15 14:46:38.750, 3, NVIDIA RTX PRO 6000 Blackwell Server Edition, P0, 0, 0, 0, 97887, 48.60, 34, 180, 12481
2026/09/15 14:46:38.752, 4, NVIDIA RTX PRO 6000 Blackwell Server Edition, P0, 0, 0, 0, 97887, 48.16, 34, 180, 12481
2026/09/15 14:46:38.754, 5, NVIDIA RTX PRO 6000 Blackwell Server Edition, P0, 0, 0, 0, 97887, 48.73, 34, 180, 12481
2026/09/15 14:46:38.757, 6, NVIDIA RTX PRO 6000 Blackwell Server Edition, P0, 0, 0, 0, 97887, 48.53, 34, 180, 12481
2026/09/15 14:46:38.760, 7, NVIDIA RTX PRO 6000 Blackwell Server Edition, P0, 0, 0, 0, 97887, 47.34, 34, 180, 12481
2026/09/15 14:46:39.831, 0, NVIDIA RTX PRO 6000 Blackwell Server Edition, P0, 0, 0, 0, 97887, 48.80, 34, 180, 12481
2026/09/15 14:46:39.833, 1, NVIDIA RTX PRO 6000 Blackwell Server Edition, P0, 0, 0, 0, 97887, 49.03, 34, 180, 12481
2026/09/15 14:46:39.835, 2, NVIDIA RTX PRO 6000 Blackwell Server Edition, P0, 0, 0, 0, 97887, 50.73, 34, 180, 12481
2026/09/15 14:46:39.838, 3, NVIDIA RTX PRO 6000 Blackwell Server Edition, P0, 0, 0, 0, 97887, 48.60, 34, 180, 12481
2026/09/15 14:46:39.840, 4, NVIDIA RTX PRO 6000 Blackwell Server Edition, P0, 0, 0, 0, 97887, 48.15, 34, 180, 12481
2026/09/15 14:46:39.842, 5, NVIDIA RTX PRO 6000 Blackwell Server Edition, P0, 0, 0, 0, 97887, 48.77, 34, 180, 12481
2026/09/15 14:46:39.844, 6, NVIDIA RTX PRO 6000 Blackwell Server Edition, P0, 0, 0, 0, 97887, 48.54, 34, 180, 12481
2026/09/15 14:46:39.846, 7, NVIDIA RTX PRO 6000 Blackwell Server Edition, P0, 0, 0, 0, 97887, 48.05, 34, 180, 12481
2026/09/15 14:46:40.917, 0, NVIDIA RTX PRO 6000 Blackwell Server Edition, P0, 0, 0, 0, 97887, 48.83, 34, 180, 12481
2026/09/15 14:46:40.920, 1, NVIDIA RTX PRO 6000 Blackwell Server Edition, P0, 0, 0, 0, 97887, 49.02, 34, 180, 12481
2026/09/15 14:46:40.922, 2, NVIDIA RTX PRO 6000 Blackwell Server Edition, P0, 0, 0, 0, 97887, 50.76, 34, 180, 12481
2026/09/15 14:46:40.924, 3, NVIDIA RTX PRO 6000 Blackwell Server Edition, P0, 0, 0, 0, 97887, 48.60, 34, 180, 12481
2026/09/15 14:46:40.926, 4, NVIDIA RTX PRO 6000 Blackwell Server Edition, P0, 0, 0, 0, 97887, 48.14, 34, 180, 12481
2026/09/15 14:46:40.928, 5, NVIDIA RTX PRO 6000 Blackwell Server Edition, P0, 0, 0, 0, 97887, 48.69, 34, 180, 12481
2026/09/15 14:46:40.931, 6, NVIDIA RTX PRO 6000 Blackwell Server Edition, P0, 0, 0, 0, 97887, 48.54, 34, 180, 12481
2026/09/15 14:46:40.933, 7, NVIDIA RTX PRO 6000 Blackwell Server Edition, P0, 0, 0, 0, 97887, 47.65, 34, 180, 12481
2026/09/15 14:46:42.002, 0, NVIDIA RTX PRO 6000 Blackwell Server Edition, P0, 0, 0, 0, 97887, 48.84, 34, 172, 12481
2026/09/15 14:46:42.004, 1, NVIDIA RTX PRO 6000 Blackwell Server Edition, P0, 0, 0, 0, 97887, 49.02, 34, 180, 12481
2026/09/15 14:46:42.006, 2, NVIDIA RTX PRO 6000 Blackwell Server Edition, P0, 0, 0, 0, 97887, 50.74, 34, 180, 12481
2026/09/15 14:46:42.009, 3, NVIDIA RTX PRO 6000 Blackwell Server Edition, P0, 0, 0, 0, 97887, 48.60, 34, 180, 12481
2026/09/15 14:46:42.011, 4, NVIDIA RTX PRO 6000 Blackwell Server Edition, P0, 0, 0, 0, 97887, 48.14, 34, 180, 12481
2026/09/15 14:46:42.013, 5, NVIDIA RTX PRO 6000 Blackwell Server Edition, P0, 0, 0, 0, 97887, 48.78, 34, 180, 12481
2026/09/15 14:46:42.015, 6, NVIDIA RTX PRO 6000 Blackwell Server Edition, P0, 0, 0, 0, 97887, 49.01, 34, 180, 12481
2026/09/15 14:46:42.017, 7, NVIDIA RTX PRO 6000 Blackwell Server Edition, P0, 0, 0, 0, 97887, 47.08, 34, 180, 12481
2026/09/15 14:46:43.089, 0, NVIDIA RTX PRO 6000 Blackwell Server Edition, P0, 0, 0, 0, 97887, 48.78, 34, 180, 12481
2026/09/15 14:46:43.092, 1, NVIDIA RTX PRO 6000 Blackwell Server Edition, P0, 0, 0, 0, 97887, 49.02, 34, 180, 12481
2026/09/15 14:46:43.094, 2, NVIDIA RTX PRO 6000 Blackwell Server Edition, P0, 0, 0, 0, 97887, 50.80, 34, 180, 12481
2026/09/15 14:46:43.096, 3, NVIDIA RTX PRO 6000 Blackwell Server Edition, P0, 0, 0, 0, 97887, 48.60, 34, 180, 12481
2026/09/15 14:46:43.098, 4, NVIDIA RTX PRO 6000 Blackwell Server Edition, P0, 0, 0, 0, 97887, 48.15, 34, 180, 12481
2026/09/15 14:46:43.100, 5, NVIDIA RTX PRO 6000 Blackwell Server Edition, P0, 0, 0, 0, 97887, 48.70, 34, 180, 12481
2026/09/15 14:46:43.103, 6, NVIDIA RTX PRO 6000 Blackwell Server Edition, P0, 0, 0, 0, 97887, 49.51, 34, 172, 12481
2026/09/15 14:46:43.105, 7, NVIDIA RTX PRO 6000 Blackwell Server Edition, P0, 0, 0, 0, 97887, 47.08, 34, 180, 12481
2026/09/15 14:46:44.175, 0, NVIDIA RTX PRO 6000 Blackwell Server Edition, P0, 0, 0, 0, 97887, 48.79, 34, 180, 12481
2026/09/15 14:46:44.178, 1, NVIDIA RTX PRO 6000 Blackwell Server Edition, P0, 0, 0, 0, 97887, 49.02, 34, 180, 12481
2026/09/15 14:46:44.180, 2, NVIDIA RTX PRO 6000 Blackwell Server Edition, P0, 0, 0, 0, 97887, 50.77, 34, 180, 12481
2026/09/15 14:46:44.182, 3, NVIDIA RTX PRO 6000 Blackwell Server Edition, P0, 0, 0, 0, 97887, 48.60, 34, 180, 12481
2026/09/15 14:46:44.184, 4, NVIDIA RTX PRO 6000 Blackwell Server Edition, P0, 0, 0, 0, 97887, 48.16, 34, 180, 12481
2026/09/15 14:46:44.187, 5, NVIDIA RTX PRO 6000 Blackwell Server Edition, P0, 0, 0, 0, 97887, 48.77, 34, 180, 12481
2026/09/15 14:46:44.189, 6, NVIDIA RTX PRO 6000 Blackwell Server Edition, P0, 0, 0, 0, 97887, 48.78, 34, 180, 12481
2026/09/15 14:46:44.191, 7, NVIDIA RTX PRO 6000 Blackwell Server Edition, P0, 0, 0, 0, 97887, 47.08, 34, 180, 12481
2026/09/15 14:46:45.262, 0, NVIDIA RTX PRO 6000 Blackwell Server Edition, P0, 0, 0, 0, 97887, 48.80, 34, 180, 12481
2026/09/15 14:46:45.264, 1, NVIDIA RTX PRO 6000 Blackwell Server Edition, P0, 0, 0, 0, 97887, 49.72, 34, 180, 12481
2026/09/15 14:46:45.266, 2, NVIDIA RTX PRO 6000 Blackwell Server Edition, P0, 0, 0, 0, 97887, 50.83, 34, 180, 12481
2026/09/15 14:46:45.269, 3, NVIDIA RTX PRO 6000 Blackwell Server Edition, P0, 0, 0, 0, 97887, 48.60, 34, 180, 12481
2026/09/15 14:46:45.271, 4, NVIDIA RTX PRO 6000 Blackwell Server Edition, P0, 0, 0, 0, 97887, 48.16, 34, 180, 12481
2026/09/15 14:46:45.273, 5, NVIDIA RTX PRO 6000 Blackwell Server Edition, P0, 0, 0, 0, 97887, 48.72, 34, 180, 12481
2026/09/15 14:46:45.275, 6, NVIDIA RTX PRO 6000 Blackwell Server Edition, P0, 0, 0, 0, 97887, 48.53, 34, 180, 12481
2026/09/15 14:46:45.278, 7, NVIDIA RTX PRO 6000 Blackwell Server Edition, P0, 0, 0, 0, 97887, 47.08, 34, 180, 12481
2026/09/15 14:46:46.349, 0, NVIDIA RTX PRO 6000 Blackwell Server Edition, P0, 0, 0, 0, 97887, 48.80, 34, 180, 12481
2026/09/15 14:46:46.351, 1, NVIDIA RTX PRO 6000 Blackwell Server Edition, P0, 0, 0, 0, 97887, 50.00, 34, 180, 12481
2026/09/15 14:46:46.353, 2, NVIDIA RTX PRO 6000 Blackwell Server Edition, P0, 0, 0, 0, 97887, 50.76, 34, 180, 12481
2026/09/15 14:46:46.356, 3, NVIDIA RTX PRO 6000 Blackwell Server Edition, P0, 0, 0, 0, 97887, 48.60, 34, 180, 12481
2026/09/15 14:46:46.359, 4, NVIDIA RTX PRO 6000 Blackwell Server Edition, P0, 0, 0, 0, 97887, 48.16, 34, 180, 12481
2026/09/15 14:46:46.361, 5, NVIDIA RTX PRO 6000 Blackwell Server Edition, P0, 0, 0, 0, 97887, 48.75, 34, 180, 12481
2026/09/15 14:46:46.363, 6, NVIDIA RTX PRO 6000 Blackwell Server Edition, P0, 0, 0, 0, 97887, 48.53, 34, 180, 12481
2026/09/15 14:46:46.365, 7, NVIDIA RTX PRO 6000 Blackwell Server Edition, P0, 0, 0, 0, 97887, 47.08, 34, 180, 12481
2026/09/15 14:46:47.436, 0, NVIDIA RTX PRO 6000 Blackwell Server Edition, P0, 0, 0, 0, 97887, 48.84, 34, 180, 12481
2026/09/15 14:46:47.438, 1, NVIDIA RTX PRO 6000 Blackwell Server Edition, P0, 0, 0, 0, 97887, 49.15, 34, 180, 12481
2026/09/15 14:46:47.440, 2, NVIDIA RTX PRO 6000 Blackwell Server Edition, P0, 0, 0, 0, 97887, 50.74, 34, 180, 12481
2026/09/15 14:46:47.442, 3, NVIDIA RTX PRO 6000 Blackwell Server Edition, P0, 0, 0, 0, 97887, 48.60, 34, 180, 12481
2026/09/15 14:46:47.445, 4, NVIDIA RTX PRO 6000 Blackwell Server Edition, P0, 0, 0, 0, 97887, 48.15, 34, 180, 12481
2026/09/15 14:46:47.447, 5, NVIDIA RTX PRO 6000 Blackwell Server Edition, P0, 0, 0, 0, 97887, 48.71, 34, 180, 12481
2026/09/15 14:46:47.449, 6, NVIDIA RTX PRO 6000 Blackwell Server Edition, P0, 0, 0, 0, 97887, 48.54, 34, 180, 12481
2026/09/15 14:46:47.451, 7, NVIDIA RTX PRO 6000 Blackwell Server Edition, P0, 0, 0, 0, 97887, 47.08, 34, 180, 12481
2026/09/15 14:46:48.524, 0, NVIDIA RTX PRO 6000 Blackwell Server Edition, P0, 0, 0, 0, 97887, 49.49, 34, 180, 12481
2026/09/15 14:46:48.526, 1, NVIDIA RTX PRO 6000 Blackwell Server Edition, P0, 0, 0, 0, 97887, 49.02, 34, 180, 12481
2026/09/15 14:46:48.529, 2, NVIDIA RTX PRO 6000 Blackwell Server Edition, P0, 0, 0, 0, 97887, 50.80, 34, 180, 12481
2026/09/15 14:46:48.531, 3, NVIDIA RTX PRO 6000 Blackwell Server Edition, P0, 0, 0, 0, 97887, 48.60, 34, 180, 12481
2026/09/15 14:46:48.533, 4, NVIDIA RTX PRO 6000 Blackwell Server Edition, P0, 0, 0, 0, 97887, 48.16, 34, 172, 12481
2026/09/15 14:46:48.535, 5, NVIDIA RTX PRO 6000 Blackwell Server Edition, P0, 0, 0, 0, 97887, 48.72, 34, 180, 12481
2026/09/15 14:46:48.538, 6, NVIDIA RTX PRO 6000 Blackwell Server Edition, P0, 0, 0, 0, 97887, 48.53, 34, 180, 12481
2026/09/15 14:46:48.540, 7, NVIDIA RTX PRO 6000 Blackwell Server Edition, P0, 0, 0, 0, 97887, 47.08, 34, 180, 12481
2026/09/15 14:46:49.610, 0, NVIDIA RTX PRO 6000 Blackwell Server Edition, P0, 0, 0, 0, 97887, 49.56, 34, 180, 12481
2026/09/15 14:46:49.612, 1, NVIDIA RTX PRO 6000 Blackwell Server Edition, P0, 0, 0, 0, 97887, 49.02, 34, 180, 12481
2026/09/15 14:46:49.614, 2, NVIDIA RTX PRO 6000 Blackwell Server Edition, P0, 0, 0, 0, 97887, 50.81, 34, 180, 12481
2026/09/15 14:46:49.616, 3, NVIDIA RTX PRO 6000 Blackwell Server Edition, P0, 0, 0, 0, 97887, 48.60, 34, 180, 12481
2026/09/15 14:46:49.619, 4, NVIDIA RTX PRO 6000 Blackwell Server Edition, P0, 0, 0, 0, 97887, 48.15, 34, 180, 12481
2026/09/15 14:46:49.621, 5, NVIDIA RTX PRO 6000 Blackwell Server Edition, P0, 0, 0, 0, 97887, 48.73, 34, 180, 12481
2026/09/15 14:46:49.623, 6, NVIDIA RTX PRO 6000 Blackwell Server Edition, P0, 0, 0, 0, 97887, 48.54, 34, 180, 12481
2026/09/15 14:46:49.625, 7, NVIDIA RTX PRO 6000 Blackwell Server Edition, P0, 0, 0, 0, 97887, 47.08, 34, 180, 12481
2026/09/15 14:46:50.696, 0, NVIDIA RTX PRO 6000 Blackwell Server Edition, P0, 0, 0, 0, 97887, 48.77, 34, 180, 12481
2026/09/15 14:46:50.698, 1, NVIDIA RTX PRO 6000 Blackwell Server Edition, P0, 0, 0, 0, 97887, 49.02, 34, 180, 12481
2026/09/15 14:46:50.700, 2, NVIDIA RTX PRO 6000 Blackwell Server Edition, P0, 0, 0, 0, 97887, 50.77, 34, 180, 12481
2026/09/15 14:46:50.702, 3, NVIDIA RTX PRO 6000 Blackwell Server Edition, P0, 0, 0, 0, 97887, 48.65, 34, 180, 12481
2026/09/15 14:46:50.704, 4, NVIDIA RTX PRO 6000 Blackwell Server Edition, P0, 0, 0, 0, 97887, 48.16, 34, 180, 12481
2026/09/15 14:46:50.707, 5, NVIDIA RTX PRO 6000 Blackwell Server Edition, P0, 0, 0, 0, 97887, 48.77, 34, 180, 12481
2026/09/15 14:46:50.709, 6, NVIDIA RTX PRO 6000 Blackwell Server Edition, P0, 0, 0, 0, 97887, 48.53, 34, 180, 12481
2026/09/15 14:46:50.711, 7, NVIDIA RTX PRO 6000 Blackwell Server Edition, P0, 0, 0, 0, 97887, 47.08, 34, 180, 12481
2026/09/15 14:46:51.782, 0, NVIDIA RTX PRO 6000 Blackwell Server Edition, P0, 0, 0, 0, 97887, 48.80, 34, 180, 12481
2026/09/15 14:46:51.784, 1, NVIDIA RTX PRO 6000 Blackwell Server Edition, P0, 0, 0, 0, 97887, 49.02, 34, 180, 12481
2026/09/15 14:46:51.786, 2, NVIDIA RTX PRO 6000 Blackwell Server Edition, P0, 0, 0, 0, 97887, 50.78, 34, 180, 12481
2026/09/15 14:46:51.788, 3, NVIDIA RTX PRO 6000 Blackwell Server Edition, P0, 0, 0, 0, 97887, 49.58, 34, 180, 12481
2026/09/15 14:46:51.791, 4, NVIDIA RTX PRO 6000 Blackwell Server Edition, P0, 0, 0, 0, 97887, 48.16, 34, 180, 12481
2026/09/15 14:46:51.793, 5, NVIDIA RTX PRO 6000 Blackwell Server Edition, P0, 0, 0, 0, 97887, 48.72, 34, 180, 12481
2026/09/15 14:46:51.795, 6, NVIDIA RTX PRO 6000 Blackwell Server Edition, P0, 0, 0, 0, 97887, 48.53, 34, 180, 12481
2026/09/15 14:46:51.797, 7, NVIDIA RTX PRO 6000 Blackwell Server Edition, P0, 0, 0, 0, 97887, 47.08, 34, 180, 12481
2026/09/15 14:46:52.868, 0, NVIDIA RTX PRO 6000 Blackwell Server Edition, P0, 0, 0, 0, 97887, 48.76, 34, 180, 12481
2026/09/15 14:46:52.871, 1, NVIDIA RTX PRO 6000 Blackwell Server Edition, P0, 0, 0, 0, 97887, 49.04, 34, 180, 12481
2026/09/15 14:46:52.873, 2, NVIDIA RTX PRO 6000 Blackwell Server Edition, P0, 0, 0, 0, 97887, 50.81, 34, 180, 12481
2026/09/15 14:46:52.875, 3, NVIDIA RTX PRO 6000 Blackwell Server Edition, P0, 0, 0, 0, 97887, 49.33, 34, 180, 12481
2026/09/15 14:46:52.878, 4, NVIDIA RTX PRO 6000 Blackwell Server Edition, P0, 0, 0, 0, 97887, 48.15, 34, 180, 12481
2026/09/15 14:46:52.880, 5, NVIDIA RTX PRO 6000 Blackwell Server Edition, P0, 0, 0, 0, 97887, 48.71, 34, 180, 12481
2026/09/15 14:46:52.882, 6, NVIDIA RTX PRO 6000 Blackwell Server Edition, P0, 0, 0, 0, 97887, 48.52, 34, 180, 12481
2026/09/15 14:46:52.885, 7, NVIDIA RTX PRO 6000 Blackwell Server Edition, P0, 0, 0, 0, 97887, 47.08, 34, 180, 12481
2026/09/15 14:46:53.956, 0, NVIDIA RTX PRO 6000 Blackwell Server Edition, P0, 0, 0, 0, 97887, 48.76, 34, 180, 12481
2026/09/15 14:46:53.959, 1, NVIDIA RTX PRO 6000 Blackwell Server Edition, P0, 0, 0, 0, 97887, 49.03, 34, 180, 12481
2026/09/15 14:46:53.961, 2, NVIDIA RTX PRO 6000 Blackwell Server Edition, P0, 0, 0, 0, 97887, 51.09, 34, 180, 12481
2026/09/15 14:46:53.963, 3, NVIDIA RTX PRO 6000 Blackwell Server Edition, P0, 0, 0, 0, 97887, 48.61, 34, 180, 12481
2026/09/15 14:46:53.965, 4, NVIDIA RTX PRO 6000 Blackwell Server Edition, P0, 0, 0, 0, 97887, 48.15, 34, 180, 12481
2026/09/15 14:46:53.968, 5, NVIDIA RTX PRO 6000 Blackwell Server Edition, P0, 0, 0, 0, 97887, 48.72, 34, 180, 12481
2026/09/15 14:46:53.971, 6, NVIDIA RTX PRO 6000 Blackwell Server Edition, P0, 0, 0, 0, 97887, 48.54, 34, 180, 12481
2026/09/15 14:46:53.973, 7, NVIDIA RTX PRO 6000 Blackwell Server Edition, P0, 0, 0, 0, 97887, 47.08, 34, 180, 12481
2026/09/15 14:46:55.042, 0, NVIDIA RTX PRO 6000 Blackwell Server Edition, P0, 0, 0, 0, 97887, 48.76, 34, 180, 12481
2026/09/15 14:46:55.045, 1, NVIDIA RTX PRO 6000 Blackwell Server Edition, P0, 0, 0, 0, 97887, 49.03, 34, 180, 12481
2026/09/15 14:46:55.047, 2, NVIDIA RTX PRO 6000 Blackwell Server Edition, P0, 0, 0, 0, 97887, 51.76, 34, 180, 12481
2026/09/15 14:46:55.049, 3, NVIDIA RTX PRO 6000 Blackwell Server Edition, P0, 0, 0, 0, 97887, 48.60, 34, 180, 12481
2026/09/15 14:46:55.051, 4, NVIDIA RTX PRO 6000 Blackwell Server Edition, P0, 0, 0, 0, 97887, 48.13, 34, 180, 12481
2026/09/15 14:46:55.054, 5, NVIDIA RTX PRO 6000 Blackwell Server Edition, P0, 0, 0, 0, 97887, 48.76, 34, 180, 12481
2026/09/15 14:46:55.056, 6, NVIDIA RTX PRO 6000 Blackwell Server Edition, P0, 0, 0, 0, 97887, 48.53, 34, 180, 12481
2026/09/15 14:46:55.058, 7, NVIDIA RTX PRO 6000 Blackwell Server Edition, P0, 0, 0, 0, 97887, 47.08, 34, 180, 12481
2026/09/15 14:46:56.129, 0, NVIDIA RTX PRO 6000 Blackwell Server Edition, P0, 0, 0, 0, 97887, 48.79, 34, 180, 12481
2026/09/15 14:46:56.132, 1, NVIDIA RTX PRO 6000 Blackwell Server Edition, P0, 0, 0, 0, 97887, 49.02, 34, 180, 12481
2026/09/15 14:46:56.134, 2, NVIDIA RTX PRO 6000 Blackwell Server Edition, P0, 0, 0, 0, 97887, 51.34, 34, 180, 12481
2026/09/15 14:46:56.136, 3, NVIDIA RTX PRO 6000 Blackwell Server Edition, P0, 0, 0, 0, 97887, 48.60, 34, 180, 12481
2026/09/15 14:46:56.138, 4, NVIDIA RTX PRO 6000 Blackwell Server Edition, P0, 0, 0, 0, 97887, 48.14, 34, 180, 12481
2026/09/15 14:46:56.141, 5, NVIDIA RTX PRO 6000 Blackwell Server Edition, P0, 0, 0, 0, 97887, 48.78, 34, 180, 12481
2026/09/15 14:46:56.143, 6, NVIDIA RTX PRO 6000 Blackwell Server Edition, P0, 0, 0, 0, 97887, 48.53, 34, 180, 12481
2026/09/15 14:46:56.145, 7, NVIDIA RTX PRO 6000 Blackwell Server Edition, P0, 0, 0, 0, 97887, 47.08, 34, 180, 12481
2026/09/15 14:46:57.217, 0, NVIDIA RTX PRO 6000 Blackwell Server Edition, P0, 0, 0, 0, 97887, 48.79, 34, 180, 12481
2026/09/15 14:46:57.221, 1, NVIDIA RTX PRO 6000 Blackwell Server Edition, P0, 0, 0, 0, 97887, 49.03, 34, 180, 12481
2026/09/15 14:46:57.223, 2, NVIDIA RTX PRO 6000 Blackwell Server Edition, P0, 0, 0, 0, 97887, 50.84, 34, 180, 12481
2026/09/15 14:46:57.225, 3, NVIDIA RTX PRO 6000 Blackwell Server Edition, P0, 0, 0, 0, 97887, 48.60, 34, 180, 12481
2026/09/15 14:46:57.227, 4, NVIDIA RTX PRO 6000 Blackwell Server Edition, P0, 0, 0, 0, 97887, 48.16, 34, 180, 12481
2026/09/15 14:46:57.229, 5, NVIDIA RTX PRO 6000 Blackwell Server Edition, P0, 0, 0, 0, 97887, 48.71, 34, 180, 12481
2026/09/15 14:46:57.232, 6, NVIDIA RTX PRO 6000 Blackwell Server Edition, P0, 0, 0, 0, 97887, 48.53, 34, 180, 12481
2026/09/15 14:46:57.234, 7, NVIDIA RTX PRO 6000 Blackwell Server Edition, P0, 0, 0, 0, 97887, 47.08, 34, 180, 12481
2026/09/15 14:46:58.305, 0, NVIDIA RTX PRO 6000 Blackwell Server Edition, P0, 0, 0, 0, 97887, 48.82, 33, 180, 12481
2026/09/15 14:46:58.307, 1, NVIDIA RTX PRO 6000 Blackwell Server Edition, P0, 0, 0, 0, 97887, 49.02, 34, 180, 12481
2026/09/15 14:46:58.310, 2, NVIDIA RTX PRO 6000 Blackwell Server Edition, P0, 0, 0, 0, 97887, 50.82, 34, 180, 12481
2026/09/15 14:46:58.312, 3, NVIDIA RTX PRO 6000 Blackwell Server Edition, P0, 0, 0, 0, 97887, 48.60, 34, 180, 12481
2026/09/15 14:46:58.314, 4, NVIDIA RTX PRO 6000 Blackwell Server Edition, P0, 0, 0, 0, 97887, 48.16, 34, 180, 12481
2026/09/15 14:46:58.316, 5, NVIDIA RTX PRO 6000 Blackwell Server Edition, P0, 0, 0, 0, 97887, 48.70, 34, 180, 12481
2026/09/15 14:46:58.318, 6, NVIDIA RTX PRO 6000 Blackwell Server Edition, P0, 0, 0, 0, 97887, 48.54, 34, 180, 12481
2026/09/15 14:46:58.321, 7, NVIDIA RTX PRO 6000 Blackwell Server Edition, P0, 0, 0, 0, 97887, 47.08, 34, 180, 12481
2026/09/15 14:46:59.389, 0, NVIDIA RTX PRO 6000 Blackwell Server Edition, P0, 0, 0, 0, 97887, 48.70, 34, 180, 12481
2026/09/15 14:46:59.392, 1, NVIDIA RTX PRO 6000 Blackwell Server Edition, P0, 0, 0, 0, 97887, 49.02, 34, 180, 12481
2026/09/15 14:46:59.394, 2, NVIDIA RTX PRO 6000 Blackwell Server Edition, P0, 0, 0, 0, 97887, 50.82, 34, 180, 12481
2026/09/15 14:46:59.396, 3, NVIDIA RTX PRO 6000 Blackwell Server Edition, P0, 0, 0, 0, 97887, 48.60, 34, 180, 12481
2026/09/15 14:46:59.398, 4, NVIDIA RTX PRO 6000 Blackwell Server Edition, P0, 0, 0, 0, 97887, 48.16, 34, 180, 12481
2026/09/15 14:46:59.401, 5, NVIDIA RTX PRO 6000 Blackwell Server Edition, P0, 0, 0, 0, 97887, 48.72, 34, 180, 12481
2026/09/15 14:46:59.403, 6, NVIDIA RTX PRO 6000 Blackwell Server Edition, P0, 0, 0, 0, 97887, 48.53, 34, 180, 12481
2026/09/15 14:46:59.405, 7, NVIDIA RTX PRO 6000 Blackwell Server Edition, P0, 0, 0, 0, 97887, 47.08, 34, 172, 12481
2026/09/15 14:47:00.476, 0, NVIDIA RTX PRO 6000 Blackwell Server Edition, P0, 0, 0, 0, 97887, 48.69, 34, 180, 12481
2026/09/15 14:47:00.479, 1, NVIDIA RTX PRO 6000 Blackwell Server Edition, P0, 0, 0, 0, 97887, 49.02, 34, 180, 12481
2026/09/15 14:47:00.481, 2, NVIDIA RTX PRO 6000 Blackwell Server Edition, P0, 0, 0, 0, 97887, 50.78, 34, 172, 12481
2026/09/15 14:47:00.483, 3, NVIDIA RTX PRO 6000 Blackwell Server Edition, P0, 0, 0, 0, 97887, 48.59, 34, 180, 12481
2026/09/15 14:47:00.485, 4, NVIDIA RTX PRO 6000 Blackwell Server Edition, P0, 0, 0, 0, 97887, 48.15, 34, 180, 12481
2026/09/15 14:47:00.487, 5, NVIDIA RTX PRO 6000 Blackwell Server Edition, P0, 0, 0, 0, 97887, 48.84, 34, 180, 12481
2026/09/15 14:47:00.490, 6, NVIDIA RTX PRO 6000 Blackwell Server Edition, P0, 0, 0, 0, 97887, 48.53, 34, 180, 12481
2026/09/15 14:47:00.492, 7, NVIDIA RTX PRO 6000 Blackwell Server Edition, P0, 0, 0, 0, 97887, 47.08, 34, 180, 12481
2026/09/15 14:47:01.561, 0, NVIDIA RTX PRO 6000 Blackwell Server Edition, P0, 0, 0, 0, 97887, 48.62, 34, 180, 12481
2026/09/15 14:47:01.563, 1, NVIDIA RTX PRO 6000 Blackwell Server Edition, P0, 0, 0, 0, 97887, 49.03, 34, 180, 12481
2026/09/15 14:47:01.565, 2, NVIDIA RTX PRO 6000 Blackwell Server Edition, P0, 0, 0, 0, 97887, 50.78, 34, 180, 12481
2026/09/15 14:47:01.568, 3, NVIDIA RTX PRO 6000 Blackwell Server Edition, P0, 0, 0, 0, 97887, 48.59, 34, 180, 12481
2026/09/15 14:47:01.570, 4, NVIDIA RTX PRO 6000 Blackwell Server Edition, P0, 0, 0, 0, 97887, 48.15, 34, 180, 12481
2026/09/15 14:47:01.572, 5, NVIDIA RTX PRO 6000 Blackwell Server Edition, P0, 0, 0, 0, 97887, 48.76, 34, 180, 12481
2026/09/15 14:47:01.575, 6, NVIDIA RTX PRO 6000 Blackwell Server Edition, P0, 0, 0, 0, 97887, 48.52, 34, 180, 12481
2026/09/15 14:47:01.577, 7, NVIDIA RTX PRO 6000 Blackwell Server Edition, P0, 0, 0, 0, 97887, 47.08, 34, 180, 12481
2026/09/15 14:47:02.647, 0, NVIDIA RTX PRO 6000 Blackwell Server Edition, P0, 0, 0, 0, 97887, 48.70, 34, 180, 12481
2026/09/15 14:47:02.650, 1, NVIDIA RTX PRO 6000 Blackwell Server Edition, P0, 0, 0, 0, 97887, 49.02, 34, 180, 12481
2026/09/15 14:47:02.652, 2, NVIDIA RTX PRO 6000 Blackwell Server Edition, P0, 0, 0, 0, 97887, 50.82, 34, 180, 12481
2026/09/15 14:47:02.654, 3, NVIDIA RTX PRO 6000 Blackwell Server Edition, P0, 0, 0, 0, 97887, 48.58, 34, 180, 12481
2026/09/15 14:47:02.656, 4, NVIDIA RTX PRO 6000 Blackwell Server Edition, P0, 0, 0, 0, 97887, 48.17, 34, 180, 12481
2026/09/15 14:47:02.658, 5, NVIDIA RTX PRO 6000 Blackwell Server Edition, P0, 0, 0, 0, 97887, 48.78, 34, 180, 12481
2026/09/15 14:47:02.661, 6, NVIDIA RTX PRO 6000 Blackwell Server Edition, P0, 0, 0, 0, 97887, 48.53, 34, 180, 12481
2026/09/15 14:47:02.663, 7, NVIDIA RTX PRO 6000 Blackwell Server Edition, P0, 0, 0, 0, 97887, 47.08, 34, 180, 12481
2026/09/15 14:47:03.732, 0, NVIDIA RTX PRO 6000 Blackwell Server Edition, P0, 0, 0, 0, 97887, 48.67, 34, 180, 12481
2026/09/15 14:47:03.735, 1, NVIDIA RTX PRO 6000 Blackwell Server Edition, P0, 0, 0, 0, 97887, 49.02, 34, 180, 12481
2026/09/15 14:47:03.737, 2, NVIDIA RTX PRO 6000 Blackwell Server Edition, P0, 0, 0, 0, 97887, 50.77, 34, 180, 12481
2026/09/15 14:47:03.739, 3, NVIDIA RTX PRO 6000 Blackwell Server Edition, P0, 0, 0, 0, 97887, 48.60, 34, 172, 12481
2026/09/15 14:47:03.741, 4, NVIDIA RTX PRO 6000 Blackwell Server Edition, P0, 0, 0, 0, 97887, 48.17, 34, 180, 12481
2026/09/15 14:47:03.744, 5, NVIDIA RTX PRO 6000 Blackwell Server Edition, P0, 0, 0, 0, 97887, 48.74, 34, 180, 12481
2026/09/15 14:47:03.746, 6, NVIDIA RTX PRO 6000 Blackwell Server Edition, P0, 0, 0, 0, 97887, 48.53, 34, 180, 12481
2026/09/15 14:47:03.748, 7, NVIDIA RTX PRO 6000 Blackwell Server Edition, P0, 0, 0, 0, 97887, 47.08, 34, 180, 12481
2026/09/15 14:47:04.820, 0, NVIDIA RTX PRO 6000 Blackwell Server Edition, P0, 0, 0, 0, 97887, 48.66, 34, 180, 12481
2026/09/15 14:47:04.822, 1, NVIDIA RTX PRO 6000 Blackwell Server Edition, P0, 0, 0, 0, 97887, 49.02, 34, 180, 12481
2026/09/15 14:47:04.824, 2, NVIDIA RTX PRO 6000 Blackwell Server Edition, P0, 0, 0, 0, 97887, 50.84, 34, 180, 12481
2026/09/15 14:47:04.826, 3, NVIDIA RTX PRO 6000 Blackwell Server Edition, P0, 0, 0, 0, 97887, 48.60, 34, 180, 12481
2026/09/15 14:47:04.828, 4, NVIDIA RTX PRO 6000 Blackwell Server Edition, P0, 0, 0, 0, 97887, 48.15, 34, 180, 12481
2026/09/15 14:47:04.831, 5, NVIDIA RTX PRO 6000 Blackwell Server Edition, P0, 0, 0, 0, 97887, 48.70, 34, 180, 12481
2026/09/15 14:47:04.833, 6, NVIDIA RTX PRO 6000 Blackwell Server Edition, P0, 0, 0, 0, 97887, 48.51, 34, 180, 12481
2026/09/15 14:47:04.835, 7, NVIDIA RTX PRO 6000 Blackwell Server Edition, P0, 0, 0, 0, 97887, 47.08, 34, 180, 12481
2026/09/15 14:47:05.904, 0, NVIDIA RTX PRO 6000 Blackwell Server Edition, P0, 0, 0, 0, 97887, 48.66, 34, 180, 12481
2026/09/15 14:47:05.907, 1, NVIDIA RTX PRO 6000 Blackwell Server Edition, P0, 0, 0, 0, 97887, 49.02, 34, 180, 12481
2026/09/15 14:47:05.909, 2, NVIDIA RTX PRO 6000 Blackwell Server Edition, P0, 0, 0, 0, 97887, 50.73, 34, 180, 12481
2026/09/15 14:47:05.911, 3, NVIDIA RTX PRO 6000 Blackwell Server Edition, P0, 0, 0, 0, 97887, 48.60, 34, 180, 12481
2026/09/15 14:47:05.913, 4, NVIDIA RTX PRO 6000 Blackwell Server Edition, P0, 0, 0, 0, 97887, 48.16, 34, 180, 12481
2026/09/15 14:47:05.916, 5, NVIDIA RTX PRO 6000 Blackwell Server Edition, P0, 0, 0, 0, 97887, 48.76, 34, 180, 12481
2026/09/15 14:47:05.918, 6, NVIDIA RTX PRO 6000 Blackwell Server Edition, P0, 0, 0, 0, 97887, 48.51, 34, 180, 12481
2026/09/15 14:47:05.920, 7, NVIDIA RTX PRO 6000 Blackwell Server Edition, P0, 0, 0, 0, 97887, 47.08, 34, 180, 12481
2026/09/15 14:47:06.992, 0, NVIDIA RTX PRO 6000 Blackwell Server Edition, P0, 0, 0, 0, 97887, 48.66, 34, 180, 12481
2026/09/15 14:47:06.994, 1, NVIDIA RTX PRO 6000 Blackwell Server Edition, P0, 0, 0, 0, 97887, 49.02, 34, 180, 12481
2026/09/15 14:47:06.997, 2, NVIDIA RTX PRO 6000 Blackwell Server Edition, P0, 0, 0, 0, 97887, 50.77, 34, 180, 12481
2026/09/15 14:47:06.999, 3, NVIDIA RTX PRO 6000 Blackwell Server Edition, P0, 0, 0, 0, 97887, 48.60, 34, 180, 12481
2026/09/15 14:47:07.001, 4, NVIDIA RTX PRO 6000 Blackwell Server Edition, P0, 0, 0, 0, 97887, 48.15, 34, 180, 12481
2026/09/15 14:47:07.003, 5, NVIDIA RTX PRO 6000 Blackwell Server Edition, P0, 0, 0, 0, 97887, 48.74, 34, 180, 12481
2026/09/15 14:47:07.005, 6, NVIDIA RTX PRO 6000 Blackwell Server Edition, P0, 0, 0, 0, 97887, 48.53, 34, 180, 12481
2026/09/15 14:47:07.008, 7, NVIDIA RTX PRO 6000 Blackwell Server Edition, P0, 0, 0, 0, 97887, 47.08, 34, 180, 12481
2026/09/15 14:47:08.079, 0, NVIDIA RTX PRO 6000 Blackwell Server Edition, P0, 0, 0, 0, 97887, 48.80, 34, 180, 12481
2026/09/15 14:47:08.081, 1, NVIDIA RTX PRO 6000 Blackwell Server Edition, P0, 0, 0, 0, 97887, 49.02, 34, 180, 12481
2026/09/15 14:47:08.083, 2, NVIDIA RTX PRO 6000 Blackwell Server Edition, P0, 0, 0, 0, 97887, 50.77, 34, 180, 12481
2026/09/15 14:47:08.085, 3, NVIDIA RTX PRO 6000 Blackwell Server Edition, P0, 0, 0, 0, 97887, 48.60, 34, 180, 12481
2026/09/15 14:47:08.088, 4, NVIDIA RTX PRO 6000 Blackwell Server Edition, P0, 0, 0, 0, 97887, 48.17, 34, 180, 12481
2026/09/15 14:47:08.090, 5, NVIDIA RTX PRO 6000 Blackwell Server Edition, P0, 0, 0, 0, 97887, 48.72, 34, 180, 12481
2026/09/15 14:47:08.092, 6, NVIDIA RTX PRO 6000 Blackwell Server Edition, P0, 0, 0, 0, 97887, 48.53, 34, 180, 12481
2026/09/15 14:47:08.094, 7, NVIDIA RTX PRO 6000 Blackwell Server Edition, P0, 0, 0, 0, 97887, 47.08, 34, 180, 12481
2026/09/15 14:47:09.166, 0, NVIDIA RTX PRO 6000 Blackwell Server Edition, P0, 0, 0, 0, 97887, 48.85, 34, 180, 12481
2026/09/15 14:47:09.168, 1, NVIDIA RTX PRO 6000 Blackwell Server Edition, P0, 0, 0, 0, 97887, 49.03, 34, 180, 12481
2026/09/15 14:47:09.170, 2, NVIDIA RTX PRO 6000 Blackwell Server Edition, P0, 0, 0, 0, 97887, 50.76, 34, 180, 12481
2026/09/15 14:47:09.172, 3, NVIDIA RTX PRO 6000 Blackwell Server Edition, P0, 0, 0, 0, 97887, 48.60, 34, 180, 12481
2026/09/15 14:47:09.175, 4, NVIDIA RTX PRO 6000 Blackwell Server Edition, P0, 0, 0, 0, 97887, 48.16, 34, 180, 12481
2026/09/15 14:47:09.177, 5, NVIDIA RTX PRO 6000 Blackwell Server Edition, P0, 0, 0, 0, 97887, 48.73, 34, 180, 12481
2026/09/15 14:47:09.179, 6, NVIDIA RTX PRO 6000 Blackwell Server Edition, P0, 0, 0, 0, 97887, 48.54, 34, 180, 12481
2026/09/15 14:47:09.181, 7, NVIDIA RTX PRO 6000 Blackwell Server Edition, P0, 0, 0, 0, 97887, 47.08, 34, 180, 12481
2026/09/15 14:47:10.251, 0, NVIDIA RTX PRO 6000 Blackwell Server Edition, P0, 0, 0, 0, 97887, 48.79, 34, 180, 12481
2026/09/15 14:47:10.253, 1, NVIDIA RTX PRO 6000 Blackwell Server Edition, P0, 0, 0, 0, 97887, 49.02, 34, 180, 12481
2026/09/15 14:47:10.255, 2, NVIDIA RTX PRO 6000 Blackwell Server Edition, P0, 0, 0, 0, 97887, 50.77, 34, 180, 12481
2026/09/15 14:47:10.257, 3, NVIDIA RTX PRO 6000 Blackwell Server Edition, P0, 0, 0, 0, 97887, 48.59, 34, 180, 12481
2026/09/15 14:47:10.259, 4, NVIDIA RTX PRO 6000 Blackwell Server Edition, P0, 0, 0, 0, 97887, 48.16, 34, 180, 12481
2026/09/15 14:47:10.262, 5, NVIDIA RTX PRO 6000 Blackwell Server Edition, P0, 0, 0, 0, 97887, 48.73, 34, 180, 12481
2026/09/15 14:47:10.264, 6, NVIDIA RTX PRO 6000 Blackwell Server Edition, P0, 0, 0, 0, 97887, 48.53, 34, 180, 12481
2026/09/15 14:47:10.266, 7, NVIDIA RTX PRO 6000 Blackwell Server Edition, P0, 0, 0, 0, 97887, 47.08, 34, 180, 12481
2026/09/15 14:47:11.336, 0, NVIDIA RTX PRO 6000 Blackwell Server Edition, P0, 0, 0, 0, 97887, 48.83, 34, 180, 12481
2026/09/15 14:47:11.338, 1, NVIDIA RTX PRO 6000 Blackwell Server Edition, P0, 0, 0, 0, 97887, 49.02, 34, 180, 12481
2026/09/15 14:47:11.340, 2, NVIDIA RTX PRO 6000 Blackwell Server Edition, P0, 0, 0, 0, 97887, 50.75, 34, 180, 12481
2026/09/15 14:47:11.343, 3, NVIDIA RTX PRO 6000 Blackwell Server Edition, P0, 0, 0, 0, 97887, 48.60, 34, 180, 12481
2026/09/15 14:47:11.345, 4, NVIDIA RTX PRO 6000 Blackwell Server Edition, P0, 0, 0, 0, 97887, 48.16, 34, 180, 12481
2026/09/15 14:47:11.347, 5, NVIDIA RTX PRO 6000 Blackwell Server Edition, P0, 0, 0, 0, 97887, 48.78, 34, 180, 12481
2026/09/15 14:47:11.349, 6, NVIDIA RTX PRO 6000 Blackwell Server Edition, P0, 0, 0, 0, 97887, 48.52, 34, 172, 12481
2026/09/15 14:47:11.351, 7, NVIDIA RTX PRO 6000 Blackwell Server Edition, P0, 0, 0, 0, 97887, 47.08, 34, 180, 12481
2026/09/15 14:47:12.421, 0, NVIDIA RTX PRO 6000 Blackwell Server Edition, P0, 0, 0, 0, 97887, 48.75, 34, 180, 12481
2026/09/15 14:47:12.424, 1, NVIDIA RTX PRO 6000 Blackwell Server Edition, P0, 0, 0, 0, 97887, 49.03, 34, 180, 12481
2026/09/15 14:47:12.426, 2, NVIDIA RTX PRO 6000 Blackwell Server Edition, P0, 0, 0, 0, 97887, 50.79, 34, 180, 12481
2026/09/15 14:47:12.428, 3, NVIDIA RTX PRO 6000 Blackwell Server Edition, P0, 0, 0, 0, 97887, 48.60, 34, 180, 12481
2026/09/15 14:47:12.430, 4, NVIDIA RTX PRO 6000 Blackwell Server Edition, P0, 0, 0, 0, 97887, 48.15, 34, 180, 12481
2026/09/15 14:47:12.432, 5, NVIDIA RTX PRO 6000 Blackwell Server Edition, P0, 0, 0, 0, 97887, 48.75, 34, 180, 12481
2026/09/15 14:47:12.435, 6, NVIDIA RTX PRO 6000 Blackwell Server Edition, P0, 0, 0, 0, 97887, 48.52, 34, 180, 12481
2026/09/15 14:47:12.437, 7, NVIDIA RTX PRO 6000 Blackwell Server Edition, P0, 0, 0, 0, 97887, 47.09, 34, 180, 12481
2026/09/15 14:47:13.506, 0, NVIDIA RTX PRO 6000 Blackwell Server Edition, P0, 0, 0, 0, 97887, 48.78, 34, 180, 12481
2026/09/15 14:47:13.509, 1, NVIDIA RTX PRO 6000 Blackwell Server Edition, P0, 0, 0, 0, 97887, 49.02, 34, 180, 12481
2026/09/15 14:47:13.511, 2, NVIDIA RTX PRO 6000 Blackwell Server Edition, P0, 0, 0, 0, 97887, 50.75, 34, 180, 12481
2026/09/15 14:47:13.513, 3, NVIDIA RTX PRO 6000 Blackwell Server Edition, P0, 0, 0, 0, 97887, 48.60, 34, 180, 12481
2026/09/15 14:47:13.515, 4, NVIDIA RTX PRO 6000 Blackwell Server Edition, P0, 0, 0, 0, 97887, 48.15, 34, 180, 12481
2026/09/15 14:47:13.518, 5, NVIDIA RTX PRO 6000 Blackwell Server Edition, P0, 0, 0, 0, 97887, 48.74, 34, 180, 12481
2026/09/15 14:47:13.520, 6, NVIDIA RTX PRO 6000 Blackwell Server Edition, P0, 0, 0, 0, 97887, 48.53, 34, 180, 12481
2026/09/15 14:47:13.522, 7, NVIDIA RTX PRO 6000 Blackwell Server Edition, P0, 0, 0, 0, 97887, 47.08, 34, 172, 12481
2026/09/15 14:47:14.593, 0, NVIDIA RTX PRO 6000 Blackwell Server Edition, P0, 0, 0, 0, 97887, 48.83, 34, 180, 12481
2026/09/15 14:47:14.596, 1, NVIDIA RTX PRO 6000 Blackwell Server Edition, P0, 0, 0, 0, 97887, 49.02, 34, 180, 12481
2026/09/15 14:47:14.598, 2, NVIDIA RTX PRO 6000 Blackwell Server Edition, P0, 0, 0, 0, 97887, 50.76, 34, 180, 12481
2026/09/15 14:47:14.600, 3, NVIDIA RTX PRO 6000 Blackwell Server Edition, P0, 0, 0, 0, 97887, 48.60, 34, 180, 12481
2026/09/15 14:47:14.602, 4, NVIDIA RTX PRO 6000 Blackwell Server Edition, P0, 0, 0, 0, 97887, 48.15, 34, 180, 12481
2026/09/15 14:47:14.604, 5, NVIDIA RTX PRO 6000 Blackwell Server Edition, P0, 0, 0, 0, 97887, 48.74, 34, 180, 12481
2026/09/15 14:47:14.607, 6, NVIDIA RTX PRO 6000 Blackwell Server Edition, P0, 0, 0, 0, 97887, 48.52, 34, 180, 12481
2026/09/15 14:47:14.609, 7, NVIDIA RTX PRO 6000 Blackwell Server Edition, P0, 0, 0, 0, 97887, 47.08, 34, 180, 12481
2026/09/15 14:47:15.679, 0, NVIDIA RTX PRO 6000 Blackwell Server Edition, P0, 0, 0, 0, 97887, 48.75, 33, 180, 12481
2026/09/15 14:47:15.682, 1, NVIDIA RTX PRO 6000 Blackwell Server Edition, P0, 0, 0, 0, 97887, 49.02, 34, 180, 12481
2026/09/15 14:47:15.684, 2, NVIDIA RTX PRO 6000 Blackwell Server Edition, P0, 0, 0, 0, 97887, 50.80, 34, 180, 12481
2026/09/15 14:47:15.686, 3, NVIDIA RTX PRO 6000 Blackwell Server Edition, P0, 0, 0, 0, 97887, 48.60, 34, 180, 12481
2026/09/15 14:47:15.688, 4, NVIDIA RTX PRO 6000 Blackwell Server Edition, P0, 0, 0, 0, 97887, 48.15, 34, 180, 12481
2026/09/15 14:47:15.690, 5, NVIDIA RTX PRO 6000 Blackwell Server Edition, P0, 0, 0, 0, 97887, 48.77, 34, 180, 12481
2026/09/15 14:47:15.693, 6, NVIDIA RTX PRO 6000 Blackwell Server Edition, P0, 0, 0, 0, 97887, 48.53, 34, 180, 12481
2026/09/15 14:47:15.696, 7, NVIDIA RTX PRO 6000 Blackwell Server Edition, P0, 0, 0, 0, 97887, 47.08, 34, 180, 12481
2026/09/15 14:47:16.767, 0, NVIDIA RTX PRO 6000 Blackwell Server Edition, P0, 0, 0, 0, 97887, 48.80, 34, 180, 12481
2026/09/15 14:47:16.769, 1, NVIDIA RTX PRO 6000 Blackwell Server Edition, P0, 0, 0, 0, 97887, 49.03, 34, 180, 12481
2026/09/15 14:47:16.771, 2, NVIDIA RTX PRO 6000 Blackwell Server Edition, P0, 0, 0, 0, 97887, 50.78, 34, 180, 12481
2026/09/15 14:47:16.774, 3, NVIDIA RTX PRO 6000 Blackwell Server Edition, P0, 0, 0, 0, 97887, 48.60, 34, 180, 12481
2026/09/15 14:47:16.776, 4, NVIDIA RTX PRO 6000 Blackwell Server Edition, P0, 0, 0, 0, 97887, 48.17, 34, 180, 12481
2026/09/15 14:47:16.778, 5, NVIDIA RTX PRO 6000 Blackwell Server Edition, P0, 0, 0, 0, 97887, 48.71, 34, 180, 12481
2026/09/15 14:47:16.780, 6, NVIDIA RTX PRO 6000 Blackwell Server Edition, P0, 0, 0, 0, 97887, 48.51, 34, 180, 12481
2026/09/15 14:47:16.783, 7, NVIDIA RTX PRO 6000 Blackwell Server Edition, P0, 0, 0, 0, 97887, 47.08, 34, 180, 12481
2026/09/15 14:47:17.852, 0, NVIDIA RTX PRO 6000 Blackwell Server Edition, P0, 0, 0, 0, 97887, 48.73, 34, 180, 12481
2026/09/15 14:47:17.854, 1, NVIDIA RTX PRO 6000 Blackwell Server Edition, P0, 0, 0, 0, 97887, 49.02, 34, 180, 12481
2026/09/15 14:47:17.856, 2, NVIDIA RTX PRO 6000 Blackwell Server Edition, P0, 0, 0, 0, 97887, 50.76, 34, 180, 12481
2026/09/15 14:47:17.858, 3, NVIDIA RTX PRO 6000 Blackwell Server Edition, P0, 0, 0, 0, 97887, 48.60, 34, 180, 12481
2026/09/15 14:47:17.861, 4, NVIDIA RTX PRO 6000 Blackwell Server Edition, P0, 0, 0, 0, 97887, 48.15, 34, 180, 12481
2026/09/15 14:47:17.863, 5, NVIDIA RTX PRO 6000 Blackwell Server Edition, P0, 0, 0, 0, 97887, 48.75, 34, 180, 12481
2026/09/15 14:47:17.865, 6, NVIDIA RTX PRO 6000 Blackwell Server Edition, P0, 0, 0, 0, 97887, 48.52, 34, 180, 12481
2026/09/15 14:47:17.867, 7, NVIDIA RTX PRO 6000 Blackwell Server Edition, P0, 0, 0, 0, 97887, 47.09, 34, 180, 12481
2026/09/15 14:47:18.937, 0, NVIDIA RTX PRO 6000 Blackwell Server Edition, P0, 0, 0, 0, 97887, 48.81, 33, 180, 12481
2026/09/15 14:47:18.939, 1, NVIDIA RTX PRO 6000 Blackwell Server Edition, P0, 0, 0, 0, 97887, 49.02, 34, 180, 12481
2026/09/15 14:47:18.941, 2, NVIDIA RTX PRO 6000 Blackwell Server Edition, P0, 0, 0, 0, 97887, 50.76, 34, 180, 12481
2026/09/15 14:47:18.943, 3, NVIDIA RTX PRO 6000 Blackwell Server Edition, P0, 0, 0, 0, 97887, 48.60, 34, 180, 12481
2026/09/15 14:47:18.945, 4, NVIDIA RTX PRO 6000 Blackwell Server Edition, P0, 0, 0, 0, 97887, 48.16, 34, 180, 12481
2026/09/15 14:47:18.948, 5, NVIDIA RTX PRO 6000 Blackwell Server Edition, P0, 0, 0, 0, 97887, 48.74, 34, 180, 12481
2026/09/15 14:47:18.950, 6, NVIDIA RTX PRO 6000 Blackwell Server Edition, P0, 0, 0, 0, 97887, 48.52, 34, 180, 12481
2026/09/15 14:47:18.952, 7, NVIDIA RTX PRO 6000 Blackwell Server Edition, P0, 0, 0, 0, 97887, 47.08, 34, 180, 12481
2026/09/15 14:47:20.022, 0, NVIDIA RTX PRO 6000 Blackwell Server Edition, P0, 0, 0, 0, 97887, 48.76, 33, 180, 12481
2026/09/15 14:47:20.024, 1, NVIDIA RTX PRO 6000 Blackwell Server Edition, P0, 0, 0, 0, 97887, 49.02, 34, 180, 12481
2026/09/15 14:47:20.026, 2, NVIDIA RTX PRO 6000 Blackwell Server Edition, P0, 0, 0, 0, 97887, 50.71, 34, 180, 12481
2026/09/15 14:47:20.028, 3, NVIDIA RTX PRO 6000 Blackwell Server Edition, P0, 0, 0, 0, 97887, 48.60, 34, 180, 12481
2026/09/15 14:47:20.030, 4, NVIDIA RTX PRO 6000 Blackwell Server Edition, P0, 0, 0, 0, 97887, 48.15, 34, 180, 12481
2026/09/15 14:47:20.033, 5, NVIDIA RTX PRO 6000 Blackwell Server Edition, P0, 0, 0, 0, 97887, 48.76, 34, 180, 12481
2026/09/15 14:47:20.035, 6, NVIDIA RTX PRO 6000 Blackwell Server Edition, P0, 0, 0, 0, 97887, 48.53, 34, 180, 12481
2026/09/15 14:47:20.037, 7, NVIDIA RTX PRO 6000 Blackwell Server Edition, P0, 0, 0, 0, 97887, 47.08, 34, 180, 12481
2026/09/15 14:47:21.108, 0, NVIDIA RTX PRO 6000 Blackwell Server Edition, P0, 0, 0, 0, 97887, 48.72, 34, 180, 12481
2026/09/15 14:47:21.110, 1, NVIDIA RTX PRO 6000 Blackwell Server Edition, P0, 0, 0, 0, 97887, 49.02, 34, 180, 12481
2026/09/15 14:47:21.113, 2, NVIDIA RTX PRO 6000 Blackwell Server Edition, P0, 0, 0, 0, 97887, 50.73, 34, 180, 12481
2026/09/15 14:47:21.115, 3, NVIDIA RTX PRO 6000 Blackwell Server Edition, P0, 0, 0, 0, 97887, 48.60, 34, 180, 12481
2026/09/15 14:47:21.117, 4, NVIDIA RTX PRO 6000 Blackwell Server Edition, P0, 0, 0, 0, 97887, 48.16, 34, 180, 12481
2026/09/15 14:47:21.119, 5, NVIDIA RTX PRO 6000 Blackwell Server Edition, P0, 0, 0, 0, 97887, 48.71, 34, 180, 12481
2026/09/15 14:47:21.121, 6, NVIDIA RTX PRO 6000 Blackwell Server Edition, P0, 0, 0, 0, 97887, 48.51, 34, 180, 12481
2026/09/15 14:47:21.123, 7, NVIDIA RTX PRO 6000 Blackwell Server Edition, P0, 0, 0, 0, 97887, 47.08, 34, 180, 12481
2026/09/15 14:47:22.195, 0, NVIDIA RTX PRO 6000 Blackwell Server Edition, P0, 0, 0, 0, 97887, 48.81, 33, 180, 12481
2026/09/15 14:47:22.197, 1, NVIDIA RTX PRO 6000 Blackwell Server Edition, P0, 0, 0, 0, 97887, 49.02, 34, 180, 12481
2026/09/15 14:47:22.199, 2, NVIDIA RTX PRO 6000 Blackwell Server Edition, P0, 0, 0, 0, 97887, 50.71, 34, 180, 12481
2026/09/15 14:47:22.201, 3, NVIDIA RTX PRO 6000 Blackwell Server Edition, P0, 0, 0, 0, 97887, 48.60, 34, 180, 12481
2026/09/15 14:47:22.203, 4, NVIDIA RTX PRO 6000 Blackwell Server Edition, P0, 0, 0, 0, 97887, 48.16, 34, 180, 12481
2026/09/15 14:47:22.206, 5, NVIDIA RTX PRO 6000 Blackwell Server Edition, P0, 0, 0, 0, 97887, 48.71, 34, 180, 12481
2026/09/15 14:47:22.208, 6, NVIDIA RTX PRO 6000 Blackwell Server Edition, P0, 0, 0, 0, 97887, 48.53, 34, 180, 12481
2026/09/15 14:47:22.210, 7, NVIDIA RTX PRO 6000 Blackwell Server Edition, P0, 0, 0, 0, 97887, 47.08, 34, 180, 12481
