source,size_bytes,count,time_us_candidate,algbw_GBs_candidate,busbw_GBs_candidate,parser_guardrail
/home/ayu23/v9_full_results/v9_20260927_121410/hardware_raw/network_node0/NETWORK_NATIVE/sendrecv_curve.log,8,2,43.31,0.0,0.0,Candidate columns from standard nccl-tests row; raw log remains authoritative.
/home/ayu23/v9_full_results/v9_20260927_121410/hardware_raw/network_node0/NETWORK_NATIVE/sendrecv_curve.log,16,4,40.83,0.0,0.0,Candidate columns from standard nccl-tests row; raw log remains authoritative.
/home/ayu23/v9_full_results/v9_20260927_121410/hardware_raw/network_node0/NETWORK_NATIVE/sendrecv_curve.log,32,8,40.8,0.0,0.0,Candidate columns from standard nccl-tests row; raw log remains authoritative.
/home/ayu23/v9_full_results/v9_20260927_121410/hardware_raw/network_node0/NETWORK_NATIVE/sendrecv_curve.log,64,16,40.74,0.0,0.0,Candidate columns from standard nccl-tests row; raw log remains authoritative.
/home/ayu23/v9_full_results/v9_20260927_121410/hardware_raw/network_node0/NETWORK_NATIVE/sendrecv_curve.log,128,32,41.0,0.0,0.0,Candidate columns from standard nccl-tests row; raw log remains authoritative.
/home/ayu23/v9_full_results/v9_20260927_121410/hardware_raw/network_node0/NETWORK_NATIVE/sendrecv_curve.log,256,64,80.95,0.0,0.0,Candidate columns from standard nccl-tests row; raw log remains authoritative.
/home/ayu23/v9_full_results/v9_20260927_121410/hardware_raw/network_node0/NETWORK_NATIVE/sendrecv_curve.log,512,128,55.42,0.01,0.01,Candidate columns from standard nccl-tests row; raw log remains authoritative.
/home/ayu23/v9_full_results/v9_20260927_121410/hardware_raw/network_node0/NETWORK_NATIVE/sendrecv_curve.log,1024,256,55.17,0.02,0.02,Candidate columns from standard nccl-tests row; raw log remains authoritative.
/home/ayu23/v9_full_results/v9_20260927_121410/hardware_raw/network_node0/NETWORK_NATIVE/sendrecv_curve.log,2048,512,63.78,0.03,0.03,Candidate columns from standard nccl-tests row; raw log remains authoritative.
/home/ayu23/v9_full_results/v9_20260927_121410/hardware_raw/network_node0/NETWORK_NATIVE/sendrecv_curve.log,4096,1024,71.7,0.06,0.06,Candidate columns from standard nccl-tests row; raw log remains authoritative.
/home/ayu23/v9_full_results/v9_20260927_121410/hardware_raw/network_node0/NETWORK_NATIVE/sendrecv_curve.log,8192,2048,73.67,0.11,0.11,Candidate columns from standard nccl-tests row; raw log remains authoritative.
/home/ayu23/v9_full_results/v9_20260927_121410/hardware_raw/network_node0/NETWORK_NATIVE/sendrecv_curve.log,16384,4096,77.58,0.21,0.21,Candidate columns from standard nccl-tests row; raw log remains authoritative.
/home/ayu23/v9_full_results/v9_20260927_121410/hardware_raw/network_node0/NETWORK_NATIVE/sendrecv_curve.log,32768,8192,79.67,0.41,0.41,Candidate columns from standard nccl-tests row; raw log remains authoritative.
/home/ayu23/v9_full_results/v9_20260927_121410/hardware_raw/network_node0/NETWORK_NATIVE/sendrecv_curve.log,65536,16384,99.96,0.66,0.66,Candidate columns from standard nccl-tests row; raw log remains authoritative.
/home/ayu23/v9_full_results/v9_20260927_121410/hardware_raw/network_node0/NETWORK_NATIVE/sendrecv_curve.log,131072,32768,134.15,0.98,0.98,Candidate columns from standard nccl-tests row; raw log remains authoritative.
/home/ayu23/v9_full_results/v9_20260927_121410/hardware_raw/network_node0/NETWORK_NATIVE/sendrecv_curve.log,262144,65536,179.4,1.46,1.46,Candidate columns from standard nccl-tests row; raw log remains authoritative.
/home/ayu23/v9_full_results/v9_20260927_121410/hardware_raw/network_node0/NETWORK_NATIVE/sendrecv_curve.log,524288,131072,252.53,2.08,2.08,Candidate columns from standard nccl-tests row; raw log remains authoritative.
/home/ayu23/v9_full_results/v9_20260927_121410/hardware_raw/network_node0/NETWORK_NATIVE/sendrecv_curve.log,1048576,262144,257.86,4.07,4.07,Candidate columns from standard nccl-tests row; raw log remains authoritative.
/home/ayu23/v9_full_results/v9_20260927_121410/hardware_raw/network_node0/NETWORK_NATIVE/sendrecv_curve.log,2097152,524288,411.11,5.1,5.1,Candidate columns from standard nccl-tests row; raw log remains authoritative.
/home/ayu23/v9_full_results/v9_20260927_121410/hardware_raw/network_node0/NETWORK_NATIVE/sendrecv_curve.log,4194304,1048576,730.41,5.74,5.74,Candidate columns from standard nccl-tests row; raw log remains authoritative.
/home/ayu23/v9_full_results/v9_20260927_121410/hardware_raw/network_node0/NETWORK_NATIVE/sendrecv_curve.log,8388608,2097152,1388.43,6.04,6.04,Candidate columns from standard nccl-tests row; raw log remains authoritative.
/home/ayu23/v9_full_results/v9_20260927_121410/hardware_raw/network_node0/NETWORK_NATIVE/sendrecv_curve.log,16777216,4194304,2665.12,6.3,6.3,Candidate columns from standard nccl-tests row; raw log remains authoritative.
/home/ayu23/v9_full_results/v9_20260927_121410/hardware_raw/network_node0/NETWORK_NATIVE/sendrecv_curve.log,33554432,8388608,5273.79,6.36,6.36,Candidate columns from standard nccl-tests row; raw log remains authoritative.
/home/ayu23/v9_full_results/v9_20260927_121410/hardware_raw/network_node0/NETWORK_NATIVE/sendrecv_curve.log,67108864,16777216,10730.5,6.25,6.25,Candidate columns from standard nccl-tests row; raw log remains authoritative.
/home/ayu23/v9_full_results/v9_20260927_121410/hardware_raw/network_node0/NETWORK_NATIVE/sendrecv_curve.log,134217728,33554432,21200.5,6.33,6.33,Candidate columns from standard nccl-tests row; raw log remains authoritative.
/home/ayu23/v9_full_results/v9_20260927_121410/hardware_raw/network_node0/NETWORK_NATIVE/sendrecv_curve.log,268435456,67108864,44215.9,6.07,6.07,Candidate columns from standard nccl-tests row; raw log remains authoritative.
/home/ayu23/v9_full_results/v9_20260927_121410/hardware_raw/network_node0/NETWORK_NATIVE/sendrecv_curve.log,536870912,134217728,86497.8,6.21,6.21,Candidate columns from standard nccl-tests row; raw log remains authoritative.
/home/ayu23/v9_full_results/v9_20260927_121410/hardware_raw/network_node0/NETWORK_NATIVE/all_reduce_perf_nodes2_g1.log,8,2,57.1,0.0,0.0,Candidate columns from standard nccl-tests row; raw log remains authoritative.
/home/ayu23/v9_full_results/v9_20260927_121410/hardware_raw/network_node0/NETWORK_NATIVE/all_reduce_perf_nodes2_g1.log,16,4,53.23,0.0,0.0,Candidate columns from standard nccl-tests row; raw log remains authoritative.
/home/ayu23/v9_full_results/v9_20260927_121410/hardware_raw/network_node0/NETWORK_NATIVE/all_reduce_perf_nodes2_g1.log,32,8,65.99,0.0,0.0,Candidate columns from standard nccl-tests row; raw log remains authoritative.
/home/ayu23/v9_full_results/v9_20260927_121410/hardware_raw/network_node0/NETWORK_NATIVE/all_reduce_perf_nodes2_g1.log,64,16,74.32,0.0,0.0,Candidate columns from standard nccl-tests row; raw log remains authoritative.
/home/ayu23/v9_full_results/v9_20260927_121410/hardware_raw/network_node0/NETWORK_NATIVE/all_reduce_perf_nodes2_g1.log,128,32,66.28,0.0,0.0,Candidate columns from standard nccl-tests row; raw log remains authoritative.
/home/ayu23/v9_full_results/v9_20260927_121410/hardware_raw/network_node0/NETWORK_NATIVE/all_reduce_perf_nodes2_g1.log,256,64,106.67,0.0,0.0,Candidate columns from standard nccl-tests row; raw log remains authoritative.
/home/ayu23/v9_full_results/v9_20260927_121410/hardware_raw/network_node0/NETWORK_NATIVE/all_reduce_perf_nodes2_g1.log,512,128,82.27,0.01,0.01,Candidate columns from standard nccl-tests row; raw log remains authoritative.
/home/ayu23/v9_full_results/v9_20260927_121410/hardware_raw/network_node0/NETWORK_NATIVE/all_reduce_perf_nodes2_g1.log,1024,256,84.23,0.01,0.01,Candidate columns from standard nccl-tests row; raw log remains authoritative.
/home/ayu23/v9_full_results/v9_20260927_121410/hardware_raw/network_node0/NETWORK_NATIVE/all_reduce_perf_nodes2_g1.log,2048,512,95.82,0.02,0.02,Candidate columns from standard nccl-tests row; raw log remains authoritative.
/home/ayu23/v9_full_results/v9_20260927_121410/hardware_raw/network_node0/NETWORK_NATIVE/all_reduce_perf_nodes2_g1.log,4096,1024,111.72,0.04,0.04,Candidate columns from standard nccl-tests row; raw log remains authoritative.
/home/ayu23/v9_full_results/v9_20260927_121410/hardware_raw/network_node0/NETWORK_NATIVE/all_reduce_perf_nodes2_g1.log,8192,2048,114.28,0.07,0.07,Candidate columns from standard nccl-tests row; raw log remains authoritative.
/home/ayu23/v9_full_results/v9_20260927_121410/hardware_raw/network_node0/NETWORK_NATIVE/all_reduce_perf_nodes2_g1.log,16384,4096,136.42,0.12,0.12,Candidate columns from standard nccl-tests row; raw log remains authoritative.
/home/ayu23/v9_full_results/v9_20260927_121410/hardware_raw/network_node0/NETWORK_NATIVE/all_reduce_perf_nodes2_g1.log,32768,8192,133.31,0.25,0.25,Candidate columns from standard nccl-tests row; raw log remains authoritative.
/home/ayu23/v9_full_results/v9_20260927_121410/hardware_raw/network_node0/NETWORK_NATIVE/all_reduce_perf_nodes2_g1.log,65536,16384,141.28,0.46,0.46,Candidate columns from standard nccl-tests row; raw log remains authoritative.
/home/ayu23/v9_full_results/v9_20260927_121410/hardware_raw/network_node0/NETWORK_NATIVE/all_reduce_perf_nodes2_g1.log,131072,32768,207.3,0.63,0.63,Candidate columns from standard nccl-tests row; raw log remains authoritative.
/home/ayu23/v9_full_results/v9_20260927_121410/hardware_raw/network_node0/NETWORK_NATIVE/all_reduce_perf_nodes2_g1.log,262144,65536,388.22,0.68,0.68,Candidate columns from standard nccl-tests row; raw log remains authoritative.
/home/ayu23/v9_full_results/v9_20260927_121410/hardware_raw/network_node0/NETWORK_NATIVE/all_reduce_perf_nodes2_g1.log,524288,131072,267.09,1.96,1.96,Candidate columns from standard nccl-tests row; raw log remains authoritative.
/home/ayu23/v9_full_results/v9_20260927_121410/hardware_raw/network_node0/NETWORK_NATIVE/all_reduce_perf_nodes2_g1.log,1048576,262144,296.25,3.54,3.54,Candidate columns from standard nccl-tests row; raw log remains authoritative.
/home/ayu23/v9_full_results/v9_20260927_121410/hardware_raw/network_node0/NETWORK_NATIVE/all_reduce_perf_nodes2_g1.log,2097152,524288,346.47,6.05,6.05,Candidate columns from standard nccl-tests row; raw log remains authoritative.
/home/ayu23/v9_full_results/v9_20260927_121410/hardware_raw/network_node0/NETWORK_NATIVE/all_reduce_perf_nodes2_g1.log,4194304,1048576,508.99,8.24,8.24,Candidate columns from standard nccl-tests row; raw log remains authoritative.
/home/ayu23/v9_full_results/v9_20260927_121410/hardware_raw/network_node0/NETWORK_NATIVE/all_reduce_perf_nodes2_g1.log,8388608,2097152,877.76,9.56,9.56,Candidate columns from standard nccl-tests row; raw log remains authoritative.
/home/ayu23/v9_full_results/v9_20260927_121410/hardware_raw/network_node0/NETWORK_NATIVE/all_reduce_perf_nodes2_g1.log,16777216,4194304,1601.93,10.47,10.47,Candidate columns from standard nccl-tests row; raw log remains authoritative.
/home/ayu23/v9_full_results/v9_20260927_121410/hardware_raw/network_node0/NETWORK_NATIVE/all_reduce_perf_nodes2_g1.log,33554432,8388608,3028.57,11.08,11.08,Candidate columns from standard nccl-tests row; raw log remains authoritative.
/home/ayu23/v9_full_results/v9_20260927_121410/hardware_raw/network_node0/NETWORK_NATIVE/all_reduce_perf_nodes2_g1.log,67108864,16777216,5925.24,11.33,11.33,Candidate columns from standard nccl-tests row; raw log remains authoritative.
/home/ayu23/v9_full_results/v9_20260927_121410/hardware_raw/network_node0/NETWORK_NATIVE/all_reduce_perf_nodes2_g1.log,134217728,33554432,11725.1,11.45,11.45,Candidate columns from standard nccl-tests row; raw log remains authoritative.
/home/ayu23/v9_full_results/v9_20260927_121410/hardware_raw/network_node0/NETWORK_NATIVE/all_reduce_perf_nodes2_g1.log,268435456,67108864,23168.5,11.59,11.59,Candidate columns from standard nccl-tests row; raw log remains authoritative.
/home/ayu23/v9_full_results/v9_20260927_121410/hardware_raw/network_node0/NETWORK_NATIVE/all_reduce_perf_nodes2_g1.log,536870912,134217728,46205.2,11.62,11.62,Candidate columns from standard nccl-tests row; raw log remains authoritative.
/home/ayu23/v9_full_results/v9_20260927_121410/hardware_raw/network_node0/NETWORK_NATIVE/all_reduce_perf_nodes2_g4.log,8,2,67.86,0.0,0.0,Candidate columns from standard nccl-tests row; raw log remains authoritative.
/home/ayu23/v9_full_results/v9_20260927_121410/hardware_raw/network_node0/NETWORK_NATIVE/all_reduce_perf_nodes2_g4.log,16,4,58.54,0.0,0.0,Candidate columns from standard nccl-tests row; raw log remains authoritative.
/home/ayu23/v9_full_results/v9_20260927_121410/hardware_raw/network_node0/NETWORK_NATIVE/all_reduce_perf_nodes2_g4.log,32,8,58.12,0.0,0.0,Candidate columns from standard nccl-tests row; raw log remains authoritative.
/home/ayu23/v9_full_results/v9_20260927_121410/hardware_raw/network_node0/NETWORK_NATIVE/all_reduce_perf_nodes2_g4.log,64,16,58.42,0.0,0.0,Candidate columns from standard nccl-tests row; raw log remains authoritative.
/home/ayu23/v9_full_results/v9_20260927_121410/hardware_raw/network_node0/NETWORK_NATIVE/all_reduce_perf_nodes2_g4.log,128,32,132.76,0.0,0.0,Candidate columns from standard nccl-tests row; raw log remains authoritative.
/home/ayu23/v9_full_results/v9_20260927_121410/hardware_raw/network_node0/NETWORK_NATIVE/all_reduce_perf_nodes2_g4.log,256,64,91.88,0.0,0.0,Candidate columns from standard nccl-tests row; raw log remains authoritative.
/home/ayu23/v9_full_results/v9_20260927_121410/hardware_raw/network_node0/NETWORK_NATIVE/all_reduce_perf_nodes2_g4.log,512,128,91.48,0.01,0.01,Candidate columns from standard nccl-tests row; raw log remains authoritative.
/home/ayu23/v9_full_results/v9_20260927_121410/hardware_raw/network_node0/NETWORK_NATIVE/all_reduce_perf_nodes2_g4.log,1024,256,101.9,0.01,0.02,Candidate columns from standard nccl-tests row; raw log remains authoritative.
/home/ayu23/v9_full_results/v9_20260927_121410/hardware_raw/network_node0/NETWORK_NATIVE/all_reduce_perf_nodes2_g4.log,2048,512,120.91,0.02,0.03,Candidate columns from standard nccl-tests row; raw log remains authoritative.
/home/ayu23/v9_full_results/v9_20260927_121410/hardware_raw/network_node0/NETWORK_NATIVE/all_reduce_perf_nodes2_g4.log,4096,1024,122.85,0.03,0.06,Candidate columns from standard nccl-tests row; raw log remains authoritative.
/home/ayu23/v9_full_results/v9_20260927_121410/hardware_raw/network_node0/NETWORK_NATIVE/all_reduce_perf_nodes2_g4.log,8192,2048,149.0,0.05,0.1,Candidate columns from standard nccl-tests row; raw log remains authoritative.
/home/ayu23/v9_full_results/v9_20260927_121410/hardware_raw/network_node0/NETWORK_NATIVE/all_reduce_perf_nodes2_g4.log,16384,4096,129.05,0.13,0.22,Candidate columns from standard nccl-tests row; raw log remains authoritative.
/home/ayu23/v9_full_results/v9_20260927_121410/hardware_raw/network_node0/NETWORK_NATIVE/all_reduce_perf_nodes2_g4.log,32768,8192,218.12,0.15,0.26,Candidate columns from standard nccl-tests row; raw log remains authoritative.
/home/ayu23/v9_full_results/v9_20260927_121410/hardware_raw/network_node0/NETWORK_NATIVE/all_reduce_perf_nodes2_g4.log,65536,16384,234.25,0.28,0.49,Candidate columns from standard nccl-tests row; raw log remains authoritative.
/home/ayu23/v9_full_results/v9_20260927_121410/hardware_raw/network_node0/NETWORK_NATIVE/all_reduce_perf_nodes2_g4.log,131072,32768,238.3,0.55,0.96,Candidate columns from standard nccl-tests row; raw log remains authoritative.
/home/ayu23/v9_full_results/v9_20260927_121410/hardware_raw/network_node0/NETWORK_NATIVE/all_reduce_perf_nodes2_g4.log,262144,65536,273.1,0.96,1.68,Candidate columns from standard nccl-tests row; raw log remains authoritative.
/home/ayu23/v9_full_results/v9_20260927_121410/hardware_raw/network_node0/NETWORK_NATIVE/all_reduce_perf_nodes2_g4.log,524288,131072,452.78,1.16,2.03,Candidate columns from standard nccl-tests row; raw log remains authoritative.
/home/ayu23/v9_full_results/v9_20260927_121410/hardware_raw/network_node0/NETWORK_NATIVE/all_reduce_perf_nodes2_g4.log,1048576,262144,482.14,2.17,3.81,Candidate columns from standard nccl-tests row; raw log remains authoritative.
/home/ayu23/v9_full_results/v9_20260927_121410/hardware_raw/network_node0/NETWORK_NATIVE/all_reduce_perf_nodes2_g4.log,2097152,524288,684.84,3.06,5.36,Candidate columns from standard nccl-tests row; raw log remains authoritative.
/home/ayu23/v9_full_results/v9_20260927_121410/hardware_raw/network_node0/NETWORK_NATIVE/all_reduce_perf_nodes2_g4.log,4194304,1048576,855.0,4.91,8.58,Candidate columns from standard nccl-tests row; raw log remains authoritative.
/home/ayu23/v9_full_results/v9_20260927_121410/hardware_raw/network_node0/NETWORK_NATIVE/all_reduce_perf_nodes2_g4.log,8388608,2097152,1514.25,5.54,9.69,Candidate columns from standard nccl-tests row; raw log remains authoritative.
/home/ayu23/v9_full_results/v9_20260927_121410/hardware_raw/network_node0/NETWORK_NATIVE/all_reduce_perf_nodes2_g4.log,16777216,4194304,2648.66,6.33,11.08,Candidate columns from standard nccl-tests row; raw log remains authoritative.
/home/ayu23/v9_full_results/v9_20260927_121410/hardware_raw/network_node0/NETWORK_NATIVE/all_reduce_perf_nodes2_g4.log,33554432,8388608,4893.02,6.86,12.0,Candidate columns from standard nccl-tests row; raw log remains authoritative.
/home/ayu23/v9_full_results/v9_20260927_121410/hardware_raw/network_node0/NETWORK_NATIVE/all_reduce_perf_nodes2_g4.log,67108864,16777216,10361.7,6.48,11.33,Candidate columns from standard nccl-tests row; raw log remains authoritative.
/home/ayu23/v9_full_results/v9_20260927_121410/hardware_raw/network_node0/NETWORK_NATIVE/all_reduce_perf_nodes2_g4.log,134217728,33554432,20995.1,6.39,11.19,Candidate columns from standard nccl-tests row; raw log remains authoritative.
/home/ayu23/v9_full_results/v9_20260927_121410/hardware_raw/network_node0/NETWORK_NATIVE/all_reduce_perf_nodes2_g4.log,268435456,67108864,42025.4,6.39,11.18,Candidate columns from standard nccl-tests row; raw log remains authoritative.
/home/ayu23/v9_full_results/v9_20260927_121410/hardware_raw/network_node0/NETWORK_NATIVE/all_reduce_perf_nodes2_g4.log,536870912,134217728,83943.6,6.4,11.19,Candidate columns from standard nccl-tests row; raw log remains authoritative.
/home/ayu23/v9_full_results/v9_20260927_121410/hardware_raw/network_node0/NETWORK_NATIVE/all_reduce_perf_nodes2_g8.log,8,2,76.8,0.0,0.0,Candidate columns from standard nccl-tests row; raw log remains authoritative.
/home/ayu23/v9_full_results/v9_20260927_121410/hardware_raw/network_node0/NETWORK_NATIVE/all_reduce_perf_nodes2_g8.log,16,4,67.02,0.0,0.0,Candidate columns from standard nccl-tests row; raw log remains authoritative.
/home/ayu23/v9_full_results/v9_20260927_121410/hardware_raw/network_node0/NETWORK_NATIVE/all_reduce_perf_nodes2_g8.log,32,8,67.71,0.0,0.0,Candidate columns from standard nccl-tests row; raw log remains authoritative.
/home/ayu23/v9_full_results/v9_20260927_121410/hardware_raw/network_node0/NETWORK_NATIVE/all_reduce_perf_nodes2_g8.log,64,16,67.51,0.0,0.0,Candidate columns from standard nccl-tests row; raw log remains authoritative.
/home/ayu23/v9_full_results/v9_20260927_121410/hardware_raw/network_node0/NETWORK_NATIVE/all_reduce_perf_nodes2_g8.log,128,32,144.29,0.0,0.0,Candidate columns from standard nccl-tests row; raw log remains authoritative.
/home/ayu23/v9_full_results/v9_20260927_121410/hardware_raw/network_node0/NETWORK_NATIVE/all_reduce_perf_nodes2_g8.log,256,64,104.96,0.0,0.0,Candidate columns from standard nccl-tests row; raw log remains authoritative.
/home/ayu23/v9_full_results/v9_20260927_121410/hardware_raw/network_node0/NETWORK_NATIVE/all_reduce_perf_nodes2_g8.log,512,128,107.05,0.0,0.01,Candidate columns from standard nccl-tests row; raw log remains authoritative.
/home/ayu23/v9_full_results/v9_20260927_121410/hardware_raw/network_node0/NETWORK_NATIVE/all_reduce_perf_nodes2_g8.log,1024,256,113.08,0.01,0.02,Candidate columns from standard nccl-tests row; raw log remains authoritative.
/home/ayu23/v9_full_results/v9_20260927_121410/hardware_raw/network_node0/NETWORK_NATIVE/all_reduce_perf_nodes2_g8.log,2048,512,130.91,0.02,0.03,Candidate columns from standard nccl-tests row; raw log remains authoritative.
/home/ayu23/v9_full_results/v9_20260927_121410/hardware_raw/network_node0/NETWORK_NATIVE/all_reduce_perf_nodes2_g8.log,4096,1024,135.4,0.03,0.06,Candidate columns from standard nccl-tests row; raw log remains authoritative.
/home/ayu23/v9_full_results/v9_20260927_121410/hardware_raw/network_node0/NETWORK_NATIVE/all_reduce_perf_nodes2_g8.log,8192,2048,165.65,0.05,0.09,Candidate columns from standard nccl-tests row; raw log remains authoritative.
/home/ayu23/v9_full_results/v9_20260927_121410/hardware_raw/network_node0/NETWORK_NATIVE/all_reduce_perf_nodes2_g8.log,16384,4096,148.03,0.11,0.21,Candidate columns from standard nccl-tests row; raw log remains authoritative.
/home/ayu23/v9_full_results/v9_20260927_121410/hardware_raw/network_node0/NETWORK_NATIVE/all_reduce_perf_nodes2_g8.log,32768,8192,166.93,0.2,0.37,Candidate columns from standard nccl-tests row; raw log remains authoritative.
/home/ayu23/v9_full_results/v9_20260927_121410/hardware_raw/network_node0/NETWORK_NATIVE/all_reduce_perf_nodes2_g8.log,65536,16384,324.71,0.2,0.38,Candidate columns from standard nccl-tests row; raw log remains authoritative.
/home/ayu23/v9_full_results/v9_20260927_121410/hardware_raw/network_node0/NETWORK_NATIVE/all_reduce_perf_nodes2_g8.log,131072,32768,386.35,0.34,0.64,Candidate columns from standard nccl-tests row; raw log remains authoritative.
/home/ayu23/v9_full_results/v9_20260927_121410/hardware_raw/network_node0/NETWORK_NATIVE/all_reduce_perf_nodes2_g8.log,262144,65536,418.11,0.63,1.18,Candidate columns from standard nccl-tests row; raw log remains authoritative.
/home/ayu23/v9_full_results/v9_20260927_121410/hardware_raw/network_node0/NETWORK_NATIVE/all_reduce_perf_nodes2_g8.log,524288,131072,517.53,1.01,1.9,Candidate columns from standard nccl-tests row; raw log remains authoritative.
/home/ayu23/v9_full_results/v9_20260927_121410/hardware_raw/network_node0/NETWORK_NATIVE/all_reduce_perf_nodes2_g8.log,1048576,262144,740.81,1.42,2.65,Candidate columns from standard nccl-tests row; raw log remains authoritative.
/home/ayu23/v9_full_results/v9_20260927_121410/hardware_raw/network_node0/NETWORK_NATIVE/all_reduce_perf_nodes2_g8.log,2097152,524288,819.56,2.56,4.8,Candidate columns from standard nccl-tests row; raw log remains authoritative.
/home/ayu23/v9_full_results/v9_20260927_121410/hardware_raw/network_node0/NETWORK_NATIVE/all_reduce_perf_nodes2_g8.log,4194304,1048576,1136.18,3.69,6.92,Candidate columns from standard nccl-tests row; raw log remains authoritative.
/home/ayu23/v9_full_results/v9_20260927_121410/hardware_raw/network_node0/NETWORK_NATIVE/all_reduce_perf_nodes2_g8.log,8388608,2097152,1344.0,6.24,11.7,Candidate columns from standard nccl-tests row; raw log remains authoritative.
/home/ayu23/v9_full_results/v9_20260927_121410/hardware_raw/network_node0/NETWORK_NATIVE/all_reduce_perf_nodes2_g8.log,16777216,4194304,2273.28,7.38,13.84,Candidate columns from standard nccl-tests row; raw log remains authoritative.
/home/ayu23/v9_full_results/v9_20260927_121410/hardware_raw/network_node0/NETWORK_NATIVE/all_reduce_perf_nodes2_g8.log,33554432,8388608,4913.83,6.83,12.8,Candidate columns from standard nccl-tests row; raw log remains authoritative.
/home/ayu23/v9_full_results/v9_20260927_121410/hardware_raw/network_node0/NETWORK_NATIVE/all_reduce_perf_nodes2_g8.log,67108864,16777216,9684.33,6.93,12.99,Candidate columns from standard nccl-tests row; raw log remains authoritative.
/home/ayu23/v9_full_results/v9_20260927_121410/hardware_raw/network_node0/NETWORK_NATIVE/all_reduce_perf_nodes2_g8.log,134217728,33554432,19337.3,6.94,13.01,Candidate columns from standard nccl-tests row; raw log remains authoritative.
/home/ayu23/v9_full_results/v9_20260927_121410/hardware_raw/network_node0/NETWORK_NATIVE/all_reduce_perf_nodes2_g8.log,268435456,67108864,39804.4,6.74,12.64,Candidate columns from standard nccl-tests row; raw log remains authoritative.
/home/ayu23/v9_full_results/v9_20260927_121410/hardware_raw/network_node0/NETWORK_NATIVE/all_reduce_perf_nodes2_g8.log,536870912,134217728,78979.7,6.8,12.75,Candidate columns from standard nccl-tests row; raw log remains authoritative.
/home/ayu23/v9_full_results/v9_20260927_121410/hardware_raw/network_node0/NETWORK_NATIVE/all_gather_perf_nodes2_g1.log,0,0,0.13,0.0,0.0,Candidate columns from standard nccl-tests row; raw log remains authoritative.
/home/ayu23/v9_full_results/v9_20260927_121410/hardware_raw/network_node0/NETWORK_NATIVE/all_gather_perf_nodes2_g1.log,0,0,0.11,0.0,0.0,Candidate columns from standard nccl-tests row; raw log remains authoritative.
/home/ayu23/v9_full_results/v9_20260927_121410/hardware_raw/network_node0/NETWORK_NATIVE/all_gather_perf_nodes2_g1.log,32,4,38.1,0.0,0.0,Candidate columns from standard nccl-tests row; raw log remains authoritative.
/home/ayu23/v9_full_results/v9_20260927_121410/hardware_raw/network_node0/NETWORK_NATIVE/all_gather_perf_nodes2_g1.log,64,8,34.12,0.0,0.0,Candidate columns from standard nccl-tests row; raw log remains authoritative.
/home/ayu23/v9_full_results/v9_20260927_121410/hardware_raw/network_node0/NETWORK_NATIVE/all_gather_perf_nodes2_g1.log,128,16,34.55,0.0,0.0,Candidate columns from standard nccl-tests row; raw log remains authoritative.
/home/ayu23/v9_full_results/v9_20260927_121410/hardware_raw/network_node0/NETWORK_NATIVE/all_gather_perf_nodes2_g1.log,256,32,67.56,0.0,0.0,Candidate columns from standard nccl-tests row; raw log remains authoritative.
/home/ayu23/v9_full_results/v9_20260927_121410/hardware_raw/network_node0/NETWORK_NATIVE/all_gather_perf_nodes2_g1.log,512,64,46.48,0.01,0.01,Candidate columns from standard nccl-tests row; raw log remains authoritative.
/home/ayu23/v9_full_results/v9_20260927_121410/hardware_raw/network_node0/NETWORK_NATIVE/all_gather_perf_nodes2_g1.log,1024,128,45.2,0.02,0.01,Candidate columns from standard nccl-tests row; raw log remains authoritative.
/home/ayu23/v9_full_results/v9_20260927_121410/hardware_raw/network_node0/NETWORK_NATIVE/all_gather_perf_nodes2_g1.log,2048,256,52.67,0.04,0.02,Candidate columns from standard nccl-tests row; raw log remains authoritative.
/home/ayu23/v9_full_results/v9_20260927_121410/hardware_raw/network_node0/NETWORK_NATIVE/all_gather_perf_nodes2_g1.log,4096,512,57.47,0.07,0.04,Candidate columns from standard nccl-tests row; raw log remains authoritative.
/home/ayu23/v9_full_results/v9_20260927_121410/hardware_raw/network_node0/NETWORK_NATIVE/all_gather_perf_nodes2_g1.log,8192,1024,59.92,0.14,0.07,Candidate columns from standard nccl-tests row; raw log remains authoritative.
/home/ayu23/v9_full_results/v9_20260927_121410/hardware_raw/network_node0/NETWORK_NATIVE/all_gather_perf_nodes2_g1.log,16384,2048,79.53,0.21,0.1,Candidate columns from standard nccl-tests row; raw log remains authoritative.
/home/ayu23/v9_full_results/v9_20260927_121410/hardware_raw/network_node0/NETWORK_NATIVE/all_gather_perf_nodes2_g1.log,32768,4096,74.66,0.44,0.22,Candidate columns from standard nccl-tests row; raw log remains authoritative.
/home/ayu23/v9_full_results/v9_20260927_121410/hardware_raw/network_node0/NETWORK_NATIVE/all_gather_perf_nodes2_g1.log,65536,8192,77.03,0.85,0.43,Candidate columns from standard nccl-tests row; raw log remains authoritative.
/home/ayu23/v9_full_results/v9_20260927_121410/hardware_raw/network_node0/NETWORK_NATIVE/all_gather_perf_nodes2_g1.log,131072,16384,118.08,1.11,0.56,Candidate columns from standard nccl-tests row; raw log remains authoritative.
/home/ayu23/v9_full_results/v9_20260927_121410/hardware_raw/network_node0/NETWORK_NATIVE/all_gather_perf_nodes2_g1.log,262144,32768,110.42,2.37,1.19,Candidate columns from standard nccl-tests row; raw log remains authoritative.
/home/ayu23/v9_full_results/v9_20260927_121410/hardware_raw/network_node0/NETWORK_NATIVE/all_gather_perf_nodes2_g1.log,524288,65536,161.26,3.25,1.63,Candidate columns from standard nccl-tests row; raw log remains authoritative.
/home/ayu23/v9_full_results/v9_20260927_121410/hardware_raw/network_node0/NETWORK_NATIVE/all_gather_perf_nodes2_g1.log,1048576,131072,175.75,5.97,2.98,Candidate columns from standard nccl-tests row; raw log remains authoritative.
/home/ayu23/v9_full_results/v9_20260927_121410/hardware_raw/network_node0/NETWORK_NATIVE/all_gather_perf_nodes2_g1.log,2097152,262144,204.21,10.27,5.13,Candidate columns from standard nccl-tests row; raw log remains authoritative.
/home/ayu23/v9_full_results/v9_20260927_121410/hardware_raw/network_node0/NETWORK_NATIVE/all_gather_perf_nodes2_g1.log,4194304,524288,322.88,12.99,6.5,Candidate columns from standard nccl-tests row; raw log remains authoritative.
/home/ayu23/v9_full_results/v9_20260927_121410/hardware_raw/network_node0/NETWORK_NATIVE/all_gather_perf_nodes2_g1.log,8388608,1048576,554.19,15.14,7.57,Candidate columns from standard nccl-tests row; raw log remains authoritative.
/home/ayu23/v9_full_results/v9_20260927_121410/hardware_raw/network_node0/NETWORK_NATIVE/all_gather_perf_nodes2_g1.log,16777216,2097152,1045.32,16.05,8.02,Candidate columns from standard nccl-tests row; raw log remains authoritative.
/home/ayu23/v9_full_results/v9_20260927_121410/hardware_raw/network_node0/NETWORK_NATIVE/all_gather_perf_nodes2_g1.log,33554432,4194304,1983.42,16.92,8.46,Candidate columns from standard nccl-tests row; raw log remains authoritative.
/home/ayu23/v9_full_results/v9_20260927_121410/hardware_raw/network_node0/NETWORK_NATIVE/all_gather_perf_nodes2_g1.log,67108864,8388608,3758.69,17.85,8.93,Candidate columns from standard nccl-tests row; raw log remains authoritative.
/home/ayu23/v9_full_results/v9_20260927_121410/hardware_raw/network_node0/NETWORK_NATIVE/all_gather_perf_nodes2_g1.log,134217728,16777216,7311.14,18.36,9.18,Candidate columns from standard nccl-tests row; raw log remains authoritative.
/home/ayu23/v9_full_results/v9_20260927_121410/hardware_raw/network_node0/NETWORK_NATIVE/all_gather_perf_nodes2_g1.log,268435456,33554432,14422.7,18.61,9.31,Candidate columns from standard nccl-tests row; raw log remains authoritative.
/home/ayu23/v9_full_results/v9_20260927_121410/hardware_raw/network_node0/NETWORK_NATIVE/all_gather_perf_nodes2_g1.log,536870912,67108864,28783.4,18.65,9.33,Candidate columns from standard nccl-tests row; raw log remains authoritative.
/home/ayu23/v9_full_results/v9_20260927_121410/hardware_raw/network_node0/NETWORK_NATIVE/all_gather_perf_nodes2_g4.log,0,0,0.31,0.0,0.0,Candidate columns from standard nccl-tests row; raw log remains authoritative.
/home/ayu23/v9_full_results/v9_20260927_121410/hardware_raw/network_node0/NETWORK_NATIVE/all_gather_perf_nodes2_g4.log,0,0,0.29,0.0,0.0,Candidate columns from standard nccl-tests row; raw log remains authoritative.
/home/ayu23/v9_full_results/v9_20260927_121410/hardware_raw/network_node0/NETWORK_NATIVE/all_gather_perf_nodes2_g4.log,0,0,0.29,0.0,0.0,Candidate columns from standard nccl-tests row; raw log remains authoritative.
/home/ayu23/v9_full_results/v9_20260927_121410/hardware_raw/network_node0/NETWORK_NATIVE/all_gather_perf_nodes2_g4.log,0,0,0.29,0.0,0.0,Candidate columns from standard nccl-tests row; raw log remains authoritative.
/home/ayu23/v9_full_results/v9_20260927_121410/hardware_raw/network_node0/NETWORK_NATIVE/all_gather_perf_nodes2_g4.log,128,4,83.2,0.0,0.0,Candidate columns from standard nccl-tests row; raw log remains authoritative.
/home/ayu23/v9_full_results/v9_20260927_121410/hardware_raw/network_node0/NETWORK_NATIVE/all_gather_perf_nodes2_g4.log,256,8,80.41,0.0,0.0,Candidate columns from standard nccl-tests row; raw log remains authoritative.
/home/ayu23/v9_full_results/v9_20260927_121410/hardware_raw/network_node0/NETWORK_NATIVE/all_gather_perf_nodes2_g4.log,512,16,79.42,0.01,0.01,Candidate columns from standard nccl-tests row; raw log remains authoritative.
/home/ayu23/v9_full_results/v9_20260927_121410/hardware_raw/network_node0/NETWORK_NATIVE/all_gather_perf_nodes2_g4.log,1024,32,105.73,0.01,0.01,Candidate columns from standard nccl-tests row; raw log remains authoritative.
/home/ayu23/v9_full_results/v9_20260927_121410/hardware_raw/network_node0/NETWORK_NATIVE/all_gather_perf_nodes2_g4.log,2048,64,100.18,0.02,0.02,Candidate columns from standard nccl-tests row; raw log remains authoritative.
/home/ayu23/v9_full_results/v9_20260927_121410/hardware_raw/network_node0/NETWORK_NATIVE/all_gather_perf_nodes2_g4.log,4096,128,99.57,0.04,0.04,Candidate columns from standard nccl-tests row; raw log remains authoritative.
/home/ayu23/v9_full_results/v9_20260927_121410/hardware_raw/network_node0/NETWORK_NATIVE/all_gather_perf_nodes2_g4.log,8192,256,102.34,0.08,0.07,Candidate columns from standard nccl-tests row; raw log remains authoritative.
/home/ayu23/v9_full_results/v9_20260927_121410/hardware_raw/network_node0/NETWORK_NATIVE/all_gather_perf_nodes2_g4.log,16384,512,110.75,0.15,0.13,Candidate columns from standard nccl-tests row; raw log remains authoritative.
/home/ayu23/v9_full_results/v9_20260927_121410/hardware_raw/network_node0/NETWORK_NATIVE/all_gather_perf_nodes2_g4.log,32768,1024,111.17,0.29,0.26,Candidate columns from standard nccl-tests row; raw log remains authoritative.
/home/ayu23/v9_full_results/v9_20260927_121410/hardware_raw/network_node0/NETWORK_NATIVE/all_gather_perf_nodes2_g4.log,65536,2048,128.45,0.51,0.45,Candidate columns from standard nccl-tests row; raw log remains authoritative.
/home/ayu23/v9_full_results/v9_20260927_121410/hardware_raw/network_node0/NETWORK_NATIVE/all_gather_perf_nodes2_g4.log,131072,4096,131.83,0.99,0.87,Candidate columns from standard nccl-tests row; raw log remains authoritative.
/home/ayu23/v9_full_results/v9_20260927_121410/hardware_raw/network_node0/NETWORK_NATIVE/all_gather_perf_nodes2_g4.log,262144,8192,150.99,1.74,1.52,Candidate columns from standard nccl-tests row; raw log remains authoritative.
/home/ayu23/v9_full_results/v9_20260927_121410/hardware_raw/network_node0/NETWORK_NATIVE/all_gather_perf_nodes2_g4.log,524288,16384,180.02,2.91,2.55,Candidate columns from standard nccl-tests row; raw log remains authoritative.
/home/ayu23/v9_full_results/v9_20260927_121410/hardware_raw/network_node0/NETWORK_NATIVE/all_gather_perf_nodes2_g4.log,1048576,32768,223.8,4.69,4.1,Candidate columns from standard nccl-tests row; raw log remains authoritative.
/home/ayu23/v9_full_results/v9_20260927_121410/hardware_raw/network_node0/NETWORK_NATIVE/all_gather_perf_nodes2_g4.log,2097152,65536,317.34,6.61,5.78,Candidate columns from standard nccl-tests row; raw log remains authoritative.
/home/ayu23/v9_full_results/v9_20260927_121410/hardware_raw/network_node0/NETWORK_NATIVE/all_gather_perf_nodes2_g4.log,4194304,131072,360.18,11.65,10.19,Candidate columns from standard nccl-tests row; raw log remains authoritative.
/home/ayu23/v9_full_results/v9_20260927_121410/hardware_raw/network_node0/NETWORK_NATIVE/all_gather_perf_nodes2_g4.log,8388608,262144,700.73,11.97,10.47,Candidate columns from standard nccl-tests row; raw log remains authoritative.
/home/ayu23/v9_full_results/v9_20260927_121410/hardware_raw/network_node0/NETWORK_NATIVE/all_gather_perf_nodes2_g4.log,16777216,524288,1248.83,13.43,11.76,Candidate columns from standard nccl-tests row; raw log remains authoritative.
/home/ayu23/v9_full_results/v9_20260927_121410/hardware_raw/network_node0/NETWORK_NATIVE/all_gather_perf_nodes2_g4.log,33554432,1048576,2619.56,12.81,11.21,Candidate columns from standard nccl-tests row; raw log remains authoritative.
/home/ayu23/v9_full_results/v9_20260927_121410/hardware_raw/network_node0/NETWORK_NATIVE/all_gather_perf_nodes2_g4.log,67108864,2097152,5009.93,13.4,11.72,Candidate columns from standard nccl-tests row; raw log remains authoritative.
/home/ayu23/v9_full_results/v9_20260927_121410/hardware_raw/network_node0/NETWORK_NATIVE/all_gather_perf_nodes2_g4.log,134217728,4194304,10081.4,13.31,11.65,Candidate columns from standard nccl-tests row; raw log remains authoritative.
/home/ayu23/v9_full_results/v9_20260927_121410/hardware_raw/network_node0/NETWORK_NATIVE/all_gather_perf_nodes2_g4.log,268435456,8388608,20443.9,13.13,11.49,Candidate columns from standard nccl-tests row; raw log remains authoritative.
/home/ayu23/v9_full_results/v9_20260927_121410/hardware_raw/network_node0/NETWORK_NATIVE/all_gather_perf_nodes2_g4.log,536870912,16777216,35402.7,15.16,13.27,Candidate columns from standard nccl-tests row; raw log remains authoritative.
/home/ayu23/v9_full_results/v9_20260927_121410/hardware_raw/network_node0/NETWORK_NATIVE/all_gather_perf_nodes2_g8.log,0,0,0.52,0.0,0.0,Candidate columns from standard nccl-tests row; raw log remains authoritative.
/home/ayu23/v9_full_results/v9_20260927_121410/hardware_raw/network_node0/NETWORK_NATIVE/all_gather_perf_nodes2_g8.log,0,0,0.5,0.0,0.0,Candidate columns from standard nccl-tests row; raw log remains authoritative.
/home/ayu23/v9_full_results/v9_20260927_121410/hardware_raw/network_node0/NETWORK_NATIVE/all_gather_perf_nodes2_g8.log,0,0,0.5,0.0,0.0,Candidate columns from standard nccl-tests row; raw log remains authoritative.
/home/ayu23/v9_full_results/v9_20260927_121410/hardware_raw/network_node0/NETWORK_NATIVE/all_gather_perf_nodes2_g8.log,0,0,0.5,0.0,0.0,Candidate columns from standard nccl-tests row; raw log remains authoritative.
/home/ayu23/v9_full_results/v9_20260927_121410/hardware_raw/network_node0/NETWORK_NATIVE/all_gather_perf_nodes2_g8.log,0,0,0.5,0.0,0.0,Candidate columns from standard nccl-tests row; raw log remains authoritative.
/home/ayu23/v9_full_results/v9_20260927_121410/hardware_raw/network_node0/NETWORK_NATIVE/all_gather_perf_nodes2_g8.log,256,4,107.79,0.0,0.0,Candidate columns from standard nccl-tests row; raw log remains authoritative.
/home/ayu23/v9_full_results/v9_20260927_121410/hardware_raw/network_node0/NETWORK_NATIVE/all_gather_perf_nodes2_g8.log,512,8,103.45,0.0,0.0,Candidate columns from standard nccl-tests row; raw log remains authoritative.
/home/ayu23/v9_full_results/v9_20260927_121410/hardware_raw/network_node0/NETWORK_NATIVE/all_gather_perf_nodes2_g8.log,1024,16,105.64,0.01,0.01,Candidate columns from standard nccl-tests row; raw log remains authoritative.
/home/ayu23/v9_full_results/v9_20260927_121410/hardware_raw/network_node0/NETWORK_NATIVE/all_gather_perf_nodes2_g8.log,2048,32,157.95,0.01,0.01,Candidate columns from standard nccl-tests row; raw log remains authoritative.
/home/ayu23/v9_full_results/v9_20260927_121410/hardware_raw/network_node0/NETWORK_NATIVE/all_gather_perf_nodes2_g8.log,4096,64,156.25,0.03,0.02,Candidate columns from standard nccl-tests row; raw log remains authoritative.
/home/ayu23/v9_full_results/v9_20260927_121410/hardware_raw/network_node0/NETWORK_NATIVE/all_gather_perf_nodes2_g8.log,8192,128,152.34,0.05,0.05,Candidate columns from standard nccl-tests row; raw log remains authoritative.
/home/ayu23/v9_full_results/v9_20260927_121410/hardware_raw/network_node0/NETWORK_NATIVE/all_gather_perf_nodes2_g8.log,16384,256,157.81,0.1,0.1,Candidate columns from standard nccl-tests row; raw log remains authoritative.
/home/ayu23/v9_full_results/v9_20260927_121410/hardware_raw/network_node0/NETWORK_NATIVE/all_gather_perf_nodes2_g8.log,32768,512,169.21,0.19,0.18,Candidate columns from standard nccl-tests row; raw log remains authoritative.
/home/ayu23/v9_full_results/v9_20260927_121410/hardware_raw/network_node0/NETWORK_NATIVE/all_gather_perf_nodes2_g8.log,65536,1024,174.29,0.38,0.35,Candidate columns from standard nccl-tests row; raw log remains authoritative.
/home/ayu23/v9_full_results/v9_20260927_121410/hardware_raw/network_node0/NETWORK_NATIVE/all_gather_perf_nodes2_g8.log,131072,2048,225.06,0.58,0.55,Candidate columns from standard nccl-tests row; raw log remains authoritative.
/home/ayu23/v9_full_results/v9_20260927_121410/hardware_raw/network_node0/NETWORK_NATIVE/all_gather_perf_nodes2_g8.log,262144,4096,253.97,1.03,0.97,Candidate columns from standard nccl-tests row; raw log remains authoritative.
/home/ayu23/v9_full_results/v9_20260927_121410/hardware_raw/network_node0/NETWORK_NATIVE/all_gather_perf_nodes2_g8.log,524288,8192,325.61,1.61,1.51,Candidate columns from standard nccl-tests row; raw log remains authoritative.
/home/ayu23/v9_full_results/v9_20260927_121410/hardware_raw/network_node0/NETWORK_NATIVE/all_gather_perf_nodes2_g8.log,1048576,16384,335.86,3.12,2.93,Candidate columns from standard nccl-tests row; raw log remains authoritative.
/home/ayu23/v9_full_results/v9_20260927_121410/hardware_raw/network_node0/NETWORK_NATIVE/all_gather_perf_nodes2_g8.log,2097152,32768,488.33,4.29,4.03,Candidate columns from standard nccl-tests row; raw log remains authoritative.
/home/ayu23/v9_full_results/v9_20260927_121410/hardware_raw/network_node0/NETWORK_NATIVE/all_gather_perf_nodes2_g8.log,4194304,65536,623.35,6.73,6.31,Candidate columns from standard nccl-tests row; raw log remains authoritative.
/home/ayu23/v9_full_results/v9_20260927_121410/hardware_raw/network_node0/NETWORK_NATIVE/all_gather_perf_nodes2_g8.log,8388608,131072,1015.26,8.26,7.75,Candidate columns from standard nccl-tests row; raw log remains authoritative.
/home/ayu23/v9_full_results/v9_20260927_121410/hardware_raw/network_node0/NETWORK_NATIVE/all_gather_perf_nodes2_g8.log,16777216,262144,1863.69,9.0,8.44,Candidate columns from standard nccl-tests row; raw log remains authoritative.
/home/ayu23/v9_full_results/v9_20260927_121410/hardware_raw/network_node0/NETWORK_NATIVE/all_gather_perf_nodes2_g8.log,33554432,524288,3526.36,9.52,8.92,Candidate columns from standard nccl-tests row; raw log remains authoritative.
/home/ayu23/v9_full_results/v9_20260927_121410/hardware_raw/network_node0/NETWORK_NATIVE/all_gather_perf_nodes2_g8.log,67108864,1048576,7196.66,9.32,8.74,Candidate columns from standard nccl-tests row; raw log remains authoritative.
/home/ayu23/v9_full_results/v9_20260927_121410/hardware_raw/network_node0/NETWORK_NATIVE/all_gather_perf_nodes2_g8.log,134217728,2097152,14704.5,9.13,8.56,Candidate columns from standard nccl-tests row; raw log remains authoritative.
/home/ayu23/v9_full_results/v9_20260927_121410/hardware_raw/network_node0/NETWORK_NATIVE/all_gather_perf_nodes2_g8.log,268435456,4194304,28809.9,9.32,8.74,Candidate columns from standard nccl-tests row; raw log remains authoritative.
/home/ayu23/v9_full_results/v9_20260927_121410/hardware_raw/network_node0/NETWORK_NATIVE/all_gather_perf_nodes2_g8.log,536870912,8388608,58337.7,9.2,8.63,Candidate columns from standard nccl-tests row; raw log remains authoritative.
/home/ayu23/v9_full_results/v9_20260927_121410/hardware_raw/network_node0/NETWORK_NATIVE/reduce_scatter_perf_nodes2_g1.log,0,0,0.13,0.0,0.0,Candidate columns from standard nccl-tests row; raw log remains authoritative.
/home/ayu23/v9_full_results/v9_20260927_121410/hardware_raw/network_node0/NETWORK_NATIVE/reduce_scatter_perf_nodes2_g1.log,0,0,0.11,0.0,0.0,Candidate columns from standard nccl-tests row; raw log remains authoritative.
/home/ayu23/v9_full_results/v9_20260927_121410/hardware_raw/network_node0/NETWORK_NATIVE/reduce_scatter_perf_nodes2_g1.log,32,4,37.15,0.0,0.0,Candidate columns from standard nccl-tests row; raw log remains authoritative.
/home/ayu23/v9_full_results/v9_20260927_121410/hardware_raw/network_node0/NETWORK_NATIVE/reduce_scatter_perf_nodes2_g1.log,64,8,33.54,0.0,0.0,Candidate columns from standard nccl-tests row; raw log remains authoritative.
/home/ayu23/v9_full_results/v9_20260927_121410/hardware_raw/network_node0/NETWORK_NATIVE/reduce_scatter_perf_nodes2_g1.log,128,16,33.57,0.0,0.0,Candidate columns from standard nccl-tests row; raw log remains authoritative.
/home/ayu23/v9_full_results/v9_20260927_121410/hardware_raw/network_node0/NETWORK_NATIVE/reduce_scatter_perf_nodes2_g1.log,256,32,72.11,0.0,0.0,Candidate columns from standard nccl-tests row; raw log remains authoritative.
/home/ayu23/v9_full_results/v9_20260927_121410/hardware_raw/network_node0/NETWORK_NATIVE/reduce_scatter_perf_nodes2_g1.log,512,64,48.87,0.01,0.01,Candidate columns from standard nccl-tests row; raw log remains authoritative.
/home/ayu23/v9_full_results/v9_20260927_121410/hardware_raw/network_node0/NETWORK_NATIVE/reduce_scatter_perf_nodes2_g1.log,1024,128,43.73,0.02,0.01,Candidate columns from standard nccl-tests row; raw log remains authoritative.
/home/ayu23/v9_full_results/v9_20260927_121410/hardware_raw/network_node0/NETWORK_NATIVE/reduce_scatter_perf_nodes2_g1.log,2048,256,54.91,0.04,0.02,Candidate columns from standard nccl-tests row; raw log remains authoritative.
/home/ayu23/v9_full_results/v9_20260927_121410/hardware_raw/network_node0/NETWORK_NATIVE/reduce_scatter_perf_nodes2_g1.log,4096,512,57.34,0.07,0.04,Candidate columns from standard nccl-tests row; raw log remains authoritative.
/home/ayu23/v9_full_results/v9_20260927_121410/hardware_raw/network_node0/NETWORK_NATIVE/reduce_scatter_perf_nodes2_g1.log,8192,1024,61.2,0.13,0.07,Candidate columns from standard nccl-tests row; raw log remains authoritative.
/home/ayu23/v9_full_results/v9_20260927_121410/hardware_raw/network_node0/NETWORK_NATIVE/reduce_scatter_perf_nodes2_g1.log,16384,2048,79.97,0.2,0.1,Candidate columns from standard nccl-tests row; raw log remains authoritative.
/home/ayu23/v9_full_results/v9_20260927_121410/hardware_raw/network_node0/NETWORK_NATIVE/reduce_scatter_perf_nodes2_g1.log,32768,4096,70.26,0.47,0.23,Candidate columns from standard nccl-tests row; raw log remains authoritative.
/home/ayu23/v9_full_results/v9_20260927_121410/hardware_raw/network_node0/NETWORK_NATIVE/reduce_scatter_perf_nodes2_g1.log,65536,8192,79.49,0.82,0.41,Candidate columns from standard nccl-tests row; raw log remains authoritative.
/home/ayu23/v9_full_results/v9_20260927_121410/hardware_raw/network_node0/NETWORK_NATIVE/reduce_scatter_perf_nodes2_g1.log,131072,16384,119.19,1.1,0.55,Candidate columns from standard nccl-tests row; raw log remains authoritative.
/home/ayu23/v9_full_results/v9_20260927_121410/hardware_raw/network_node0/NETWORK_NATIVE/reduce_scatter_perf_nodes2_g1.log,262144,32768,113.77,2.3,1.15,Candidate columns from standard nccl-tests row; raw log remains authoritative.
/home/ayu23/v9_full_results/v9_20260927_121410/hardware_raw/network_node0/NETWORK_NATIVE/reduce_scatter_perf_nodes2_g1.log,524288,65536,154.93,3.38,1.69,Candidate columns from standard nccl-tests row; raw log remains authoritative.
/home/ayu23/v9_full_results/v9_20260927_121410/hardware_raw/network_node0/NETWORK_NATIVE/reduce_scatter_perf_nodes2_g1.log,1048576,131072,180.65,5.8,2.9,Candidate columns from standard nccl-tests row; raw log remains authoritative.
/home/ayu23/v9_full_results/v9_20260927_121410/hardware_raw/network_node0/NETWORK_NATIVE/reduce_scatter_perf_nodes2_g1.log,2097152,262144,207.04,10.13,5.06,Candidate columns from standard nccl-tests row; raw log remains authoritative.
/home/ayu23/v9_full_results/v9_20260927_121410/hardware_raw/network_node0/NETWORK_NATIVE/reduce_scatter_perf_nodes2_g1.log,4194304,524288,290.37,14.44,7.22,Candidate columns from standard nccl-tests row; raw log remains authoritative.
/home/ayu23/v9_full_results/v9_20260927_121410/hardware_raw/network_node0/NETWORK_NATIVE/reduce_scatter_perf_nodes2_g1.log,8388608,1048576,481.67,17.42,8.71,Candidate columns from standard nccl-tests row; raw log remains authoritative.
/home/ayu23/v9_full_results/v9_20260927_121410/hardware_raw/network_node0/NETWORK_NATIVE/reduce_scatter_perf_nodes2_g1.log,16777216,2097152,908.76,18.46,9.23,Candidate columns from standard nccl-tests row; raw log remains authoritative.
/home/ayu23/v9_full_results/v9_20260927_121410/hardware_raw/network_node0/NETWORK_NATIVE/reduce_scatter_perf_nodes2_g1.log,33554432,4194304,1677.42,20.0,10.0,Candidate columns from standard nccl-tests row; raw log remains authoritative.
/home/ayu23/v9_full_results/v9_20260927_121410/hardware_raw/network_node0/NETWORK_NATIVE/reduce_scatter_perf_nodes2_g1.log,67108864,8388608,3107.44,21.6,10.8,Candidate columns from standard nccl-tests row; raw log remains authoritative.
/home/ayu23/v9_full_results/v9_20260927_121410/hardware_raw/network_node0/NETWORK_NATIVE/reduce_scatter_perf_nodes2_g1.log,134217728,16777216,6052.36,22.18,11.09,Candidate columns from standard nccl-tests row; raw log remains authoritative.
/home/ayu23/v9_full_results/v9_20260927_121410/hardware_raw/network_node0/NETWORK_NATIVE/reduce_scatter_perf_nodes2_g1.log,268435456,33554432,11714.4,22.91,11.46,Candidate columns from standard nccl-tests row; raw log remains authoritative.
/home/ayu23/v9_full_results/v9_20260927_121410/hardware_raw/network_node0/NETWORK_NATIVE/reduce_scatter_perf_nodes2_g1.log,536870912,67108864,23229.6,23.11,11.56,Candidate columns from standard nccl-tests row; raw log remains authoritative.
/home/ayu23/v9_full_results/v9_20260927_121410/hardware_raw/network_node0/NETWORK_NATIVE/reduce_scatter_perf_nodes2_g4.log,0,0,0.31,0.0,0.0,Candidate columns from standard nccl-tests row; raw log remains authoritative.
/home/ayu23/v9_full_results/v9_20260927_121410/hardware_raw/network_node0/NETWORK_NATIVE/reduce_scatter_perf_nodes2_g4.log,0,0,0.3,0.0,0.0,Candidate columns from standard nccl-tests row; raw log remains authoritative.
/home/ayu23/v9_full_results/v9_20260927_121410/hardware_raw/network_node0/NETWORK_NATIVE/reduce_scatter_perf_nodes2_g4.log,0,0,0.29,0.0,0.0,Candidate columns from standard nccl-tests row; raw log remains authoritative.
/home/ayu23/v9_full_results/v9_20260927_121410/hardware_raw/network_node0/NETWORK_NATIVE/reduce_scatter_perf_nodes2_g4.log,0,0,0.29,0.0,0.0,Candidate columns from standard nccl-tests row; raw log remains authoritative.
/home/ayu23/v9_full_results/v9_20260927_121410/hardware_raw/network_node0/NETWORK_NATIVE/reduce_scatter_perf_nodes2_g4.log,128,4,77.93,0.0,0.0,Candidate columns from standard nccl-tests row; raw log remains authoritative.
/home/ayu23/v9_full_results/v9_20260927_121410/hardware_raw/network_node0/NETWORK_NATIVE/reduce_scatter_perf_nodes2_g4.log,256,8,75.07,0.0,0.0,Candidate columns from standard nccl-tests row; raw log remains authoritative.
/home/ayu23/v9_full_results/v9_20260927_121410/hardware_raw/network_node0/NETWORK_NATIVE/reduce_scatter_perf_nodes2_g4.log,512,16,76.37,0.01,0.01,Candidate columns from standard nccl-tests row; raw log remains authoritative.
/home/ayu23/v9_full_results/v9_20260927_121410/hardware_raw/network_node0/NETWORK_NATIVE/reduce_scatter_perf_nodes2_g4.log,1024,32,100.55,0.01,0.01,Candidate columns from standard nccl-tests row; raw log remains authoritative.
/home/ayu23/v9_full_results/v9_20260927_121410/hardware_raw/network_node0/NETWORK_NATIVE/reduce_scatter_perf_nodes2_g4.log,2048,64,97.73,0.02,0.02,Candidate columns from standard nccl-tests row; raw log remains authoritative.
/home/ayu23/v9_full_results/v9_20260927_121410/hardware_raw/network_node0/NETWORK_NATIVE/reduce_scatter_perf_nodes2_g4.log,4096,128,97.76,0.04,0.04,Candidate columns from standard nccl-tests row; raw log remains authoritative.
/home/ayu23/v9_full_results/v9_20260927_121410/hardware_raw/network_node0/NETWORK_NATIVE/reduce_scatter_perf_nodes2_g4.log,8192,256,101.46,0.08,0.07,Candidate columns from standard nccl-tests row; raw log remains authoritative.
/home/ayu23/v9_full_results/v9_20260927_121410/hardware_raw/network_node0/NETWORK_NATIVE/reduce_scatter_perf_nodes2_g4.log,16384,512,106.56,0.15,0.13,Candidate columns from standard nccl-tests row; raw log remains authoritative.
/home/ayu23/v9_full_results/v9_20260927_121410/hardware_raw/network_node0/NETWORK_NATIVE/reduce_scatter_perf_nodes2_g4.log,32768,1024,114.63,0.29,0.25,Candidate columns from standard nccl-tests row; raw log remains authoritative.
/home/ayu23/v9_full_results/v9_20260927_121410/hardware_raw/network_node0/NETWORK_NATIVE/reduce_scatter_perf_nodes2_g4.log,65536,2048,127.27,0.51,0.45,Candidate columns from standard nccl-tests row; raw log remains authoritative.
/home/ayu23/v9_full_results/v9_20260927_121410/hardware_raw/network_node0/NETWORK_NATIVE/reduce_scatter_perf_nodes2_g4.log,131072,4096,129.91,1.01,0.88,Candidate columns from standard nccl-tests row; raw log remains authoritative.
/home/ayu23/v9_full_results/v9_20260927_121410/hardware_raw/network_node0/NETWORK_NATIVE/reduce_scatter_perf_nodes2_g4.log,262144,8192,145.76,1.8,1.57,Candidate columns from standard nccl-tests row; raw log remains authoritative.
/home/ayu23/v9_full_results/v9_20260927_121410/hardware_raw/network_node0/NETWORK_NATIVE/reduce_scatter_perf_nodes2_g4.log,524288,16384,169.37,3.1,2.71,Candidate columns from standard nccl-tests row; raw log remains authoritative.
/home/ayu23/v9_full_results/v9_20260927_121410/hardware_raw/network_node0/NETWORK_NATIVE/reduce_scatter_perf_nodes2_g4.log,1048576,32768,224.94,4.66,4.08,Candidate columns from standard nccl-tests row; raw log remains authoritative.
/home/ayu23/v9_full_results/v9_20260927_121410/hardware_raw/network_node0/NETWORK_NATIVE/reduce_scatter_perf_nodes2_g4.log,2097152,65536,313.65,6.69,5.85,Candidate columns from standard nccl-tests row; raw log remains authoritative.
/home/ayu23/v9_full_results/v9_20260927_121410/hardware_raw/network_node0/NETWORK_NATIVE/reduce_scatter_perf_nodes2_g4.log,4194304,131072,467.47,8.97,7.85,Candidate columns from standard nccl-tests row; raw log remains authoritative.
/home/ayu23/v9_full_results/v9_20260927_121410/hardware_raw/network_node0/NETWORK_NATIVE/reduce_scatter_perf_nodes2_g4.log,8388608,262144,661.47,12.68,11.1,Candidate columns from standard nccl-tests row; raw log remains authoritative.
/home/ayu23/v9_full_results/v9_20260927_121410/hardware_raw/network_node0/NETWORK_NATIVE/reduce_scatter_perf_nodes2_g4.log,16777216,524288,1295.12,12.95,11.33,Candidate columns from standard nccl-tests row; raw log remains authoritative.
/home/ayu23/v9_full_results/v9_20260927_121410/hardware_raw/network_node0/NETWORK_NATIVE/reduce_scatter_perf_nodes2_g4.log,33554432,1048576,2542.98,13.19,11.55,Candidate columns from standard nccl-tests row; raw log remains authoritative.
/home/ayu23/v9_full_results/v9_20260927_121410/hardware_raw/network_node0/NETWORK_NATIVE/reduce_scatter_perf_nodes2_g4.log,67108864,2097152,4860.86,13.81,12.08,Candidate columns from standard nccl-tests row; raw log remains authoritative.
/home/ayu23/v9_full_results/v9_20260927_121410/hardware_raw/network_node0/NETWORK_NATIVE/reduce_scatter_perf_nodes2_g4.log,134217728,4194304,9830.48,13.65,11.95,Candidate columns from standard nccl-tests row; raw log remains authoritative.
/home/ayu23/v9_full_results/v9_20260927_121410/hardware_raw/network_node0/NETWORK_NATIVE/reduce_scatter_perf_nodes2_g4.log,268435456,8388608,19711.0,13.62,11.92,Candidate columns from standard nccl-tests row; raw log remains authoritative.
/home/ayu23/v9_full_results/v9_20260927_121410/hardware_raw/network_node0/NETWORK_NATIVE/reduce_scatter_perf_nodes2_g4.log,536870912,16777216,39766.7,13.5,11.81,Candidate columns from standard nccl-tests row; raw log remains authoritative.
/home/ayu23/v9_full_results/v9_20260927_121410/hardware_raw/network_node0/NETWORK_NATIVE/reduce_scatter_perf_nodes2_g8.log,0,0,0.52,0.0,0.0,Candidate columns from standard nccl-tests row; raw log remains authoritative.
/home/ayu23/v9_full_results/v9_20260927_121410/hardware_raw/network_node0/NETWORK_NATIVE/reduce_scatter_perf_nodes2_g8.log,0,0,0.51,0.0,0.0,Candidate columns from standard nccl-tests row; raw log remains authoritative.
/home/ayu23/v9_full_results/v9_20260927_121410/hardware_raw/network_node0/NETWORK_NATIVE/reduce_scatter_perf_nodes2_g8.log,0,0,0.5,0.0,0.0,Candidate columns from standard nccl-tests row; raw log remains authoritative.
/home/ayu23/v9_full_results/v9_20260927_121410/hardware_raw/network_node0/NETWORK_NATIVE/reduce_scatter_perf_nodes2_g8.log,0,0,0.7,0.0,0.0,Candidate columns from standard nccl-tests row; raw log remains authoritative.
/home/ayu23/v9_full_results/v9_20260927_121410/hardware_raw/network_node0/NETWORK_NATIVE/reduce_scatter_perf_nodes2_g8.log,0,0,0.5,0.0,0.0,Candidate columns from standard nccl-tests row; raw log remains authoritative.
/home/ayu23/v9_full_results/v9_20260927_121410/hardware_raw/network_node0/NETWORK_NATIVE/reduce_scatter_perf_nodes2_g8.log,256,4,108.17,0.0,0.0,Candidate columns from standard nccl-tests row; raw log remains authoritative.
/home/ayu23/v9_full_results/v9_20260927_121410/hardware_raw/network_node0/NETWORK_NATIVE/reduce_scatter_perf_nodes2_g8.log,512,8,105.59,0.0,0.0,Candidate columns from standard nccl-tests row; raw log remains authoritative.
/home/ayu23/v9_full_results/v9_20260927_121410/hardware_raw/network_node0/NETWORK_NATIVE/reduce_scatter_perf_nodes2_g8.log,1024,16,108.59,0.01,0.01,Candidate columns from standard nccl-tests row; raw log remains authoritative.
/home/ayu23/v9_full_results/v9_20260927_121410/hardware_raw/network_node0/NETWORK_NATIVE/reduce_scatter_perf_nodes2_g8.log,2048,32,153.35,0.01,0.01,Candidate columns from standard nccl-tests row; raw log remains authoritative.
/home/ayu23/v9_full_results/v9_20260927_121410/hardware_raw/network_node0/NETWORK_NATIVE/reduce_scatter_perf_nodes2_g8.log,4096,64,147.89,0.03,0.03,Candidate columns from standard nccl-tests row; raw log remains authoritative.
/home/ayu23/v9_full_results/v9_20260927_121410/hardware_raw/network_node0/NETWORK_NATIVE/reduce_scatter_perf_nodes2_g8.log,8192,128,150.76,0.05,0.05,Candidate columns from standard nccl-tests row; raw log remains authoritative.
/home/ayu23/v9_full_results/v9_20260927_121410/hardware_raw/network_node0/NETWORK_NATIVE/reduce_scatter_perf_nodes2_g8.log,16384,256,157.41,0.1,0.1,Candidate columns from standard nccl-tests row; raw log remains authoritative.
/home/ayu23/v9_full_results/v9_20260927_121410/hardware_raw/network_node0/NETWORK_NATIVE/reduce_scatter_perf_nodes2_g8.log,32768,512,159.54,0.21,0.19,Candidate columns from standard nccl-tests row; raw log remains authoritative.
/home/ayu23/v9_full_results/v9_20260927_121410/hardware_raw/network_node0/NETWORK_NATIVE/reduce_scatter_perf_nodes2_g8.log,65536,1024,170.57,0.38,0.36,Candidate columns from standard nccl-tests row; raw log remains authoritative.
/home/ayu23/v9_full_results/v9_20260927_121410/hardware_raw/network_node0/NETWORK_NATIVE/reduce_scatter_perf_nodes2_g8.log,131072,2048,198.97,0.66,0.62,Candidate columns from standard nccl-tests row; raw log remains authoritative.
/home/ayu23/v9_full_results/v9_20260927_121410/hardware_raw/network_node0/NETWORK_NATIVE/reduce_scatter_perf_nodes2_g8.log,262144,4096,208.09,1.26,1.18,Candidate columns from standard nccl-tests row; raw log remains authoritative.
/home/ayu23/v9_full_results/v9_20260927_121410/hardware_raw/network_node0/NETWORK_NATIVE/reduce_scatter_perf_nodes2_g8.log,524288,8192,248.64,2.11,1.98,Candidate columns from standard nccl-tests row; raw log remains authoritative.
/home/ayu23/v9_full_results/v9_20260927_121410/hardware_raw/network_node0/NETWORK_NATIVE/reduce_scatter_perf_nodes2_g8.log,1048576,16384,260.55,4.02,3.77,Candidate columns from standard nccl-tests row; raw log remains authoritative.
/home/ayu23/v9_full_results/v9_20260927_121410/hardware_raw/network_node0/NETWORK_NATIVE/reduce_scatter_perf_nodes2_g8.log,2097152,32768,430.49,4.87,4.57,Candidate columns from standard nccl-tests row; raw log remains authoritative.
/home/ayu23/v9_full_results/v9_20260927_121410/hardware_raw/network_node0/NETWORK_NATIVE/reduce_scatter_perf_nodes2_g8.log,4194304,65536,644.25,6.51,6.1,Candidate columns from standard nccl-tests row; raw log remains authoritative.
/home/ayu23/v9_full_results/v9_20260927_121410/hardware_raw/network_node0/NETWORK_NATIVE/reduce_scatter_perf_nodes2_g8.log,8388608,131072,928.04,9.04,8.47,Candidate columns from standard nccl-tests row; raw log remains authoritative.
/home/ayu23/v9_full_results/v9_20260927_121410/hardware_raw/network_node0/NETWORK_NATIVE/reduce_scatter_perf_nodes2_g8.log,16777216,262144,1628.81,10.3,9.66,Candidate columns from standard nccl-tests row; raw log remains authoritative.
/home/ayu23/v9_full_results/v9_20260927_121410/hardware_raw/network_node0/NETWORK_NATIVE/reduce_scatter_perf_nodes2_g8.log,33554432,524288,2929.88,11.45,10.74,Candidate columns from standard nccl-tests row; raw log remains authoritative.
/home/ayu23/v9_full_results/v9_20260927_121410/hardware_raw/network_node0/NETWORK_NATIVE/reduce_scatter_perf_nodes2_g8.log,67108864,1048576,5315.29,12.63,11.84,Candidate columns from standard nccl-tests row; raw log remains authoritative.
/home/ayu23/v9_full_results/v9_20260927_121410/hardware_raw/network_node0/NETWORK_NATIVE/reduce_scatter_perf_nodes2_g8.log,134217728,2097152,11144.9,12.04,11.29,Candidate columns from standard nccl-tests row; raw log remains authoritative.
/home/ayu23/v9_full_results/v9_20260927_121410/hardware_raw/network_node0/NETWORK_NATIVE/reduce_scatter_perf_nodes2_g8.log,268435456,4194304,22887.1,11.73,11.0,Candidate columns from standard nccl-tests row; raw log remains authoritative.
/home/ayu23/v9_full_results/v9_20260927_121410/hardware_raw/network_node0/NETWORK_NATIVE/reduce_scatter_perf_nodes2_g8.log,536870912,8388608,47332.6,11.34,10.63,Candidate columns from standard nccl-tests row; raw log remains authoritative.
/home/ayu23/v9_full_results/v9_20260927_121410/hardware_raw/network_node0/NETWORK_NATIVE/alltoall_perf_nodes2_g1.log,0,0,0.13,0.0,0.0,Candidate columns from standard nccl-tests row; raw log remains authoritative.
/home/ayu23/v9_full_results/v9_20260927_121410/hardware_raw/network_node0/NETWORK_NATIVE/alltoall_perf_nodes2_g1.log,0,0,0.11,0.0,0.0,Candidate columns from standard nccl-tests row; raw log remains authoritative.
/home/ayu23/v9_full_results/v9_20260927_121410/hardware_raw/network_node0/NETWORK_NATIVE/alltoall_perf_nodes2_g1.log,32,4,46.41,0.0,0.0,Candidate columns from standard nccl-tests row; raw log remains authoritative.
/home/ayu23/v9_full_results/v9_20260927_121410/hardware_raw/network_node0/NETWORK_NATIVE/alltoall_perf_nodes2_g1.log,64,8,42.6,0.0,0.0,Candidate columns from standard nccl-tests row; raw log remains authoritative.
/home/ayu23/v9_full_results/v9_20260927_121410/hardware_raw/network_node0/NETWORK_NATIVE/alltoall_perf_nodes2_g1.log,128,16,42.42,0.0,0.0,Candidate columns from standard nccl-tests row; raw log remains authoritative.
/home/ayu23/v9_full_results/v9_20260927_121410/hardware_raw/network_node0/NETWORK_NATIVE/alltoall_perf_nodes2_g1.log,256,32,41.66,0.01,0.0,Candidate columns from standard nccl-tests row; raw log remains authoritative.
/home/ayu23/v9_full_results/v9_20260927_121410/hardware_raw/network_node0/NETWORK_NATIVE/alltoall_perf_nodes2_g1.log,512,64,76.31,0.01,0.0,Candidate columns from standard nccl-tests row; raw log remains authoritative.
/home/ayu23/v9_full_results/v9_20260927_121410/hardware_raw/network_node0/NETWORK_NATIVE/alltoall_perf_nodes2_g1.log,1024,128,54.0,0.02,0.01,Candidate columns from standard nccl-tests row; raw log remains authoritative.
/home/ayu23/v9_full_results/v9_20260927_121410/hardware_raw/network_node0/NETWORK_NATIVE/alltoall_perf_nodes2_g1.log,2048,256,54.43,0.04,0.02,Candidate columns from standard nccl-tests row; raw log remains authoritative.
/home/ayu23/v9_full_results/v9_20260927_121410/hardware_raw/network_node0/NETWORK_NATIVE/alltoall_perf_nodes2_g1.log,4096,512,59.4,0.07,0.03,Candidate columns from standard nccl-tests row; raw log remains authoritative.
/home/ayu23/v9_full_results/v9_20260927_121410/hardware_raw/network_node0/NETWORK_NATIVE/alltoall_perf_nodes2_g1.log,8192,1024,72.81,0.11,0.06,Candidate columns from standard nccl-tests row; raw log remains authoritative.
/home/ayu23/v9_full_results/v9_20260927_121410/hardware_raw/network_node0/NETWORK_NATIVE/alltoall_perf_nodes2_g1.log,16384,2048,74.1,0.22,0.11,Candidate columns from standard nccl-tests row; raw log remains authoritative.
/home/ayu23/v9_full_results/v9_20260927_121410/hardware_raw/network_node0/NETWORK_NATIVE/alltoall_perf_nodes2_g1.log,32768,4096,79.65,0.41,0.21,Candidate columns from standard nccl-tests row; raw log remains authoritative.
/home/ayu23/v9_full_results/v9_20260927_121410/hardware_raw/network_node0/NETWORK_NATIVE/alltoall_perf_nodes2_g1.log,65536,8192,81.14,0.81,0.4,Candidate columns from standard nccl-tests row; raw log remains authoritative.
/home/ayu23/v9_full_results/v9_20260927_121410/hardware_raw/network_node0/NETWORK_NATIVE/alltoall_perf_nodes2_g1.log,131072,16384,98.01,1.34,0.67,Candidate columns from standard nccl-tests row; raw log remains authoritative.
/home/ayu23/v9_full_results/v9_20260927_121410/hardware_raw/network_node0/NETWORK_NATIVE/alltoall_perf_nodes2_g1.log,262144,32768,138.96,1.89,0.94,Candidate columns from standard nccl-tests row; raw log remains authoritative.
/home/ayu23/v9_full_results/v9_20260927_121410/hardware_raw/network_node0/NETWORK_NATIVE/alltoall_perf_nodes2_g1.log,524288,65536,179.76,2.92,1.46,Candidate columns from standard nccl-tests row; raw log remains authoritative.
/home/ayu23/v9_full_results/v9_20260927_121410/hardware_raw/network_node0/NETWORK_NATIVE/alltoall_perf_nodes2_g1.log,1048576,131072,243.67,4.3,2.15,Candidate columns from standard nccl-tests row; raw log remains authoritative.
/home/ayu23/v9_full_results/v9_20260927_121410/hardware_raw/network_node0/NETWORK_NATIVE/alltoall_perf_nodes2_g1.log,2097152,262144,250.63,8.37,4.18,Candidate columns from standard nccl-tests row; raw log remains authoritative.
/home/ayu23/v9_full_results/v9_20260927_121410/hardware_raw/network_node0/NETWORK_NATIVE/alltoall_perf_nodes2_g1.log,4194304,524288,401.29,10.45,5.23,Candidate columns from standard nccl-tests row; raw log remains authoritative.
/home/ayu23/v9_full_results/v9_20260927_121410/hardware_raw/network_node0/NETWORK_NATIVE/alltoall_perf_nodes2_g1.log,8388608,1048576,700.45,11.98,5.99,Candidate columns from standard nccl-tests row; raw log remains authoritative.
/home/ayu23/v9_full_results/v9_20260927_121410/hardware_raw/network_node0/NETWORK_NATIVE/alltoall_perf_nodes2_g1.log,16777216,2097152,1347.49,12.45,6.23,Candidate columns from standard nccl-tests row; raw log remains authoritative.
/home/ayu23/v9_full_results/v9_20260927_121410/hardware_raw/network_node0/NETWORK_NATIVE/alltoall_perf_nodes2_g1.log,33554432,4194304,2570.71,13.05,6.53,Candidate columns from standard nccl-tests row; raw log remains authoritative.
/home/ayu23/v9_full_results/v9_20260927_121410/hardware_raw/network_node0/NETWORK_NATIVE/alltoall_perf_nodes2_g1.log,67108864,8388608,5066.16,13.25,6.62,Candidate columns from standard nccl-tests row; raw log remains authoritative.
/home/ayu23/v9_full_results/v9_20260927_121410/hardware_raw/network_node0/NETWORK_NATIVE/alltoall_perf_nodes2_g1.log,134217728,16777216,10563.5,12.71,6.35,Candidate columns from standard nccl-tests row; raw log remains authoritative.
/home/ayu23/v9_full_results/v9_20260927_121410/hardware_raw/network_node0/NETWORK_NATIVE/alltoall_perf_nodes2_g1.log,268435456,33554432,20711.4,12.96,6.48,Candidate columns from standard nccl-tests row; raw log remains authoritative.
/home/ayu23/v9_full_results/v9_20260927_121410/hardware_raw/network_node0/NETWORK_NATIVE/alltoall_perf_nodes2_g1.log,536870912,67108864,41200.6,13.03,6.52,Candidate columns from standard nccl-tests row; raw log remains authoritative.
/home/ayu23/v9_full_results/v9_20260927_121410/hardware_raw/network_node0/NETWORK_NATIVE/alltoall_perf_nodes2_g4.log,0,0,0.32,0.0,0.0,Candidate columns from standard nccl-tests row; raw log remains authoritative.
/home/ayu23/v9_full_results/v9_20260927_121410/hardware_raw/network_node0/NETWORK_NATIVE/alltoall_perf_nodes2_g4.log,0,0,0.29,0.0,0.0,Candidate columns from standard nccl-tests row; raw log remains authoritative.
/home/ayu23/v9_full_results/v9_20260927_121410/hardware_raw/network_node0/NETWORK_NATIVE/alltoall_perf_nodes2_g4.log,0,0,0.29,0.0,0.0,Candidate columns from standard nccl-tests row; raw log remains authoritative.
/home/ayu23/v9_full_results/v9_20260927_121410/hardware_raw/network_node0/NETWORK_NATIVE/alltoall_perf_nodes2_g4.log,0,0,0.29,0.0,0.0,Candidate columns from standard nccl-tests row; raw log remains authoritative.
/home/ayu23/v9_full_results/v9_20260927_121410/hardware_raw/network_node0/NETWORK_NATIVE/alltoall_perf_nodes2_g4.log,128,4,90.42,0.0,0.0,Candidate columns from standard nccl-tests row; raw log remains authoritative.
/home/ayu23/v9_full_results/v9_20260927_121410/hardware_raw/network_node0/NETWORK_NATIVE/alltoall_perf_nodes2_g4.log,256,8,73.65,0.0,0.0,Candidate columns from standard nccl-tests row; raw log remains authoritative.
/home/ayu23/v9_full_results/v9_20260927_121410/hardware_raw/network_node0/NETWORK_NATIVE/alltoall_perf_nodes2_g4.log,512,16,70.74,0.01,0.01,Candidate columns from standard nccl-tests row; raw log remains authoritative.
/home/ayu23/v9_full_results/v9_20260927_121410/hardware_raw/network_node0/NETWORK_NATIVE/alltoall_perf_nodes2_g4.log,1024,32,71.71,0.01,0.01,Candidate columns from standard nccl-tests row; raw log remains authoritative.
/home/ayu23/v9_full_results/v9_20260927_121410/hardware_raw/network_node0/NETWORK_NATIVE/alltoall_perf_nodes2_g4.log,2048,64,156.43,0.01,0.01,Candidate columns from standard nccl-tests row; raw log remains authoritative.
/home/ayu23/v9_full_results/v9_20260927_121410/hardware_raw/network_node0/NETWORK_NATIVE/alltoall_perf_nodes2_g4.log,4096,128,94.21,0.04,0.04,Candidate columns from standard nccl-tests row; raw log remains authoritative.
/home/ayu23/v9_full_results/v9_20260927_121410/hardware_raw/network_node0/NETWORK_NATIVE/alltoall_perf_nodes2_g4.log,8192,256,93.84,0.09,0.08,Candidate columns from standard nccl-tests row; raw log remains authoritative.
/home/ayu23/v9_full_results/v9_20260927_121410/hardware_raw/network_node0/NETWORK_NATIVE/alltoall_perf_nodes2_g4.log,16384,512,96.55,0.17,0.15,Candidate columns from standard nccl-tests row; raw log remains authoritative.
/home/ayu23/v9_full_results/v9_20260927_121410/hardware_raw/network_node0/NETWORK_NATIVE/alltoall_perf_nodes2_g4.log,32768,1024,96.16,0.34,0.3,Candidate columns from standard nccl-tests row; raw log remains authoritative.
/home/ayu23/v9_full_results/v9_20260927_121410/hardware_raw/network_node0/NETWORK_NATIVE/alltoall_perf_nodes2_g4.log,65536,2048,102.91,0.64,0.56,Candidate columns from standard nccl-tests row; raw log remains authoritative.
/home/ayu23/v9_full_results/v9_20260927_121410/hardware_raw/network_node0/NETWORK_NATIVE/alltoall_perf_nodes2_g4.log,131072,4096,108.43,1.21,1.06,Candidate columns from standard nccl-tests row; raw log remains authoritative.
/home/ayu23/v9_full_results/v9_20260927_121410/hardware_raw/network_node0/NETWORK_NATIVE/alltoall_perf_nodes2_g4.log,262144,8192,125.42,2.09,1.83,Candidate columns from standard nccl-tests row; raw log remains authoritative.
/home/ayu23/v9_full_results/v9_20260927_121410/hardware_raw/network_node0/NETWORK_NATIVE/alltoall_perf_nodes2_g4.log,524288,16384,189.01,2.77,2.43,Candidate columns from standard nccl-tests row; raw log remains authoritative.
/home/ayu23/v9_full_results/v9_20260927_121410/hardware_raw/network_node0/NETWORK_NATIVE/alltoall_perf_nodes2_g4.log,1048576,32768,278.69,3.76,3.29,Candidate columns from standard nccl-tests row; raw log remains authoritative.
/home/ayu23/v9_full_results/v9_20260927_121410/hardware_raw/network_node0/NETWORK_NATIVE/alltoall_perf_nodes2_g4.log,2097152,65536,397.1,5.28,4.62,Candidate columns from standard nccl-tests row; raw log remains authoritative.
/home/ayu23/v9_full_results/v9_20260927_121410/hardware_raw/network_node0/NETWORK_NATIVE/alltoall_perf_nodes2_g4.log,4194304,131072,620.08,6.76,5.92,Candidate columns from standard nccl-tests row; raw log remains authoritative.
/home/ayu23/v9_full_results/v9_20260927_121410/hardware_raw/network_node0/NETWORK_NATIVE/alltoall_perf_nodes2_g4.log,8388608,262144,1038.38,8.08,7.07,Candidate columns from standard nccl-tests row; raw log remains authoritative.
/home/ayu23/v9_full_results/v9_20260927_121410/hardware_raw/network_node0/NETWORK_NATIVE/alltoall_perf_nodes2_g4.log,16777216,524288,2021.83,8.3,7.26,Candidate columns from standard nccl-tests row; raw log remains authoritative.
/home/ayu23/v9_full_results/v9_20260927_121410/hardware_raw/network_node0/NETWORK_NATIVE/alltoall_perf_nodes2_g4.log,33554432,1048576,4183.96,8.02,7.02,Candidate columns from standard nccl-tests row; raw log remains authoritative.
/home/ayu23/v9_full_results/v9_20260927_121410/hardware_raw/network_node0/NETWORK_NATIVE/alltoall_perf_nodes2_g4.log,67108864,2097152,8717.61,7.7,6.74,Candidate columns from standard nccl-tests row; raw log remains authoritative.
/home/ayu23/v9_full_results/v9_20260927_121410/hardware_raw/network_node0/NETWORK_NATIVE/alltoall_perf_nodes2_g4.log,134217728,4194304,16555.1,8.11,7.09,Candidate columns from standard nccl-tests row; raw log remains authoritative.
/home/ayu23/v9_full_results/v9_20260927_121410/hardware_raw/network_node0/NETWORK_NATIVE/alltoall_perf_nodes2_g4.log,268435456,8388608,32278.9,8.32,7.28,Candidate columns from standard nccl-tests row; raw log remains authoritative.
/home/ayu23/v9_full_results/v9_20260927_121410/hardware_raw/network_node0/NETWORK_NATIVE/alltoall_perf_nodes2_g4.log,536870912,16777216,69891.0,7.68,6.72,Candidate columns from standard nccl-tests row; raw log remains authoritative.
/home/ayu23/v9_full_results/v9_20260927_121410/hardware_raw/network_node0/NETWORK_NATIVE/alltoall_perf_nodes2_g8.log,0,0,0.53,0.0,0.0,Candidate columns from standard nccl-tests row; raw log remains authoritative.
/home/ayu23/v9_full_results/v9_20260927_121410/hardware_raw/network_node0/NETWORK_NATIVE/alltoall_perf_nodes2_g8.log,0,0,0.51,0.0,0.0,Candidate columns from standard nccl-tests row; raw log remains authoritative.
/home/ayu23/v9_full_results/v9_20260927_121410/hardware_raw/network_node0/NETWORK_NATIVE/alltoall_perf_nodes2_g8.log,0,0,0.51,0.0,0.0,Candidate columns from standard nccl-tests row; raw log remains authoritative.
/home/ayu23/v9_full_results/v9_20260927_121410/hardware_raw/network_node0/NETWORK_NATIVE/alltoall_perf_nodes2_g8.log,0,0,0.51,0.0,0.0,Candidate columns from standard nccl-tests row; raw log remains authoritative.
/home/ayu23/v9_full_results/v9_20260927_121410/hardware_raw/network_node0/NETWORK_NATIVE/alltoall_perf_nodes2_g8.log,0,0,0.51,0.0,0.0,Candidate columns from standard nccl-tests row; raw log remains authoritative.
/home/ayu23/v9_full_results/v9_20260927_121410/hardware_raw/network_node0/NETWORK_NATIVE/alltoall_perf_nodes2_g8.log,256,4,126.46,0.0,0.0,Candidate columns from standard nccl-tests row; raw log remains authoritative.
/home/ayu23/v9_full_results/v9_20260927_121410/hardware_raw/network_node0/NETWORK_NATIVE/alltoall_perf_nodes2_g8.log,512,8,101.29,0.01,0.0,Candidate columns from standard nccl-tests row; raw log remains authoritative.
/home/ayu23/v9_full_results/v9_20260927_121410/hardware_raw/network_node0/NETWORK_NATIVE/alltoall_perf_nodes2_g8.log,1024,16,96.81,0.01,0.01,Candidate columns from standard nccl-tests row; raw log remains authoritative.
/home/ayu23/v9_full_results/v9_20260927_121410/hardware_raw/network_node0/NETWORK_NATIVE/alltoall_perf_nodes2_g8.log,2048,32,99.7,0.02,0.02,Candidate columns from standard nccl-tests row; raw log remains authoritative.
/home/ayu23/v9_full_results/v9_20260927_121410/hardware_raw/network_node0/NETWORK_NATIVE/alltoall_perf_nodes2_g8.log,4096,64,467.79,0.01,0.01,Candidate columns from standard nccl-tests row; raw log remains authoritative.
/home/ayu23/v9_full_results/v9_20260927_121410/hardware_raw/network_node0/NETWORK_NATIVE/alltoall_perf_nodes2_g8.log,8192,128,192.05,0.04,0.04,Candidate columns from standard nccl-tests row; raw log remains authoritative.
/home/ayu23/v9_full_results/v9_20260927_121410/hardware_raw/network_node0/NETWORK_NATIVE/alltoall_perf_nodes2_g8.log,16384,256,178.65,0.09,0.09,Candidate columns from standard nccl-tests row; raw log remains authoritative.
/home/ayu23/v9_full_results/v9_20260927_121410/hardware_raw/network_node0/NETWORK_NATIVE/alltoall_perf_nodes2_g8.log,32768,512,184.84,0.18,0.17,Candidate columns from standard nccl-tests row; raw log remains authoritative.
/home/ayu23/v9_full_results/v9_20260927_121410/hardware_raw/network_node0/NETWORK_NATIVE/alltoall_perf_nodes2_g8.log,65536,1024,206.04,0.32,0.3,Candidate columns from standard nccl-tests row; raw log remains authoritative.
/home/ayu23/v9_full_results/v9_20260927_121410/hardware_raw/network_node0/NETWORK_NATIVE/alltoall_perf_nodes2_g8.log,131072,2048,244.33,0.54,0.5,Candidate columns from standard nccl-tests row; raw log remains authoritative.
/home/ayu23/v9_full_results/v9_20260927_121410/hardware_raw/network_node0/NETWORK_NATIVE/alltoall_perf_nodes2_g8.log,262144,4096,261.8,1.0,0.94,Candidate columns from standard nccl-tests row; raw log remains authoritative.
/home/ayu23/v9_full_results/v9_20260927_121410/hardware_raw/network_node0/NETWORK_NATIVE/alltoall_perf_nodes2_g8.log,524288,8192,282.14,1.86,1.74,Candidate columns from standard nccl-tests row; raw log remains authoritative.
/home/ayu23/v9_full_results/v9_20260927_121410/hardware_raw/network_node0/NETWORK_NATIVE/alltoall_perf_nodes2_g8.log,1048576,16384,513.81,2.04,1.91,Candidate columns from standard nccl-tests row; raw log remains authoritative.
/home/ayu23/v9_full_results/v9_20260927_121410/hardware_raw/network_node0/NETWORK_NATIVE/alltoall_perf_nodes2_g8.log,2097152,32768,777.92,2.7,2.53,Candidate columns from standard nccl-tests row; raw log remains authoritative.
/home/ayu23/v9_full_results/v9_20260927_121410/hardware_raw/network_node0/NETWORK_NATIVE/alltoall_perf_nodes2_g8.log,4194304,65536,1180.6,3.55,3.33,Candidate columns from standard nccl-tests row; raw log remains authoritative.
/home/ayu23/v9_full_results/v9_20260927_121410/hardware_raw/network_node0/NETWORK_NATIVE/alltoall_perf_nodes2_g8.log,8388608,131072,2537.25,3.31,3.1,Candidate columns from standard nccl-tests row; raw log remains authoritative.
/home/ayu23/v9_full_results/v9_20260927_121410/hardware_raw/network_node0/NETWORK_NATIVE/alltoall_perf_nodes2_g8.log,16777216,262144,5513.16,3.04,2.85,Candidate columns from standard nccl-tests row; raw log remains authoritative.
/home/ayu23/v9_full_results/v9_20260927_121410/hardware_raw/network_node0/NETWORK_NATIVE/alltoall_perf_nodes2_g8.log,33554432,524288,24067.3,1.39,1.31,Candidate columns from standard nccl-tests row; raw log remains authoritative.
/home/ayu23/v9_full_results/v9_20260927_121410/hardware_raw/network_node0/NETWORK_NATIVE/alltoall_perf_nodes2_g8.log,67108864,1048576,31456.3,2.13,2.0,Candidate columns from standard nccl-tests row; raw log remains authoritative.
/home/ayu23/v9_full_results/v9_20260927_121410/hardware_raw/network_node0/NETWORK_NATIVE/alltoall_perf_nodes2_g8.log,134217728,2097152,106401.0,1.26,1.18,Candidate columns from standard nccl-tests row; raw log remains authoritative.
/home/ayu23/v9_full_results/v9_20260927_121410/hardware_raw/network_node0/NETWORK_NATIVE/alltoall_perf_nodes2_g8.log,268435456,4194304,139314.0,1.93,1.81,Candidate columns from standard nccl-tests row; raw log remains authoritative.
/home/ayu23/v9_full_results/v9_20260927_121410/hardware_raw/network_node0/NETWORK_NATIVE/alltoall_perf_nodes2_g8.log,536870912,8388608,163202.0,3.29,3.08,Candidate columns from standard nccl-tests row; raw log remains authoritative.
/home/ayu23/v9_full_results/v9_20260927_121410/hardware_raw/network_node0/NETWORK_NATIVE/ar_exact_8.log,8,2,77.11,0.0,0.0,Candidate columns from standard nccl-tests row; raw log remains authoritative.
/home/ayu23/v9_full_results/v9_20260927_121410/hardware_raw/network_node0/NETWORK_NATIVE/ar_exact_16.log,16,4,78.87,0.0,0.0,Candidate columns from standard nccl-tests row; raw log remains authoritative.
/home/ayu23/v9_full_results/v9_20260927_121410/hardware_raw/network_node0/NETWORK_NATIVE/ar_exact_1024.log,1024,256,167.69,0.01,0.01,Candidate columns from standard nccl-tests row; raw log remains authoritative.
/home/ayu23/v9_full_results/v9_20260927_121410/hardware_raw/network_node0/NETWORK_NATIVE/ar_exact_2048.log,2048,512,186.85,0.01,0.02,Candidate columns from standard nccl-tests row; raw log remains authoritative.
/home/ayu23/v9_full_results/v9_20260927_121410/hardware_raw/network_node0/NETWORK_NATIVE/ar_exact_4096.log,4096,1024,175.21,0.02,0.04,Candidate columns from standard nccl-tests row; raw log remains authoritative.
/home/ayu23/v9_full_results/v9_20260927_121410/hardware_raw/network_node0/NETWORK_NATIVE/ar_exact_16384.log,16384,4096,212.75,0.08,0.14,Candidate columns from standard nccl-tests row; raw log remains authoritative.
/home/ayu23/v9_full_results/v9_20260927_121410/hardware_raw/network_node0/NETWORK_NATIVE/ar_exact_32768.log,32768,8192,211.99,0.15,0.29,Candidate columns from standard nccl-tests row; raw log remains authoritative.
/home/ayu23/v9_full_results/v9_20260927_121410/hardware_raw/network_node0/NETWORK_NATIVE/ar_exact_65536.log,65536,16384,340.79,0.19,0.36,Candidate columns from standard nccl-tests row; raw log remains authoritative.
/home/ayu23/v9_full_results/v9_20260927_121410/hardware_raw/network_node0/NETWORK_NATIVE/ar_exact_131072.log,131072,32768,402.28,0.33,0.61,Candidate columns from standard nccl-tests row; raw log remains authoritative.
/home/ayu23/v9_full_results/v9_20260927_121410/hardware_raw/network_node0/NETWORK_NATIVE/ar_exact_262144.log,262144,65536,442.01,0.59,1.11,Candidate columns from standard nccl-tests row; raw log remains authoritative.
/home/ayu23/v9_full_results/v9_20260927_121410/hardware_raw/network_node0/NETWORK_NATIVE/ar_exact_524288.log,524288,131072,554.25,0.95,1.77,Candidate columns from standard nccl-tests row; raw log remains authoritative.
/home/ayu23/v9_full_results/v9_20260927_121410/hardware_raw/network_node0/NETWORK_NATIVE/ar_exact_1048576.log,1048576,262144,1306.53,0.8,1.5,Candidate columns from standard nccl-tests row; raw log remains authoritative.
/home/ayu23/v9_full_results/v9_20260927_121410/hardware_raw/network_node0/NETWORK_NATIVE/ar_exact_2097152.log,2097152,524288,930.28,2.25,4.23,Candidate columns from standard nccl-tests row; raw log remains authoritative.
/home/ayu23/v9_full_results/v9_20260927_121410/hardware_raw/network_node0/NETWORK_NATIVE/ar_exact_4194304.log,4194304,1048576,1362.29,3.08,5.77,Candidate columns from standard nccl-tests row; raw log remains authoritative.
/home/ayu23/v9_full_results/v9_20260927_121410/hardware_raw/network_node0/NETWORK_NATIVE/ar_exact_8388608.log,8388608,2097152,1337.29,6.27,11.76,Candidate columns from standard nccl-tests row; raw log remains authoritative.
/home/ayu23/v9_full_results/v9_20260927_121410/hardware_raw/network_node0/NETWORK_NATIVE/ar_exact_16777216.log,16777216,4194304,2857.71,5.87,11.01,Candidate columns from standard nccl-tests row; raw log remains authoritative.
/home/ayu23/v9_full_results/v9_20260927_121410/hardware_raw/network_node0/NETWORK_NATIVE/ar_exact_33554432.log,33554432,8388608,5771.04,5.81,10.9,Candidate columns from standard nccl-tests row; raw log remains authoritative.
/home/ayu23/v9_full_results/v9_20260927_121410/hardware_raw/network_node0/NETWORK_NATIVE/ar_exact_67108864.log,67108864,16777216,9674.78,6.94,13.01,Candidate columns from standard nccl-tests row; raw log remains authoritative.
/home/ayu23/v9_full_results/v9_20260927_121410/hardware_raw/network_node0/NETWORK_NATIVE/ar_exact_134217728.log,134217728,33554432,30273.8,4.43,8.31,Candidate columns from standard nccl-tests row; raw log remains authoritative.
/home/ayu23/v9_full_results/v9_20260927_121410/hardware_raw/network_node0/NETWORK_NATIVE/ar_exact_268435456.log,268435456,67108864,36168.3,7.42,13.92,Candidate columns from standard nccl-tests row; raw log remains authoritative.
/home/ayu23/v9_full_results/v9_20260927_121410/hardware_raw/network_node0/NETWORK_NATIVE/ar_exact_536870912.log,536870912,134217728,96985.3,5.54,10.38,Candidate columns from standard nccl-tests row; raw log remains authoritative.
/home/ayu23/v9_full_results/v9_20260927_121410/hardware_raw/network_node0/NETWORK_CAPPED_100G/sendrecv_curve.log,8,2,45.69,0.0,0.0,Candidate columns from standard nccl-tests row; raw log remains authoritative.
/home/ayu23/v9_full_results/v9_20260927_121410/hardware_raw/network_node0/NETWORK_CAPPED_100G/sendrecv_curve.log,16,4,41.56,0.0,0.0,Candidate columns from standard nccl-tests row; raw log remains authoritative.
/home/ayu23/v9_full_results/v9_20260927_121410/hardware_raw/network_node0/NETWORK_CAPPED_100G/sendrecv_curve.log,32,8,41.76,0.0,0.0,Candidate columns from standard nccl-tests row; raw log remains authoritative.
/home/ayu23/v9_full_results/v9_20260927_121410/hardware_raw/network_node0/NETWORK_CAPPED_100G/sendrecv_curve.log,64,16,42.11,0.0,0.0,Candidate columns from standard nccl-tests row; raw log remains authoritative.
/home/ayu23/v9_full_results/v9_20260927_121410/hardware_raw/network_node0/NETWORK_CAPPED_100G/sendrecv_curve.log,128,32,42.18,0.0,0.0,Candidate columns from standard nccl-tests row; raw log remains authoritative.
/home/ayu23/v9_full_results/v9_20260927_121410/hardware_raw/network_node0/NETWORK_CAPPED_100G/sendrecv_curve.log,256,64,89.83,0.0,0.0,Candidate columns from standard nccl-tests row; raw log remains authoritative.
/home/ayu23/v9_full_results/v9_20260927_121410/hardware_raw/network_node0/NETWORK_CAPPED_100G/sendrecv_curve.log,512,128,64.71,0.01,0.01,Candidate columns from standard nccl-tests row; raw log remains authoritative.
/home/ayu23/v9_full_results/v9_20260927_121410/hardware_raw/network_node0/NETWORK_CAPPED_100G/sendrecv_curve.log,1024,256,62.83,0.02,0.02,Candidate columns from standard nccl-tests row; raw log remains authoritative.
/home/ayu23/v9_full_results/v9_20260927_121410/hardware_raw/network_node0/NETWORK_CAPPED_100G/sendrecv_curve.log,2048,512,65.39,0.03,0.03,Candidate columns from standard nccl-tests row; raw log remains authoritative.
/home/ayu23/v9_full_results/v9_20260927_121410/hardware_raw/network_node0/NETWORK_CAPPED_100G/sendrecv_curve.log,4096,1024,72.32,0.06,0.06,Candidate columns from standard nccl-tests row; raw log remains authoritative.
/home/ayu23/v9_full_results/v9_20260927_121410/hardware_raw/network_node0/NETWORK_CAPPED_100G/sendrecv_curve.log,8192,2048,72.58,0.11,0.11,Candidate columns from standard nccl-tests row; raw log remains authoritative.
/home/ayu23/v9_full_results/v9_20260927_121410/hardware_raw/network_node0/NETWORK_CAPPED_100G/sendrecv_curve.log,16384,4096,74.84,0.22,0.22,Candidate columns from standard nccl-tests row; raw log remains authoritative.
/home/ayu23/v9_full_results/v9_20260927_121410/hardware_raw/network_node0/NETWORK_CAPPED_100G/sendrecv_curve.log,32768,8192,81.17,0.4,0.4,Candidate columns from standard nccl-tests row; raw log remains authoritative.
/home/ayu23/v9_full_results/v9_20260927_121410/hardware_raw/network_node0/NETWORK_CAPPED_100G/sendrecv_curve.log,65536,16384,102.63,0.64,0.64,Candidate columns from standard nccl-tests row; raw log remains authoritative.
/home/ayu23/v9_full_results/v9_20260927_121410/hardware_raw/network_node0/NETWORK_CAPPED_100G/sendrecv_curve.log,131072,32768,135.6,0.97,0.97,Candidate columns from standard nccl-tests row; raw log remains authoritative.
/home/ayu23/v9_full_results/v9_20260927_121410/hardware_raw/network_node0/NETWORK_CAPPED_100G/sendrecv_curve.log,262144,65536,183.94,1.43,1.43,Candidate columns from standard nccl-tests row; raw log remains authoritative.
/home/ayu23/v9_full_results/v9_20260927_121410/hardware_raw/network_node0/NETWORK_CAPPED_100G/sendrecv_curve.log,524288,131072,254.81,2.06,2.06,Candidate columns from standard nccl-tests row; raw log remains authoritative.
/home/ayu23/v9_full_results/v9_20260927_121410/hardware_raw/network_node0/NETWORK_CAPPED_100G/sendrecv_curve.log,1048576,262144,297.11,3.53,3.53,Candidate columns from standard nccl-tests row; raw log remains authoritative.
/home/ayu23/v9_full_results/v9_20260927_121410/hardware_raw/network_node0/NETWORK_CAPPED_100G/sendrecv_curve.log,2097152,524288,487.05,4.31,4.31,Candidate columns from standard nccl-tests row; raw log remains authoritative.
/home/ayu23/v9_full_results/v9_20260927_121410/hardware_raw/network_node0/NETWORK_CAPPED_100G/sendrecv_curve.log,4194304,1048576,872.43,4.81,4.81,Candidate columns from standard nccl-tests row; raw log remains authoritative.
/home/ayu23/v9_full_results/v9_20260927_121410/hardware_raw/network_node0/NETWORK_CAPPED_100G/sendrecv_curve.log,8388608,2097152,1653.07,5.07,5.07,Candidate columns from standard nccl-tests row; raw log remains authoritative.
/home/ayu23/v9_full_results/v9_20260927_121410/hardware_raw/network_node0/NETWORK_CAPPED_100G/sendrecv_curve.log,16777216,4194304,3172.83,5.29,5.29,Candidate columns from standard nccl-tests row; raw log remains authoritative.
/home/ayu23/v9_full_results/v9_20260927_121410/hardware_raw/network_node0/NETWORK_CAPPED_100G/sendrecv_curve.log,33554432,8388608,6253.22,5.37,5.37,Candidate columns from standard nccl-tests row; raw log remains authoritative.
/home/ayu23/v9_full_results/v9_20260927_121410/hardware_raw/network_node0/NETWORK_CAPPED_100G/sendrecv_curve.log,67108864,16777216,12203.7,5.5,5.5,Candidate columns from standard nccl-tests row; raw log remains authoritative.
/home/ayu23/v9_full_results/v9_20260927_121410/hardware_raw/network_node0/NETWORK_CAPPED_100G/sendrecv_curve.log,134217728,33554432,24157.5,5.56,5.56,Candidate columns from standard nccl-tests row; raw log remains authoritative.
/home/ayu23/v9_full_results/v9_20260927_121410/hardware_raw/network_node0/NETWORK_CAPPED_100G/sendrecv_curve.log,268435456,67108864,49008.7,5.48,5.48,Candidate columns from standard nccl-tests row; raw log remains authoritative.
/home/ayu23/v9_full_results/v9_20260927_121410/hardware_raw/network_node0/NETWORK_CAPPED_100G/sendrecv_curve.log,536870912,134217728,99633.9,5.39,5.39,Candidate columns from standard nccl-tests row; raw log remains authoritative.
/home/ayu23/v9_full_results/v9_20260927_121410/hardware_raw/network_node0/NETWORK_CAPPED_100G/all_reduce_perf_nodes2_g1.log,8,2,57.96,0.0,0.0,Candidate columns from standard nccl-tests row; raw log remains authoritative.
/home/ayu23/v9_full_results/v9_20260927_121410/hardware_raw/network_node0/NETWORK_CAPPED_100G/all_reduce_perf_nodes2_g1.log,16,4,52.25,0.0,0.0,Candidate columns from standard nccl-tests row; raw log remains authoritative.
/home/ayu23/v9_full_results/v9_20260927_121410/hardware_raw/network_node0/NETWORK_CAPPED_100G/all_reduce_perf_nodes2_g1.log,32,8,65.05,0.0,0.0,Candidate columns from standard nccl-tests row; raw log remains authoritative.
/home/ayu23/v9_full_results/v9_20260927_121410/hardware_raw/network_node0/NETWORK_CAPPED_100G/all_reduce_perf_nodes2_g1.log,64,16,60.95,0.0,0.0,Candidate columns from standard nccl-tests row; raw log remains authoritative.
/home/ayu23/v9_full_results/v9_20260927_121410/hardware_raw/network_node0/NETWORK_CAPPED_100G/all_reduce_perf_nodes2_g1.log,128,32,63.53,0.0,0.0,Candidate columns from standard nccl-tests row; raw log remains authoritative.
/home/ayu23/v9_full_results/v9_20260927_121410/hardware_raw/network_node0/NETWORK_CAPPED_100G/all_reduce_perf_nodes2_g1.log,256,64,115.79,0.0,0.0,Candidate columns from standard nccl-tests row; raw log remains authoritative.
/home/ayu23/v9_full_results/v9_20260927_121410/hardware_raw/network_node0/NETWORK_CAPPED_100G/all_reduce_perf_nodes2_g1.log,512,128,87.11,0.01,0.01,Candidate columns from standard nccl-tests row; raw log remains authoritative.
/home/ayu23/v9_full_results/v9_20260927_121410/hardware_raw/network_node0/NETWORK_CAPPED_100G/all_reduce_perf_nodes2_g1.log,1024,256,85.3,0.01,0.01,Candidate columns from standard nccl-tests row; raw log remains authoritative.
/home/ayu23/v9_full_results/v9_20260927_121410/hardware_raw/network_node0/NETWORK_CAPPED_100G/all_reduce_perf_nodes2_g1.log,2048,512,100.01,0.02,0.02,Candidate columns from standard nccl-tests row; raw log remains authoritative.
/home/ayu23/v9_full_results/v9_20260927_121410/hardware_raw/network_node0/NETWORK_CAPPED_100G/all_reduce_perf_nodes2_g1.log,4096,1024,113.14,0.04,0.04,Candidate columns from standard nccl-tests row; raw log remains authoritative.
/home/ayu23/v9_full_results/v9_20260927_121410/hardware_raw/network_node0/NETWORK_CAPPED_100G/all_reduce_perf_nodes2_g1.log,8192,2048,117.52,0.07,0.07,Candidate columns from standard nccl-tests row; raw log remains authoritative.
/home/ayu23/v9_full_results/v9_20260927_121410/hardware_raw/network_node0/NETWORK_CAPPED_100G/all_reduce_perf_nodes2_g1.log,16384,4096,141.06,0.12,0.12,Candidate columns from standard nccl-tests row; raw log remains authoritative.
/home/ayu23/v9_full_results/v9_20260927_121410/hardware_raw/network_node0/NETWORK_CAPPED_100G/all_reduce_perf_nodes2_g1.log,32768,8192,142.04,0.23,0.23,Candidate columns from standard nccl-tests row; raw log remains authoritative.
/home/ayu23/v9_full_results/v9_20260927_121410/hardware_raw/network_node0/NETWORK_CAPPED_100G/all_reduce_perf_nodes2_g1.log,65536,16384,152.2,0.43,0.43,Candidate columns from standard nccl-tests row; raw log remains authoritative.
/home/ayu23/v9_full_results/v9_20260927_121410/hardware_raw/network_node0/NETWORK_CAPPED_100G/all_reduce_perf_nodes2_g1.log,131072,32768,224.23,0.58,0.58,Candidate columns from standard nccl-tests row; raw log remains authoritative.
/home/ayu23/v9_full_results/v9_20260927_121410/hardware_raw/network_node0/NETWORK_CAPPED_100G/all_reduce_perf_nodes2_g1.log,262144,65536,417.44,0.63,0.63,Candidate columns from standard nccl-tests row; raw log remains authoritative.
/home/ayu23/v9_full_results/v9_20260927_121410/hardware_raw/network_node0/NETWORK_CAPPED_100G/all_reduce_perf_nodes2_g1.log,524288,131072,281.9,1.86,1.86,Candidate columns from standard nccl-tests row; raw log remains authoritative.
/home/ayu23/v9_full_results/v9_20260927_121410/hardware_raw/network_node0/NETWORK_CAPPED_100G/all_reduce_perf_nodes2_g1.log,1048576,262144,352.87,2.97,2.97,Candidate columns from standard nccl-tests row; raw log remains authoritative.
/home/ayu23/v9_full_results/v9_20260927_121410/hardware_raw/network_node0/NETWORK_CAPPED_100G/all_reduce_perf_nodes2_g1.log,2097152,524288,469.04,4.47,4.47,Candidate columns from standard nccl-tests row; raw log remains authoritative.
/home/ayu23/v9_full_results/v9_20260927_121410/hardware_raw/network_node0/NETWORK_CAPPED_100G/all_reduce_perf_nodes2_g1.log,4194304,1048576,746.47,5.62,5.62,Candidate columns from standard nccl-tests row; raw log remains authoritative.
/home/ayu23/v9_full_results/v9_20260927_121410/hardware_raw/network_node0/NETWORK_CAPPED_100G/all_reduce_perf_nodes2_g1.log,8388608,2097152,1324.43,6.33,6.33,Candidate columns from standard nccl-tests row; raw log remains authoritative.
/home/ayu23/v9_full_results/v9_20260927_121410/hardware_raw/network_node0/NETWORK_CAPPED_100G/all_reduce_perf_nodes2_g1.log,16777216,4194304,2538.77,6.61,6.61,Candidate columns from standard nccl-tests row; raw log remains authoritative.
/home/ayu23/v9_full_results/v9_20260927_121410/hardware_raw/network_node0/NETWORK_CAPPED_100G/all_reduce_perf_nodes2_g1.log,33554432,8388608,4923.02,6.82,6.82,Candidate columns from standard nccl-tests row; raw log remains authoritative.
/home/ayu23/v9_full_results/v9_20260927_121410/hardware_raw/network_node0/NETWORK_CAPPED_100G/all_reduce_perf_nodes2_g1.log,67108864,16777216,9630.78,6.97,6.97,Candidate columns from standard nccl-tests row; raw log remains authoritative.
/home/ayu23/v9_full_results/v9_20260927_121410/hardware_raw/network_node0/NETWORK_CAPPED_100G/all_reduce_perf_nodes2_g1.log,134217728,33554432,19180.9,7.0,7.0,Candidate columns from standard nccl-tests row; raw log remains authoritative.
/home/ayu23/v9_full_results/v9_20260927_121410/hardware_raw/network_node0/NETWORK_CAPPED_100G/all_reduce_perf_nodes2_g1.log,268435456,67108864,38279.5,7.01,7.01,Candidate columns from standard nccl-tests row; raw log remains authoritative.
/home/ayu23/v9_full_results/v9_20260927_121410/hardware_raw/network_node0/NETWORK_CAPPED_100G/all_reduce_perf_nodes2_g1.log,536870912,134217728,76397.9,7.03,7.03,Candidate columns from standard nccl-tests row; raw log remains authoritative.
/home/ayu23/v9_full_results/v9_20260927_121410/hardware_raw/network_node0/NETWORK_CAPPED_100G/all_reduce_perf_nodes2_g4.log,8,2,65.78,0.0,0.0,Candidate columns from standard nccl-tests row; raw log remains authoritative.
/home/ayu23/v9_full_results/v9_20260927_121410/hardware_raw/network_node0/NETWORK_CAPPED_100G/all_reduce_perf_nodes2_g4.log,16,4,58.27,0.0,0.0,Candidate columns from standard nccl-tests row; raw log remains authoritative.
/home/ayu23/v9_full_results/v9_20260927_121410/hardware_raw/network_node0/NETWORK_CAPPED_100G/all_reduce_perf_nodes2_g4.log,32,8,58.98,0.0,0.0,Candidate columns from standard nccl-tests row; raw log remains authoritative.
/home/ayu23/v9_full_results/v9_20260927_121410/hardware_raw/network_node0/NETWORK_CAPPED_100G/all_reduce_perf_nodes2_g4.log,64,16,60.08,0.0,0.0,Candidate columns from standard nccl-tests row; raw log remains authoritative.
/home/ayu23/v9_full_results/v9_20260927_121410/hardware_raw/network_node0/NETWORK_CAPPED_100G/all_reduce_perf_nodes2_g4.log,128,32,148.35,0.0,0.0,Candidate columns from standard nccl-tests row; raw log remains authoritative.
/home/ayu23/v9_full_results/v9_20260927_121410/hardware_raw/network_node0/NETWORK_CAPPED_100G/all_reduce_perf_nodes2_g4.log,256,64,96.22,0.0,0.0,Candidate columns from standard nccl-tests row; raw log remains authoritative.
/home/ayu23/v9_full_results/v9_20260927_121410/hardware_raw/network_node0/NETWORK_CAPPED_100G/all_reduce_perf_nodes2_g4.log,512,128,92.67,0.01,0.01,Candidate columns from standard nccl-tests row; raw log remains authoritative.
/home/ayu23/v9_full_results/v9_20260927_121410/hardware_raw/network_node0/NETWORK_CAPPED_100G/all_reduce_perf_nodes2_g4.log,1024,256,110.72,0.01,0.02,Candidate columns from standard nccl-tests row; raw log remains authoritative.
/home/ayu23/v9_full_results/v9_20260927_121410/hardware_raw/network_node0/NETWORK_CAPPED_100G/all_reduce_perf_nodes2_g4.log,2048,512,124.41,0.02,0.03,Candidate columns from standard nccl-tests row; raw log remains authoritative.
/home/ayu23/v9_full_results/v9_20260927_121410/hardware_raw/network_node0/NETWORK_CAPPED_100G/all_reduce_perf_nodes2_g4.log,4096,1024,125.22,0.03,0.06,Candidate columns from standard nccl-tests row; raw log remains authoritative.
/home/ayu23/v9_full_results/v9_20260927_121410/hardware_raw/network_node0/NETWORK_CAPPED_100G/all_reduce_perf_nodes2_g4.log,8192,2048,152.31,0.05,0.09,Candidate columns from standard nccl-tests row; raw log remains authoritative.
/home/ayu23/v9_full_results/v9_20260927_121410/hardware_raw/network_node0/NETWORK_CAPPED_100G/all_reduce_perf_nodes2_g4.log,16384,4096,139.82,0.12,0.21,Candidate columns from standard nccl-tests row; raw log remains authoritative.
/home/ayu23/v9_full_results/v9_20260927_121410/hardware_raw/network_node0/NETWORK_CAPPED_100G/all_reduce_perf_nodes2_g4.log,32768,8192,231.78,0.14,0.25,Candidate columns from standard nccl-tests row; raw log remains authoritative.
/home/ayu23/v9_full_results/v9_20260927_121410/hardware_raw/network_node0/NETWORK_CAPPED_100G/all_reduce_perf_nodes2_g4.log,65536,16384,267.88,0.24,0.43,Candidate columns from standard nccl-tests row; raw log remains authoritative.
/home/ayu23/v9_full_results/v9_20260927_121410/hardware_raw/network_node0/NETWORK_CAPPED_100G/all_reduce_perf_nodes2_g4.log,131072,32768,277.22,0.47,0.83,Candidate columns from standard nccl-tests row; raw log remains authoritative.
/home/ayu23/v9_full_results/v9_20260927_121410/hardware_raw/network_node0/NETWORK_CAPPED_100G/all_reduce_perf_nodes2_g4.log,262144,65536,324.51,0.81,1.41,Candidate columns from standard nccl-tests row; raw log remains authoritative.
/home/ayu23/v9_full_results/v9_20260927_121410/hardware_raw/network_node0/NETWORK_CAPPED_100G/all_reduce_perf_nodes2_g4.log,524288,131072,481.53,1.09,1.91,Candidate columns from standard nccl-tests row; raw log remains authoritative.
/home/ayu23/v9_full_results/v9_20260927_121410/hardware_raw/network_node0/NETWORK_CAPPED_100G/all_reduce_perf_nodes2_g4.log,1048576,262144,541.93,1.93,3.39,Candidate columns from standard nccl-tests row; raw log remains authoritative.
/home/ayu23/v9_full_results/v9_20260927_121410/hardware_raw/network_node0/NETWORK_CAPPED_100G/all_reduce_perf_nodes2_g4.log,2097152,524288,673.63,3.11,5.45,Candidate columns from standard nccl-tests row; raw log remains authoritative.
/home/ayu23/v9_full_results/v9_20260927_121410/hardware_raw/network_node0/NETWORK_CAPPED_100G/all_reduce_perf_nodes2_g4.log,4194304,1048576,1255.13,3.34,5.85,Candidate columns from standard nccl-tests row; raw log remains authoritative.
/home/ayu23/v9_full_results/v9_20260927_121410/hardware_raw/network_node0/NETWORK_CAPPED_100G/all_reduce_perf_nodes2_g4.log,8388608,2097152,2449.67,3.42,5.99,Candidate columns from standard nccl-tests row; raw log remains authoritative.
/home/ayu23/v9_full_results/v9_20260927_121410/hardware_raw/network_node0/NETWORK_CAPPED_100G/all_reduce_perf_nodes2_g4.log,16777216,4194304,4121.52,4.07,7.12,Candidate columns from standard nccl-tests row; raw log remains authoritative.
/home/ayu23/v9_full_results/v9_20260927_121410/hardware_raw/network_node0/NETWORK_CAPPED_100G/all_reduce_perf_nodes2_g4.log,33554432,8388608,8035.13,4.18,7.31,Candidate columns from standard nccl-tests row; raw log remains authoritative.
/home/ayu23/v9_full_results/v9_20260927_121410/hardware_raw/network_node0/NETWORK_CAPPED_100G/all_reduce_perf_nodes2_g4.log,67108864,16777216,16450.3,4.08,7.14,Candidate columns from standard nccl-tests row; raw log remains authoritative.
/home/ayu23/v9_full_results/v9_20260927_121410/hardware_raw/network_node0/NETWORK_CAPPED_100G/all_reduce_perf_nodes2_g4.log,134217728,33554432,32502.6,4.13,7.23,Candidate columns from standard nccl-tests row; raw log remains authoritative.
/home/ayu23/v9_full_results/v9_20260927_121410/hardware_raw/network_node0/NETWORK_CAPPED_100G/all_reduce_perf_nodes2_g4.log,268435456,67108864,65443.6,4.1,7.18,Candidate columns from standard nccl-tests row; raw log remains authoritative.
/home/ayu23/v9_full_results/v9_20260927_121410/hardware_raw/network_node0/NETWORK_CAPPED_100G/all_reduce_perf_nodes2_g4.log,536870912,134217728,133106.0,4.03,7.06,Candidate columns from standard nccl-tests row; raw log remains authoritative.
/home/ayu23/v9_full_results/v9_20260927_121410/hardware_raw/network_node0/NETWORK_CAPPED_100G/all_reduce_perf_nodes2_g8.log,8,2,83.82,0.0,0.0,Candidate columns from standard nccl-tests row; raw log remains authoritative.
/home/ayu23/v9_full_results/v9_20260927_121410/hardware_raw/network_node0/NETWORK_CAPPED_100G/all_reduce_perf_nodes2_g8.log,16,4,71.86,0.0,0.0,Candidate columns from standard nccl-tests row; raw log remains authoritative.
/home/ayu23/v9_full_results/v9_20260927_121410/hardware_raw/network_node0/NETWORK_CAPPED_100G/all_reduce_perf_nodes2_g8.log,32,8,71.93,0.0,0.0,Candidate columns from standard nccl-tests row; raw log remains authoritative.
/home/ayu23/v9_full_results/v9_20260927_121410/hardware_raw/network_node0/NETWORK_CAPPED_100G/all_reduce_perf_nodes2_g8.log,64,16,72.32,0.0,0.0,Candidate columns from standard nccl-tests row; raw log remains authoritative.
/home/ayu23/v9_full_results/v9_20260927_121410/hardware_raw/network_node0/NETWORK_CAPPED_100G/all_reduce_perf_nodes2_g8.log,128,32,156.74,0.0,0.0,Candidate columns from standard nccl-tests row; raw log remains authoritative.
/home/ayu23/v9_full_results/v9_20260927_121410/hardware_raw/network_node0/NETWORK_CAPPED_100G/all_reduce_perf_nodes2_g8.log,256,64,107.64,0.0,0.0,Candidate columns from standard nccl-tests row; raw log remains authoritative.
/home/ayu23/v9_full_results/v9_20260927_121410/hardware_raw/network_node0/NETWORK_CAPPED_100G/all_reduce_perf_nodes2_g8.log,512,128,104.39,0.0,0.01,Candidate columns from standard nccl-tests row; raw log remains authoritative.
/home/ayu23/v9_full_results/v9_20260927_121410/hardware_raw/network_node0/NETWORK_CAPPED_100G/all_reduce_perf_nodes2_g8.log,1024,256,116.23,0.01,0.02,Candidate columns from standard nccl-tests row; raw log remains authoritative.
/home/ayu23/v9_full_results/v9_20260927_121410/hardware_raw/network_node0/NETWORK_CAPPED_100G/all_reduce_perf_nodes2_g8.log,2048,512,146.44,0.01,0.03,Candidate columns from standard nccl-tests row; raw log remains authoritative.
/home/ayu23/v9_full_results/v9_20260927_121410/hardware_raw/network_node0/NETWORK_CAPPED_100G/all_reduce_perf_nodes2_g8.log,4096,1024,148.58,0.03,0.05,Candidate columns from standard nccl-tests row; raw log remains authoritative.
/home/ayu23/v9_full_results/v9_20260927_121410/hardware_raw/network_node0/NETWORK_CAPPED_100G/all_reduce_perf_nodes2_g8.log,8192,2048,180.03,0.05,0.09,Candidate columns from standard nccl-tests row; raw log remains authoritative.
/home/ayu23/v9_full_results/v9_20260927_121410/hardware_raw/network_node0/NETWORK_CAPPED_100G/all_reduce_perf_nodes2_g8.log,16384,4096,177.99,0.09,0.17,Candidate columns from standard nccl-tests row; raw log remains authoritative.
/home/ayu23/v9_full_results/v9_20260927_121410/hardware_raw/network_node0/NETWORK_CAPPED_100G/all_reduce_perf_nodes2_g8.log,32768,8192,192.75,0.17,0.32,Candidate columns from standard nccl-tests row; raw log remains authoritative.
/home/ayu23/v9_full_results/v9_20260927_121410/hardware_raw/network_node0/NETWORK_CAPPED_100G/all_reduce_perf_nodes2_g8.log,65536,16384,565.14,0.12,0.22,Candidate columns from standard nccl-tests row; raw log remains authoritative.
/home/ayu23/v9_full_results/v9_20260927_121410/hardware_raw/network_node0/NETWORK_CAPPED_100G/all_reduce_perf_nodes2_g8.log,131072,32768,633.53,0.21,0.39,Candidate columns from standard nccl-tests row; raw log remains authoritative.
/home/ayu23/v9_full_results/v9_20260927_121410/hardware_raw/network_node0/NETWORK_CAPPED_100G/all_reduce_perf_nodes2_g8.log,262144,65536,674.84,0.39,0.73,Candidate columns from standard nccl-tests row; raw log remains authoritative.
/home/ayu23/v9_full_results/v9_20260927_121410/hardware_raw/network_node0/NETWORK_CAPPED_100G/all_reduce_perf_nodes2_g8.log,524288,131072,729.88,0.72,1.35,Candidate columns from standard nccl-tests row; raw log remains authoritative.
/home/ayu23/v9_full_results/v9_20260927_121410/hardware_raw/network_node0/NETWORK_CAPPED_100G/all_reduce_perf_nodes2_g8.log,1048576,262144,1048.54,1.0,1.88,Candidate columns from standard nccl-tests row; raw log remains authoritative.
/home/ayu23/v9_full_results/v9_20260927_121410/hardware_raw/network_node0/NETWORK_CAPPED_100G/all_reduce_perf_nodes2_g8.log,2097152,524288,1359.32,1.54,2.89,Candidate columns from standard nccl-tests row; raw log remains authoritative.
/home/ayu23/v9_full_results/v9_20260927_121410/hardware_raw/network_node0/NETWORK_CAPPED_100G/all_reduce_perf_nodes2_g8.log,4194304,1048576,1829.02,2.29,4.3,Candidate columns from standard nccl-tests row; raw log remains authoritative.
/home/ayu23/v9_full_results/v9_20260927_121410/hardware_raw/network_node0/NETWORK_CAPPED_100G/all_reduce_perf_nodes2_g8.log,8388608,2097152,3050.55,2.75,5.16,Candidate columns from standard nccl-tests row; raw log remains authoritative.
/home/ayu23/v9_full_results/v9_20260927_121410/hardware_raw/network_node0/NETWORK_CAPPED_100G/all_reduce_perf_nodes2_g8.log,16777216,4194304,5559.31,3.02,5.66,Candidate columns from standard nccl-tests row; raw log remains authoritative.
/home/ayu23/v9_full_results/v9_20260927_121410/hardware_raw/network_node0/NETWORK_CAPPED_100G/all_reduce_perf_nodes2_g8.log,33554432,8388608,9463.67,3.55,6.65,Candidate columns from standard nccl-tests row; raw log remains authoritative.
/home/ayu23/v9_full_results/v9_20260927_121410/hardware_raw/network_node0/NETWORK_CAPPED_100G/all_reduce_perf_nodes2_g8.log,67108864,16777216,17879.9,3.75,7.04,Candidate columns from standard nccl-tests row; raw log remains authoritative.
/home/ayu23/v9_full_results/v9_20260927_121410/hardware_raw/network_node0/NETWORK_CAPPED_100G/all_reduce_perf_nodes2_g8.log,134217728,33554432,35212.1,3.81,7.15,Candidate columns from standard nccl-tests row; raw log remains authoritative.
/home/ayu23/v9_full_results/v9_20260927_121410/hardware_raw/network_node0/NETWORK_CAPPED_100G/all_reduce_perf_nodes2_g8.log,268435456,67108864,68853.2,3.9,7.31,Candidate columns from standard nccl-tests row; raw log remains authoritative.
/home/ayu23/v9_full_results/v9_20260927_121410/hardware_raw/network_node0/NETWORK_CAPPED_100G/all_reduce_perf_nodes2_g8.log,536870912,134217728,137645.0,3.9,7.31,Candidate columns from standard nccl-tests row; raw log remains authoritative.
/home/ayu23/v9_full_results/v9_20260927_121410/hardware_raw/network_node0/NETWORK_CAPPED_100G/all_gather_perf_nodes2_g1.log,0,0,0.12,0.0,0.0,Candidate columns from standard nccl-tests row; raw log remains authoritative.
/home/ayu23/v9_full_results/v9_20260927_121410/hardware_raw/network_node0/NETWORK_CAPPED_100G/all_gather_perf_nodes2_g1.log,0,0,0.11,0.0,0.0,Candidate columns from standard nccl-tests row; raw log remains authoritative.
/home/ayu23/v9_full_results/v9_20260927_121410/hardware_raw/network_node0/NETWORK_CAPPED_100G/all_gather_perf_nodes2_g1.log,32,4,43.28,0.0,0.0,Candidate columns from standard nccl-tests row; raw log remains authoritative.
/home/ayu23/v9_full_results/v9_20260927_121410/hardware_raw/network_node0/NETWORK_CAPPED_100G/all_gather_perf_nodes2_g1.log,64,8,39.89,0.0,0.0,Candidate columns from standard nccl-tests row; raw log remains authoritative.
/home/ayu23/v9_full_results/v9_20260927_121410/hardware_raw/network_node0/NETWORK_CAPPED_100G/all_gather_perf_nodes2_g1.log,128,16,39.51,0.0,0.0,Candidate columns from standard nccl-tests row; raw log remains authoritative.
/home/ayu23/v9_full_results/v9_20260927_121410/hardware_raw/network_node0/NETWORK_CAPPED_100G/all_gather_perf_nodes2_g1.log,256,32,81.83,0.0,0.0,Candidate columns from standard nccl-tests row; raw log remains authoritative.
/home/ayu23/v9_full_results/v9_20260927_121410/hardware_raw/network_node0/NETWORK_CAPPED_100G/all_gather_perf_nodes2_g1.log,512,64,48.55,0.01,0.01,Candidate columns from standard nccl-tests row; raw log remains authoritative.
/home/ayu23/v9_full_results/v9_20260927_121410/hardware_raw/network_node0/NETWORK_CAPPED_100G/all_gather_perf_nodes2_g1.log,1024,128,44.72,0.02,0.01,Candidate columns from standard nccl-tests row; raw log remains authoritative.
/home/ayu23/v9_full_results/v9_20260927_121410/hardware_raw/network_node0/NETWORK_CAPPED_100G/all_gather_perf_nodes2_g1.log,2048,256,48.45,0.04,0.02,Candidate columns from standard nccl-tests row; raw log remains authoritative.
/home/ayu23/v9_full_results/v9_20260927_121410/hardware_raw/network_node0/NETWORK_CAPPED_100G/all_gather_perf_nodes2_g1.log,4096,512,63.99,0.06,0.03,Candidate columns from standard nccl-tests row; raw log remains authoritative.
/home/ayu23/v9_full_results/v9_20260927_121410/hardware_raw/network_node0/NETWORK_CAPPED_100G/all_gather_perf_nodes2_g1.log,8192,1024,68.07,0.12,0.06,Candidate columns from standard nccl-tests row; raw log remains authoritative.
/home/ayu23/v9_full_results/v9_20260927_121410/hardware_raw/network_node0/NETWORK_CAPPED_100G/all_gather_perf_nodes2_g1.log,16384,2048,84.78,0.19,0.1,Candidate columns from standard nccl-tests row; raw log remains authoritative.
/home/ayu23/v9_full_results/v9_20260927_121410/hardware_raw/network_node0/NETWORK_CAPPED_100G/all_gather_perf_nodes2_g1.log,32768,4096,80.67,0.41,0.2,Candidate columns from standard nccl-tests row; raw log remains authoritative.
/home/ayu23/v9_full_results/v9_20260927_121410/hardware_raw/network_node0/NETWORK_CAPPED_100G/all_gather_perf_nodes2_g1.log,65536,8192,83.54,0.78,0.39,Candidate columns from standard nccl-tests row; raw log remains authoritative.
/home/ayu23/v9_full_results/v9_20260927_121410/hardware_raw/network_node0/NETWORK_CAPPED_100G/all_gather_perf_nodes2_g1.log,131072,16384,119.92,1.09,0.55,Candidate columns from standard nccl-tests row; raw log remains authoritative.
/home/ayu23/v9_full_results/v9_20260927_121410/hardware_raw/network_node0/NETWORK_CAPPED_100G/all_gather_perf_nodes2_g1.log,262144,32768,122.15,2.15,1.07,Candidate columns from standard nccl-tests row; raw log remains authoritative.
/home/ayu23/v9_full_results/v9_20260927_121410/hardware_raw/network_node0/NETWORK_CAPPED_100G/all_gather_perf_nodes2_g1.log,524288,65536,181.37,2.89,1.45,Candidate columns from standard nccl-tests row; raw log remains authoritative.
/home/ayu23/v9_full_results/v9_20260927_121410/hardware_raw/network_node0/NETWORK_CAPPED_100G/all_gather_perf_nodes2_g1.log,1048576,131072,202.66,5.17,2.59,Candidate columns from standard nccl-tests row; raw log remains authoritative.
/home/ayu23/v9_full_results/v9_20260927_121410/hardware_raw/network_node0/NETWORK_CAPPED_100G/all_gather_perf_nodes2_g1.log,2097152,262144,268.39,7.81,3.91,Candidate columns from standard nccl-tests row; raw log remains authoritative.
/home/ayu23/v9_full_results/v9_20260927_121410/hardware_raw/network_node0/NETWORK_CAPPED_100G/all_gather_perf_nodes2_g1.log,4194304,524288,425.08,9.87,4.93,Candidate columns from standard nccl-tests row; raw log remains authoritative.
/home/ayu23/v9_full_results/v9_20260927_121410/hardware_raw/network_node0/NETWORK_CAPPED_100G/all_gather_perf_nodes2_g1.log,8388608,1048576,746.56,11.24,5.62,Candidate columns from standard nccl-tests row; raw log remains authoritative.
/home/ayu23/v9_full_results/v9_20260927_121410/hardware_raw/network_node0/NETWORK_CAPPED_100G/all_gather_perf_nodes2_g1.log,16777216,2097152,1403.73,11.95,5.98,Candidate columns from standard nccl-tests row; raw log remains authoritative.
/home/ayu23/v9_full_results/v9_20260927_121410/hardware_raw/network_node0/NETWORK_CAPPED_100G/all_gather_perf_nodes2_g1.log,33554432,4194304,2697.68,12.44,6.22,Candidate columns from standard nccl-tests row; raw log remains authoritative.
/home/ayu23/v9_full_results/v9_20260927_121410/hardware_raw/network_node0/NETWORK_CAPPED_100G/all_gather_perf_nodes2_g1.log,67108864,8388608,5113.21,13.12,6.56,Candidate columns from standard nccl-tests row; raw log remains authoritative.
/home/ayu23/v9_full_results/v9_20260927_121410/hardware_raw/network_node0/NETWORK_CAPPED_100G/all_gather_perf_nodes2_g1.log,134217728,16777216,9952.76,13.49,6.74,Candidate columns from standard nccl-tests row; raw log remains authoritative.
/home/ayu23/v9_full_results/v9_20260927_121410/hardware_raw/network_node0/NETWORK_CAPPED_100G/all_gather_perf_nodes2_g1.log,268435456,33554432,19584.5,13.71,6.85,Candidate columns from standard nccl-tests row; raw log remains authoritative.
/home/ayu23/v9_full_results/v9_20260927_121410/hardware_raw/network_node0/NETWORK_CAPPED_100G/all_gather_perf_nodes2_g1.log,536870912,67108864,38774.0,13.85,6.92,Candidate columns from standard nccl-tests row; raw log remains authoritative.
/home/ayu23/v9_full_results/v9_20260927_121410/hardware_raw/network_node0/NETWORK_CAPPED_100G/all_gather_perf_nodes2_g4.log,0,0,0.32,0.0,0.0,Candidate columns from standard nccl-tests row; raw log remains authoritative.
/home/ayu23/v9_full_results/v9_20260927_121410/hardware_raw/network_node0/NETWORK_CAPPED_100G/all_gather_perf_nodes2_g4.log,0,0,0.3,0.0,0.0,Candidate columns from standard nccl-tests row; raw log remains authoritative.
/home/ayu23/v9_full_results/v9_20260927_121410/hardware_raw/network_node0/NETWORK_CAPPED_100G/all_gather_perf_nodes2_g4.log,0,0,0.29,0.0,0.0,Candidate columns from standard nccl-tests row; raw log remains authoritative.
/home/ayu23/v9_full_results/v9_20260927_121410/hardware_raw/network_node0/NETWORK_CAPPED_100G/all_gather_perf_nodes2_g4.log,0,0,0.29,0.0,0.0,Candidate columns from standard nccl-tests row; raw log remains authoritative.
/home/ayu23/v9_full_results/v9_20260927_121410/hardware_raw/network_node0/NETWORK_CAPPED_100G/all_gather_perf_nodes2_g4.log,128,4,80.71,0.0,0.0,Candidate columns from standard nccl-tests row; raw log remains authoritative.
/home/ayu23/v9_full_results/v9_20260927_121410/hardware_raw/network_node0/NETWORK_CAPPED_100G/all_gather_perf_nodes2_g4.log,256,8,78.66,0.0,0.0,Candidate columns from standard nccl-tests row; raw log remains authoritative.
/home/ayu23/v9_full_results/v9_20260927_121410/hardware_raw/network_node0/NETWORK_CAPPED_100G/all_gather_perf_nodes2_g4.log,512,16,81.8,0.01,0.01,Candidate columns from standard nccl-tests row; raw log remains authoritative.
/home/ayu23/v9_full_results/v9_20260927_121410/hardware_raw/network_node0/NETWORK_CAPPED_100G/all_gather_perf_nodes2_g4.log,1024,32,112.75,0.01,0.01,Candidate columns from standard nccl-tests row; raw log remains authoritative.
/home/ayu23/v9_full_results/v9_20260927_121410/hardware_raw/network_node0/NETWORK_CAPPED_100G/all_gather_perf_nodes2_g4.log,2048,64,106.21,0.02,0.02,Candidate columns from standard nccl-tests row; raw log remains authoritative.
/home/ayu23/v9_full_results/v9_20260927_121410/hardware_raw/network_node0/NETWORK_CAPPED_100G/all_gather_perf_nodes2_g4.log,4096,128,104.57,0.04,0.03,Candidate columns from standard nccl-tests row; raw log remains authoritative.
/home/ayu23/v9_full_results/v9_20260927_121410/hardware_raw/network_node0/NETWORK_CAPPED_100G/all_gather_perf_nodes2_g4.log,8192,256,114.02,0.07,0.06,Candidate columns from standard nccl-tests row; raw log remains authoritative.
/home/ayu23/v9_full_results/v9_20260927_121410/hardware_raw/network_node0/NETWORK_CAPPED_100G/all_gather_perf_nodes2_g4.log,16384,512,114.17,0.14,0.13,Candidate columns from standard nccl-tests row; raw log remains authoritative.
/home/ayu23/v9_full_results/v9_20260927_121410/hardware_raw/network_node0/NETWORK_CAPPED_100G/all_gather_perf_nodes2_g4.log,32768,1024,117.24,0.28,0.24,Candidate columns from standard nccl-tests row; raw log remains authoritative.
/home/ayu23/v9_full_results/v9_20260927_121410/hardware_raw/network_node0/NETWORK_CAPPED_100G/all_gather_perf_nodes2_g4.log,65536,2048,146.02,0.45,0.39,Candidate columns from standard nccl-tests row; raw log remains authoritative.
/home/ayu23/v9_full_results/v9_20260927_121410/hardware_raw/network_node0/NETWORK_CAPPED_100G/all_gather_perf_nodes2_g4.log,131072,4096,154.29,0.85,0.74,Candidate columns from standard nccl-tests row; raw log remains authoritative.
/home/ayu23/v9_full_results/v9_20260927_121410/hardware_raw/network_node0/NETWORK_CAPPED_100G/all_gather_perf_nodes2_g4.log,262144,8192,176.73,1.48,1.3,Candidate columns from standard nccl-tests row; raw log remains authoritative.
/home/ayu23/v9_full_results/v9_20260927_121410/hardware_raw/network_node0/NETWORK_CAPPED_100G/all_gather_perf_nodes2_g4.log,524288,16384,210.97,2.49,2.17,Candidate columns from standard nccl-tests row; raw log remains authoritative.
/home/ayu23/v9_full_results/v9_20260927_121410/hardware_raw/network_node0/NETWORK_CAPPED_100G/all_gather_perf_nodes2_g4.log,1048576,32768,310.19,3.38,2.96,Candidate columns from standard nccl-tests row; raw log remains authoritative.
/home/ayu23/v9_full_results/v9_20260927_121410/hardware_raw/network_node0/NETWORK_CAPPED_100G/all_gather_perf_nodes2_g4.log,2097152,65536,386.1,5.43,4.75,Candidate columns from standard nccl-tests row; raw log remains authoritative.
/home/ayu23/v9_full_results/v9_20260927_121410/hardware_raw/network_node0/NETWORK_CAPPED_100G/all_gather_perf_nodes2_g4.log,4194304,131072,615.2,6.82,5.97,Candidate columns from standard nccl-tests row; raw log remains authoritative.
/home/ayu23/v9_full_results/v9_20260927_121410/hardware_raw/network_node0/NETWORK_CAPPED_100G/all_gather_perf_nodes2_g4.log,8388608,262144,1146.95,7.31,6.4,Candidate columns from standard nccl-tests row; raw log remains authoritative.
/home/ayu23/v9_full_results/v9_20260927_121410/hardware_raw/network_node0/NETWORK_CAPPED_100G/all_gather_perf_nodes2_g4.log,16777216,524288,2087.88,8.04,7.03,Candidate columns from standard nccl-tests row; raw log remains authoritative.
/home/ayu23/v9_full_results/v9_20260927_121410/hardware_raw/network_node0/NETWORK_CAPPED_100G/all_gather_perf_nodes2_g4.log,33554432,1048576,4003.04,8.38,7.33,Candidate columns from standard nccl-tests row; raw log remains authoritative.
/home/ayu23/v9_full_results/v9_20260927_121410/hardware_raw/network_node0/NETWORK_CAPPED_100G/all_gather_perf_nodes2_g4.log,67108864,2097152,8072.53,8.31,7.27,Candidate columns from standard nccl-tests row; raw log remains authoritative.
/home/ayu23/v9_full_results/v9_20260927_121410/hardware_raw/network_node0/NETWORK_CAPPED_100G/all_gather_perf_nodes2_g4.log,134217728,4194304,15970.0,8.4,7.35,Candidate columns from standard nccl-tests row; raw log remains authoritative.
/home/ayu23/v9_full_results/v9_20260927_121410/hardware_raw/network_node0/NETWORK_CAPPED_100G/all_gather_perf_nodes2_g4.log,268435456,8388608,31964.0,8.4,7.35,Candidate columns from standard nccl-tests row; raw log remains authoritative.
/home/ayu23/v9_full_results/v9_20260927_121410/hardware_raw/network_node0/NETWORK_CAPPED_100G/all_gather_perf_nodes2_g4.log,536870912,16777216,64429.0,8.33,7.29,Candidate columns from standard nccl-tests row; raw log remains authoritative.
/home/ayu23/v9_full_results/v9_20260927_121410/hardware_raw/network_node0/NETWORK_CAPPED_100G/all_gather_perf_nodes2_g8.log,0,0,0.53,0.0,0.0,Candidate columns from standard nccl-tests row; raw log remains authoritative.
/home/ayu23/v9_full_results/v9_20260927_121410/hardware_raw/network_node0/NETWORK_CAPPED_100G/all_gather_perf_nodes2_g8.log,0,0,0.51,0.0,0.0,Candidate columns from standard nccl-tests row; raw log remains authoritative.
/home/ayu23/v9_full_results/v9_20260927_121410/hardware_raw/network_node0/NETWORK_CAPPED_100G/all_gather_perf_nodes2_g8.log,0,0,0.5,0.0,0.0,Candidate columns from standard nccl-tests row; raw log remains authoritative.
/home/ayu23/v9_full_results/v9_20260927_121410/hardware_raw/network_node0/NETWORK_CAPPED_100G/all_gather_perf_nodes2_g8.log,0,0,0.5,0.0,0.0,Candidate columns from standard nccl-tests row; raw log remains authoritative.
/home/ayu23/v9_full_results/v9_20260927_121410/hardware_raw/network_node0/NETWORK_CAPPED_100G/all_gather_perf_nodes2_g8.log,0,0,0.5,0.0,0.0,Candidate columns from standard nccl-tests row; raw log remains authoritative.
/home/ayu23/v9_full_results/v9_20260927_121410/hardware_raw/network_node0/NETWORK_CAPPED_100G/all_gather_perf_nodes2_g8.log,256,4,107.58,0.0,0.0,Candidate columns from standard nccl-tests row; raw log remains authoritative.
/home/ayu23/v9_full_results/v9_20260927_121410/hardware_raw/network_node0/NETWORK_CAPPED_100G/all_gather_perf_nodes2_g8.log,512,8,102.98,0.0,0.0,Candidate columns from standard nccl-tests row; raw log remains authoritative.
/home/ayu23/v9_full_results/v9_20260927_121410/hardware_raw/network_node0/NETWORK_CAPPED_100G/all_gather_perf_nodes2_g8.log,1024,16,106.82,0.01,0.01,Candidate columns from standard nccl-tests row; raw log remains authoritative.
/home/ayu23/v9_full_results/v9_20260927_121410/hardware_raw/network_node0/NETWORK_CAPPED_100G/all_gather_perf_nodes2_g8.log,2048,32,177.49,0.01,0.01,Candidate columns from standard nccl-tests row; raw log remains authoritative.
/home/ayu23/v9_full_results/v9_20260927_121410/hardware_raw/network_node0/NETWORK_CAPPED_100G/all_gather_perf_nodes2_g8.log,4096,64,183.85,0.02,0.02,Candidate columns from standard nccl-tests row; raw log remains authoritative.
/home/ayu23/v9_full_results/v9_20260927_121410/hardware_raw/network_node0/NETWORK_CAPPED_100G/all_gather_perf_nodes2_g8.log,8192,128,187.64,0.04,0.04,Candidate columns from standard nccl-tests row; raw log remains authoritative.
/home/ayu23/v9_full_results/v9_20260927_121410/hardware_raw/network_node0/NETWORK_CAPPED_100G/all_gather_perf_nodes2_g8.log,16384,256,190.99,0.09,0.08,Candidate columns from standard nccl-tests row; raw log remains authoritative.
/home/ayu23/v9_full_results/v9_20260927_121410/hardware_raw/network_node0/NETWORK_CAPPED_100G/all_gather_perf_nodes2_g8.log,32768,512,193.84,0.17,0.16,Candidate columns from standard nccl-tests row; raw log remains authoritative.
/home/ayu23/v9_full_results/v9_20260927_121410/hardware_raw/network_node0/NETWORK_CAPPED_100G/all_gather_perf_nodes2_g8.log,65536,1024,195.55,0.34,0.31,Candidate columns from standard nccl-tests row; raw log remains authoritative.
/home/ayu23/v9_full_results/v9_20260927_121410/hardware_raw/network_node0/NETWORK_CAPPED_100G/all_gather_perf_nodes2_g8.log,131072,2048,312.71,0.42,0.39,Candidate columns from standard nccl-tests row; raw log remains authoritative.
/home/ayu23/v9_full_results/v9_20260927_121410/hardware_raw/network_node0/NETWORK_CAPPED_100G/all_gather_perf_nodes2_g8.log,262144,4096,327.17,0.8,0.75,Candidate columns from standard nccl-tests row; raw log remains authoritative.
/home/ayu23/v9_full_results/v9_20260927_121410/hardware_raw/network_node0/NETWORK_CAPPED_100G/all_gather_perf_nodes2_g8.log,524288,8192,369.7,1.42,1.33,Candidate columns from standard nccl-tests row; raw log remains authoritative.
/home/ayu23/v9_full_results/v9_20260927_121410/hardware_raw/network_node0/NETWORK_CAPPED_100G/all_gather_perf_nodes2_g8.log,1048576,16384,393.47,2.66,2.5,Candidate columns from standard nccl-tests row; raw log remains authoritative.
/home/ayu23/v9_full_results/v9_20260927_121410/hardware_raw/network_node0/NETWORK_CAPPED_100G/all_gather_perf_nodes2_g8.log,2097152,32768,646.42,3.24,3.04,Candidate columns from standard nccl-tests row; raw log remains authoritative.
/home/ayu23/v9_full_results/v9_20260927_121410/hardware_raw/network_node0/NETWORK_CAPPED_100G/all_gather_perf_nodes2_g8.log,4194304,65536,885.09,4.74,4.44,Candidate columns from standard nccl-tests row; raw log remains authoritative.
/home/ayu23/v9_full_results/v9_20260927_121410/hardware_raw/network_node0/NETWORK_CAPPED_100G/all_gather_perf_nodes2_g8.log,8388608,131072,1550.96,5.41,5.07,Candidate columns from standard nccl-tests row; raw log remains authoritative.
/home/ayu23/v9_full_results/v9_20260927_121410/hardware_raw/network_node0/NETWORK_CAPPED_100G/all_gather_perf_nodes2_g8.log,16777216,262144,2640.45,6.35,5.96,Candidate columns from standard nccl-tests row; raw log remains authoritative.
/home/ayu23/v9_full_results/v9_20260927_121410/hardware_raw/network_node0/NETWORK_CAPPED_100G/all_gather_perf_nodes2_g8.log,33554432,524288,4458.83,7.53,7.06,Candidate columns from standard nccl-tests row; raw log remains authoritative.
/home/ayu23/v9_full_results/v9_20260927_121410/hardware_raw/network_node0/NETWORK_CAPPED_100G/all_gather_perf_nodes2_g8.log,67108864,1048576,8382.97,8.01,7.51,Candidate columns from standard nccl-tests row; raw log remains authoritative.
/home/ayu23/v9_full_results/v9_20260927_121410/hardware_raw/network_node0/NETWORK_CAPPED_100G/all_gather_perf_nodes2_g8.log,134217728,2097152,17381.5,7.72,7.24,Candidate columns from standard nccl-tests row; raw log remains authoritative.
/home/ayu23/v9_full_results/v9_20260927_121410/hardware_raw/network_node0/NETWORK_CAPPED_100G/all_gather_perf_nodes2_g8.log,268435456,4194304,33973.7,7.9,7.41,Candidate columns from standard nccl-tests row; raw log remains authoritative.
/home/ayu23/v9_full_results/v9_20260927_121410/hardware_raw/network_node0/NETWORK_CAPPED_100G/all_gather_perf_nodes2_g8.log,536870912,8388608,67204.5,7.99,7.49,Candidate columns from standard nccl-tests row; raw log remains authoritative.
/home/ayu23/v9_full_results/v9_20260927_121410/hardware_raw/network_node0/NETWORK_CAPPED_100G/reduce_scatter_perf_nodes2_g1.log,0,0,0.13,0.0,0.0,Candidate columns from standard nccl-tests row; raw log remains authoritative.
/home/ayu23/v9_full_results/v9_20260927_121410/hardware_raw/network_node0/NETWORK_CAPPED_100G/reduce_scatter_perf_nodes2_g1.log,0,0,0.12,0.0,0.0,Candidate columns from standard nccl-tests row; raw log remains authoritative.
/home/ayu23/v9_full_results/v9_20260927_121410/hardware_raw/network_node0/NETWORK_CAPPED_100G/reduce_scatter_perf_nodes2_g1.log,32,4,39.38,0.0,0.0,Candidate columns from standard nccl-tests row; raw log remains authoritative.
/home/ayu23/v9_full_results/v9_20260927_121410/hardware_raw/network_node0/NETWORK_CAPPED_100G/reduce_scatter_perf_nodes2_g1.log,64,8,35.21,0.0,0.0,Candidate columns from standard nccl-tests row; raw log remains authoritative.
/home/ayu23/v9_full_results/v9_20260927_121410/hardware_raw/network_node0/NETWORK_CAPPED_100G/reduce_scatter_perf_nodes2_g1.log,128,16,34.64,0.0,0.0,Candidate columns from standard nccl-tests row; raw log remains authoritative.
/home/ayu23/v9_full_results/v9_20260927_121410/hardware_raw/network_node0/NETWORK_CAPPED_100G/reduce_scatter_perf_nodes2_g1.log,256,32,71.7,0.0,0.0,Candidate columns from standard nccl-tests row; raw log remains authoritative.
/home/ayu23/v9_full_results/v9_20260927_121410/hardware_raw/network_node0/NETWORK_CAPPED_100G/reduce_scatter_perf_nodes2_g1.log,512,64,48.6,0.01,0.01,Candidate columns from standard nccl-tests row; raw log remains authoritative.
/home/ayu23/v9_full_results/v9_20260927_121410/hardware_raw/network_node0/NETWORK_CAPPED_100G/reduce_scatter_perf_nodes2_g1.log,1024,128,44.4,0.02,0.01,Candidate columns from standard nccl-tests row; raw log remains authoritative.
/home/ayu23/v9_full_results/v9_20260927_121410/hardware_raw/network_node0/NETWORK_CAPPED_100G/reduce_scatter_perf_nodes2_g1.log,2048,256,55.76,0.04,0.02,Candidate columns from standard nccl-tests row; raw log remains authoritative.
/home/ayu23/v9_full_results/v9_20260927_121410/hardware_raw/network_node0/NETWORK_CAPPED_100G/reduce_scatter_perf_nodes2_g1.log,4096,512,62.85,0.07,0.03,Candidate columns from standard nccl-tests row; raw log remains authoritative.
/home/ayu23/v9_full_results/v9_20260927_121410/hardware_raw/network_node0/NETWORK_CAPPED_100G/reduce_scatter_perf_nodes2_g1.log,8192,1024,65.86,0.12,0.06,Candidate columns from standard nccl-tests row; raw log remains authoritative.
/home/ayu23/v9_full_results/v9_20260927_121410/hardware_raw/network_node0/NETWORK_CAPPED_100G/reduce_scatter_perf_nodes2_g1.log,16384,2048,86.12,0.19,0.1,Candidate columns from standard nccl-tests row; raw log remains authoritative.
/home/ayu23/v9_full_results/v9_20260927_121410/hardware_raw/network_node0/NETWORK_CAPPED_100G/reduce_scatter_perf_nodes2_g1.log,32768,4096,76.32,0.43,0.21,Candidate columns from standard nccl-tests row; raw log remains authoritative.
/home/ayu23/v9_full_results/v9_20260927_121410/hardware_raw/network_node0/NETWORK_CAPPED_100G/reduce_scatter_perf_nodes2_g1.log,65536,8192,86.48,0.76,0.38,Candidate columns from standard nccl-tests row; raw log remains authoritative.
/home/ayu23/v9_full_results/v9_20260927_121410/hardware_raw/network_node0/NETWORK_CAPPED_100G/reduce_scatter_perf_nodes2_g1.log,131072,16384,122.95,1.07,0.53,Candidate columns from standard nccl-tests row; raw log remains authoritative.
/home/ayu23/v9_full_results/v9_20260927_121410/hardware_raw/network_node0/NETWORK_CAPPED_100G/reduce_scatter_perf_nodes2_g1.log,262144,32768,123.08,2.13,1.06,Candidate columns from standard nccl-tests row; raw log remains authoritative.
/home/ayu23/v9_full_results/v9_20260927_121410/hardware_raw/network_node0/NETWORK_CAPPED_100G/reduce_scatter_perf_nodes2_g1.log,524288,65536,161.43,3.25,1.62,Candidate columns from standard nccl-tests row; raw log remains authoritative.
/home/ayu23/v9_full_results/v9_20260927_121410/hardware_raw/network_node0/NETWORK_CAPPED_100G/reduce_scatter_perf_nodes2_g1.log,1048576,131072,207.54,5.05,2.53,Candidate columns from standard nccl-tests row; raw log remains authoritative.
/home/ayu23/v9_full_results/v9_20260927_121410/hardware_raw/network_node0/NETWORK_CAPPED_100G/reduce_scatter_perf_nodes2_g1.log,2097152,262144,276.1,7.6,3.8,Candidate columns from standard nccl-tests row; raw log remains authoritative.
/home/ayu23/v9_full_results/v9_20260927_121410/hardware_raw/network_node0/NETWORK_CAPPED_100G/reduce_scatter_perf_nodes2_g1.log,4194304,524288,446.45,9.39,4.7,Candidate columns from standard nccl-tests row; raw log remains authoritative.
/home/ayu23/v9_full_results/v9_20260927_121410/hardware_raw/network_node0/NETWORK_CAPPED_100G/reduce_scatter_perf_nodes2_g1.log,8388608,1048576,749.38,11.19,5.6,Candidate columns from standard nccl-tests row; raw log remains authoritative.
/home/ayu23/v9_full_results/v9_20260927_121410/hardware_raw/network_node0/NETWORK_CAPPED_100G/reduce_scatter_perf_nodes2_g1.log,16777216,2097152,1434.24,11.7,5.85,Candidate columns from standard nccl-tests row; raw log remains authoritative.
/home/ayu23/v9_full_results/v9_20260927_121410/hardware_raw/network_node0/NETWORK_CAPPED_100G/reduce_scatter_perf_nodes2_g1.log,33554432,4194304,2696.09,12.45,6.22,Candidate columns from standard nccl-tests row; raw log remains authoritative.
/home/ayu23/v9_full_results/v9_20260927_121410/hardware_raw/network_node0/NETWORK_CAPPED_100G/reduce_scatter_perf_nodes2_g1.log,67108864,8388608,5160.26,13.0,6.5,Candidate columns from standard nccl-tests row; raw log remains authoritative.
/home/ayu23/v9_full_results/v9_20260927_121410/hardware_raw/network_node0/NETWORK_CAPPED_100G/reduce_scatter_perf_nodes2_g1.log,134217728,16777216,9760.33,13.75,6.88,Candidate columns from standard nccl-tests row; raw log remains authoritative.
/home/ayu23/v9_full_results/v9_20260927_121410/hardware_raw/network_node0/NETWORK_CAPPED_100G/reduce_scatter_perf_nodes2_g1.log,268435456,33554432,19156.3,14.01,7.01,Candidate columns from standard nccl-tests row; raw log remains authoritative.
/home/ayu23/v9_full_results/v9_20260927_121410/hardware_raw/network_node0/NETWORK_CAPPED_100G/reduce_scatter_perf_nodes2_g1.log,536870912,67108864,37773.1,14.21,7.11,Candidate columns from standard nccl-tests row; raw log remains authoritative.
/home/ayu23/v9_full_results/v9_20260927_121410/hardware_raw/network_node0/NETWORK_CAPPED_100G/reduce_scatter_perf_nodes2_g4.log,0,0,0.32,0.0,0.0,Candidate columns from standard nccl-tests row; raw log remains authoritative.
/home/ayu23/v9_full_results/v9_20260927_121410/hardware_raw/network_node0/NETWORK_CAPPED_100G/reduce_scatter_perf_nodes2_g4.log,0,0,0.3,0.0,0.0,Candidate columns from standard nccl-tests row; raw log remains authoritative.
/home/ayu23/v9_full_results/v9_20260927_121410/hardware_raw/network_node0/NETWORK_CAPPED_100G/reduce_scatter_perf_nodes2_g4.log,0,0,0.29,0.0,0.0,Candidate columns from standard nccl-tests row; raw log remains authoritative.
/home/ayu23/v9_full_results/v9_20260927_121410/hardware_raw/network_node0/NETWORK_CAPPED_100G/reduce_scatter_perf_nodes2_g4.log,0,0,0.29,0.0,0.0,Candidate columns from standard nccl-tests row; raw log remains authoritative.
/home/ayu23/v9_full_results/v9_20260927_121410/hardware_raw/network_node0/NETWORK_CAPPED_100G/reduce_scatter_perf_nodes2_g4.log,128,4,82.72,0.0,0.0,Candidate columns from standard nccl-tests row; raw log remains authoritative.
/home/ayu23/v9_full_results/v9_20260927_121410/hardware_raw/network_node0/NETWORK_CAPPED_100G/reduce_scatter_perf_nodes2_g4.log,256,8,79.25,0.0,0.0,Candidate columns from standard nccl-tests row; raw log remains authoritative.
/home/ayu23/v9_full_results/v9_20260927_121410/hardware_raw/network_node0/NETWORK_CAPPED_100G/reduce_scatter_perf_nodes2_g4.log,512,16,80.25,0.01,0.01,Candidate columns from standard nccl-tests row; raw log remains authoritative.
/home/ayu23/v9_full_results/v9_20260927_121410/hardware_raw/network_node0/NETWORK_CAPPED_100G/reduce_scatter_perf_nodes2_g4.log,1024,32,109.79,0.01,0.01,Candidate columns from standard nccl-tests row; raw log remains authoritative.
/home/ayu23/v9_full_results/v9_20260927_121410/hardware_raw/network_node0/NETWORK_CAPPED_100G/reduce_scatter_perf_nodes2_g4.log,2048,64,105.82,0.02,0.02,Candidate columns from standard nccl-tests row; raw log remains authoritative.
/home/ayu23/v9_full_results/v9_20260927_121410/hardware_raw/network_node0/NETWORK_CAPPED_100G/reduce_scatter_perf_nodes2_g4.log,4096,128,101.97,0.04,0.04,Candidate columns from standard nccl-tests row; raw log remains authoritative.
/home/ayu23/v9_full_results/v9_20260927_121410/hardware_raw/network_node0/NETWORK_CAPPED_100G/reduce_scatter_perf_nodes2_g4.log,8192,256,108.41,0.08,0.07,Candidate columns from standard nccl-tests row; raw log remains authoritative.
/home/ayu23/v9_full_results/v9_20260927_121410/hardware_raw/network_node0/NETWORK_CAPPED_100G/reduce_scatter_perf_nodes2_g4.log,16384,512,115.02,0.14,0.12,Candidate columns from standard nccl-tests row; raw log remains authoritative.
/home/ayu23/v9_full_results/v9_20260927_121410/hardware_raw/network_node0/NETWORK_CAPPED_100G/reduce_scatter_perf_nodes2_g4.log,32768,1024,115.21,0.28,0.25,Candidate columns from standard nccl-tests row; raw log remains authoritative.
/home/ayu23/v9_full_results/v9_20260927_121410/hardware_raw/network_node0/NETWORK_CAPPED_100G/reduce_scatter_perf_nodes2_g4.log,65536,2048,139.86,0.47,0.41,Candidate columns from standard nccl-tests row; raw log remains authoritative.
/home/ayu23/v9_full_results/v9_20260927_121410/hardware_raw/network_node0/NETWORK_CAPPED_100G/reduce_scatter_perf_nodes2_g4.log,131072,4096,149.27,0.88,0.77,Candidate columns from standard nccl-tests row; raw log remains authoritative.
/home/ayu23/v9_full_results/v9_20260927_121410/hardware_raw/network_node0/NETWORK_CAPPED_100G/reduce_scatter_perf_nodes2_g4.log,262144,8192,172.84,1.52,1.33,Candidate columns from standard nccl-tests row; raw log remains authoritative.
/home/ayu23/v9_full_results/v9_20260927_121410/hardware_raw/network_node0/NETWORK_CAPPED_100G/reduce_scatter_perf_nodes2_g4.log,524288,16384,198.33,2.64,2.31,Candidate columns from standard nccl-tests row; raw log remains authoritative.
/home/ayu23/v9_full_results/v9_20260927_121410/hardware_raw/network_node0/NETWORK_CAPPED_100G/reduce_scatter_perf_nodes2_g4.log,1048576,32768,283.16,3.7,3.24,Candidate columns from standard nccl-tests row; raw log remains authoritative.
/home/ayu23/v9_full_results/v9_20260927_121410/hardware_raw/network_node0/NETWORK_CAPPED_100G/reduce_scatter_perf_nodes2_g4.log,2097152,65536,377.21,5.56,4.86,Candidate columns from standard nccl-tests row; raw log remains authoritative.
/home/ayu23/v9_full_results/v9_20260927_121410/hardware_raw/network_node0/NETWORK_CAPPED_100G/reduce_scatter_perf_nodes2_g4.log,4194304,131072,632.37,6.63,5.8,Candidate columns from standard nccl-tests row; raw log remains authoritative.
/home/ayu23/v9_full_results/v9_20260927_121410/hardware_raw/network_node0/NETWORK_CAPPED_100G/reduce_scatter_perf_nodes2_g4.log,8388608,262144,1196.01,7.01,6.14,Candidate columns from standard nccl-tests row; raw log remains authoritative.
/home/ayu23/v9_full_results/v9_20260927_121410/hardware_raw/network_node0/NETWORK_CAPPED_100G/reduce_scatter_perf_nodes2_g4.log,16777216,524288,2162.43,7.76,6.79,Candidate columns from standard nccl-tests row; raw log remains authoritative.
/home/ayu23/v9_full_results/v9_20260927_121410/hardware_raw/network_node0/NETWORK_CAPPED_100G/reduce_scatter_perf_nodes2_g4.log,33554432,1048576,4129.08,8.13,7.11,Candidate columns from standard nccl-tests row; raw log remains authoritative.
/home/ayu23/v9_full_results/v9_20260927_121410/hardware_raw/network_node0/NETWORK_CAPPED_100G/reduce_scatter_perf_nodes2_g4.log,67108864,2097152,8327.35,8.06,7.05,Candidate columns from standard nccl-tests row; raw log remains authoritative.
/home/ayu23/v9_full_results/v9_20260927_121410/hardware_raw/network_node0/NETWORK_CAPPED_100G/reduce_scatter_perf_nodes2_g4.log,134217728,4194304,16829.7,7.98,6.98,Candidate columns from standard nccl-tests row; raw log remains authoritative.
/home/ayu23/v9_full_results/v9_20260927_121410/hardware_raw/network_node0/NETWORK_CAPPED_100G/reduce_scatter_perf_nodes2_g4.log,268435456,8388608,33795.2,7.94,6.95,Candidate columns from standard nccl-tests row; raw log remains authoritative.
/home/ayu23/v9_full_results/v9_20260927_121410/hardware_raw/network_node0/NETWORK_CAPPED_100G/reduce_scatter_perf_nodes2_g4.log,536870912,16777216,67841.1,7.91,6.92,Candidate columns from standard nccl-tests row; raw log remains authoritative.
/home/ayu23/v9_full_results/v9_20260927_121410/hardware_raw/network_node0/NETWORK_CAPPED_100G/reduce_scatter_perf_nodes2_g8.log,0,0,0.53,0.0,0.0,Candidate columns from standard nccl-tests row; raw log remains authoritative.
/home/ayu23/v9_full_results/v9_20260927_121410/hardware_raw/network_node0/NETWORK_CAPPED_100G/reduce_scatter_perf_nodes2_g8.log,0,0,0.51,0.0,0.0,Candidate columns from standard nccl-tests row; raw log remains authoritative.
/home/ayu23/v9_full_results/v9_20260927_121410/hardware_raw/network_node0/NETWORK_CAPPED_100G/reduce_scatter_perf_nodes2_g8.log,0,0,0.51,0.0,0.0,Candidate columns from standard nccl-tests row; raw log remains authoritative.
/home/ayu23/v9_full_results/v9_20260927_121410/hardware_raw/network_node0/NETWORK_CAPPED_100G/reduce_scatter_perf_nodes2_g8.log,0,0,0.51,0.0,0.0,Candidate columns from standard nccl-tests row; raw log remains authoritative.
/home/ayu23/v9_full_results/v9_20260927_121410/hardware_raw/network_node0/NETWORK_CAPPED_100G/reduce_scatter_perf_nodes2_g8.log,0,0,0.51,0.0,0.0,Candidate columns from standard nccl-tests row; raw log remains authoritative.
/home/ayu23/v9_full_results/v9_20260927_121410/hardware_raw/network_node0/NETWORK_CAPPED_100G/reduce_scatter_perf_nodes2_g8.log,256,4,106.2,0.0,0.0,Candidate columns from standard nccl-tests row; raw log remains authoritative.
/home/ayu23/v9_full_results/v9_20260927_121410/hardware_raw/network_node0/NETWORK_CAPPED_100G/reduce_scatter_perf_nodes2_g8.log,512,8,106.81,0.0,0.0,Candidate columns from standard nccl-tests row; raw log remains authoritative.
/home/ayu23/v9_full_results/v9_20260927_121410/hardware_raw/network_node0/NETWORK_CAPPED_100G/reduce_scatter_perf_nodes2_g8.log,1024,16,110.18,0.01,0.01,Candidate columns from standard nccl-tests row; raw log remains authoritative.
/home/ayu23/v9_full_results/v9_20260927_121410/hardware_raw/network_node0/NETWORK_CAPPED_100G/reduce_scatter_perf_nodes2_g8.log,2048,32,180.78,0.01,0.01,Candidate columns from standard nccl-tests row; raw log remains authoritative.
/home/ayu23/v9_full_results/v9_20260927_121410/hardware_raw/network_node0/NETWORK_CAPPED_100G/reduce_scatter_perf_nodes2_g8.log,4096,64,181.33,0.02,0.02,Candidate columns from standard nccl-tests row; raw log remains authoritative.
/home/ayu23/v9_full_results/v9_20260927_121410/hardware_raw/network_node0/NETWORK_CAPPED_100G/reduce_scatter_perf_nodes2_g8.log,8192,128,170.47,0.05,0.05,Candidate columns from standard nccl-tests row; raw log remains authoritative.
/home/ayu23/v9_full_results/v9_20260927_121410/hardware_raw/network_node0/NETWORK_CAPPED_100G/reduce_scatter_perf_nodes2_g8.log,16384,256,192.76,0.08,0.08,Candidate columns from standard nccl-tests row; raw log remains authoritative.
/home/ayu23/v9_full_results/v9_20260927_121410/hardware_raw/network_node0/NETWORK_CAPPED_100G/reduce_scatter_perf_nodes2_g8.log,32768,512,189.66,0.17,0.16,Candidate columns from standard nccl-tests row; raw log remains authoritative.
/home/ayu23/v9_full_results/v9_20260927_121410/hardware_raw/network_node0/NETWORK_CAPPED_100G/reduce_scatter_perf_nodes2_g8.log,65536,1024,194.38,0.34,0.32,Candidate columns from standard nccl-tests row; raw log remains authoritative.
/home/ayu23/v9_full_results/v9_20260927_121410/hardware_raw/network_node0/NETWORK_CAPPED_100G/reduce_scatter_perf_nodes2_g8.log,131072,2048,306.49,0.43,0.4,Candidate columns from standard nccl-tests row; raw log remains authoritative.
/home/ayu23/v9_full_results/v9_20260927_121410/hardware_raw/network_node0/NETWORK_CAPPED_100G/reduce_scatter_perf_nodes2_g8.log,262144,4096,313.16,0.84,0.78,Candidate columns from standard nccl-tests row; raw log remains authoritative.
/home/ayu23/v9_full_results/v9_20260927_121410/hardware_raw/network_node0/NETWORK_CAPPED_100G/reduce_scatter_perf_nodes2_g8.log,524288,8192,364.09,1.44,1.35,Candidate columns from standard nccl-tests row; raw log remains authoritative.
/home/ayu23/v9_full_results/v9_20260927_121410/hardware_raw/network_node0/NETWORK_CAPPED_100G/reduce_scatter_perf_nodes2_g8.log,1048576,16384,365.11,2.87,2.69,Candidate columns from standard nccl-tests row; raw log remains authoritative.
/home/ayu23/v9_full_results/v9_20260927_121410/hardware_raw/network_node0/NETWORK_CAPPED_100G/reduce_scatter_perf_nodes2_g8.log,2097152,32768,609.44,3.44,3.23,Candidate columns from standard nccl-tests row; raw log remains authoritative.
/home/ayu23/v9_full_results/v9_20260927_121410/hardware_raw/network_node0/NETWORK_CAPPED_100G/reduce_scatter_perf_nodes2_g8.log,4194304,65536,898.04,4.67,4.38,Candidate columns from standard nccl-tests row; raw log remains authoritative.
/home/ayu23/v9_full_results/v9_20260927_121410/hardware_raw/network_node0/NETWORK_CAPPED_100G/reduce_scatter_perf_nodes2_g8.log,8388608,131072,1499.91,5.59,5.24,Candidate columns from standard nccl-tests row; raw log remains authoritative.
/home/ayu23/v9_full_results/v9_20260927_121410/hardware_raw/network_node0/NETWORK_CAPPED_100G/reduce_scatter_perf_nodes2_g8.log,16777216,262144,2770.98,6.05,5.68,Candidate columns from standard nccl-tests row; raw log remains authoritative.
/home/ayu23/v9_full_results/v9_20260927_121410/hardware_raw/network_node0/NETWORK_CAPPED_100G/reduce_scatter_perf_nodes2_g8.log,33554432,524288,4521.85,7.42,6.96,Candidate columns from standard nccl-tests row; raw log remains authoritative.
/home/ayu23/v9_full_results/v9_20260927_121410/hardware_raw/network_node0/NETWORK_CAPPED_100G/reduce_scatter_perf_nodes2_g8.log,67108864,1048576,8816.04,7.61,7.14,Candidate columns from standard nccl-tests row; raw log remains authoritative.
/home/ayu23/v9_full_results/v9_20260927_121410/hardware_raw/network_node0/NETWORK_CAPPED_100G/reduce_scatter_perf_nodes2_g8.log,134217728,2097152,17434.8,7.7,7.22,Candidate columns from standard nccl-tests row; raw log remains authoritative.
/home/ayu23/v9_full_results/v9_20260927_121410/hardware_raw/network_node0/NETWORK_CAPPED_100G/reduce_scatter_perf_nodes2_g8.log,268435456,4194304,34759.0,7.72,7.24,Candidate columns from standard nccl-tests row; raw log remains authoritative.
/home/ayu23/v9_full_results/v9_20260927_121410/hardware_raw/network_node0/NETWORK_CAPPED_100G/reduce_scatter_perf_nodes2_g8.log,536870912,8388608,69512.2,7.72,7.24,Candidate columns from standard nccl-tests row; raw log remains authoritative.
/home/ayu23/v9_full_results/v9_20260927_121410/hardware_raw/network_node0/NETWORK_CAPPED_100G/alltoall_perf_nodes2_g1.log,0,0,0.13,0.0,0.0,Candidate columns from standard nccl-tests row; raw log remains authoritative.
/home/ayu23/v9_full_results/v9_20260927_121410/hardware_raw/network_node0/NETWORK_CAPPED_100G/alltoall_perf_nodes2_g1.log,0,0,0.12,0.0,0.0,Candidate columns from standard nccl-tests row; raw log remains authoritative.
/home/ayu23/v9_full_results/v9_20260927_121410/hardware_raw/network_node0/NETWORK_CAPPED_100G/alltoall_perf_nodes2_g1.log,32,4,45.09,0.0,0.0,Candidate columns from standard nccl-tests row; raw log remains authoritative.
/home/ayu23/v9_full_results/v9_20260927_121410/hardware_raw/network_node0/NETWORK_CAPPED_100G/alltoall_perf_nodes2_g1.log,64,8,41.25,0.0,0.0,Candidate columns from standard nccl-tests row; raw log remains authoritative.
/home/ayu23/v9_full_results/v9_20260927_121410/hardware_raw/network_node0/NETWORK_CAPPED_100G/alltoall_perf_nodes2_g1.log,128,16,41.32,0.0,0.0,Candidate columns from standard nccl-tests row; raw log remains authoritative.
/home/ayu23/v9_full_results/v9_20260927_121410/hardware_raw/network_node0/NETWORK_CAPPED_100G/alltoall_perf_nodes2_g1.log,256,32,41.4,0.01,0.0,Candidate columns from standard nccl-tests row; raw log remains authoritative.
/home/ayu23/v9_full_results/v9_20260927_121410/hardware_raw/network_node0/NETWORK_CAPPED_100G/alltoall_perf_nodes2_g1.log,512,64,75.95,0.01,0.0,Candidate columns from standard nccl-tests row; raw log remains authoritative.
/home/ayu23/v9_full_results/v9_20260927_121410/hardware_raw/network_node0/NETWORK_CAPPED_100G/alltoall_perf_nodes2_g1.log,1024,128,57.2,0.02,0.01,Candidate columns from standard nccl-tests row; raw log remains authoritative.
/home/ayu23/v9_full_results/v9_20260927_121410/hardware_raw/network_node0/NETWORK_CAPPED_100G/alltoall_perf_nodes2_g1.log,2048,256,59.54,0.03,0.02,Candidate columns from standard nccl-tests row; raw log remains authoritative.
/home/ayu23/v9_full_results/v9_20260927_121410/hardware_raw/network_node0/NETWORK_CAPPED_100G/alltoall_perf_nodes2_g1.log,4096,512,63.53,0.06,0.03,Candidate columns from standard nccl-tests row; raw log remains authoritative.
/home/ayu23/v9_full_results/v9_20260927_121410/hardware_raw/network_node0/NETWORK_CAPPED_100G/alltoall_perf_nodes2_g1.log,8192,1024,73.32,0.11,0.06,Candidate columns from standard nccl-tests row; raw log remains authoritative.
/home/ayu23/v9_full_results/v9_20260927_121410/hardware_raw/network_node0/NETWORK_CAPPED_100G/alltoall_perf_nodes2_g1.log,16384,2048,74.63,0.22,0.11,Candidate columns from standard nccl-tests row; raw log remains authoritative.
/home/ayu23/v9_full_results/v9_20260927_121410/hardware_raw/network_node0/NETWORK_CAPPED_100G/alltoall_perf_nodes2_g1.log,32768,4096,77.47,0.42,0.21,Candidate columns from standard nccl-tests row; raw log remains authoritative.
/home/ayu23/v9_full_results/v9_20260927_121410/hardware_raw/network_node0/NETWORK_CAPPED_100G/alltoall_perf_nodes2_g1.log,65536,8192,81.8,0.8,0.4,Candidate columns from standard nccl-tests row; raw log remains authoritative.
/home/ayu23/v9_full_results/v9_20260927_121410/hardware_raw/network_node0/NETWORK_CAPPED_100G/alltoall_perf_nodes2_g1.log,131072,16384,102.25,1.28,0.64,Candidate columns from standard nccl-tests row; raw log remains authoritative.
/home/ayu23/v9_full_results/v9_20260927_121410/hardware_raw/network_node0/NETWORK_CAPPED_100G/alltoall_perf_nodes2_g1.log,262144,32768,139.82,1.87,0.94,Candidate columns from standard nccl-tests row; raw log remains authoritative.
/home/ayu23/v9_full_results/v9_20260927_121410/hardware_raw/network_node0/NETWORK_CAPPED_100G/alltoall_perf_nodes2_g1.log,524288,65536,185.62,2.82,1.41,Candidate columns from standard nccl-tests row; raw log remains authoritative.
/home/ayu23/v9_full_results/v9_20260927_121410/hardware_raw/network_node0/NETWORK_CAPPED_100G/alltoall_perf_nodes2_g1.log,1048576,131072,264.64,3.96,1.98,Candidate columns from standard nccl-tests row; raw log remains authoritative.
/home/ayu23/v9_full_results/v9_20260927_121410/hardware_raw/network_node0/NETWORK_CAPPED_100G/alltoall_perf_nodes2_g1.log,2097152,262144,307.36,6.82,3.41,Candidate columns from standard nccl-tests row; raw log remains authoritative.
/home/ayu23/v9_full_results/v9_20260927_121410/hardware_raw/network_node0/NETWORK_CAPPED_100G/alltoall_perf_nodes2_g1.log,4194304,524288,545.94,7.68,3.84,Candidate columns from standard nccl-tests row; raw log remains authoritative.
/home/ayu23/v9_full_results/v9_20260927_121410/hardware_raw/network_node0/NETWORK_CAPPED_100G/alltoall_perf_nodes2_g1.log,8388608,1048576,866.01,9.69,4.84,Candidate columns from standard nccl-tests row; raw log remains authoritative.
/home/ayu23/v9_full_results/v9_20260927_121410/hardware_raw/network_node0/NETWORK_CAPPED_100G/alltoall_perf_nodes2_g1.log,16777216,2097152,1642.79,10.21,5.11,Candidate columns from standard nccl-tests row; raw log remains authoritative.
/home/ayu23/v9_full_results/v9_20260927_121410/hardware_raw/network_node0/NETWORK_CAPPED_100G/alltoall_perf_nodes2_g1.log,33554432,4194304,3186.3,10.53,5.27,Candidate columns from standard nccl-tests row; raw log remains authoritative.
/home/ayu23/v9_full_results/v9_20260927_121410/hardware_raw/network_node0/NETWORK_CAPPED_100G/alltoall_perf_nodes2_g1.log,67108864,8388608,6272.14,10.7,5.35,Candidate columns from standard nccl-tests row; raw log remains authoritative.
/home/ayu23/v9_full_results/v9_20260927_121410/hardware_raw/network_node0/NETWORK_CAPPED_100G/alltoall_perf_nodes2_g1.log,134217728,16777216,12478.0,10.76,5.38,Candidate columns from standard nccl-tests row; raw log remains authoritative.
/home/ayu23/v9_full_results/v9_20260927_121410/hardware_raw/network_node0/NETWORK_CAPPED_100G/alltoall_perf_nodes2_g1.log,268435456,33554432,24622.5,10.9,5.45,Candidate columns from standard nccl-tests row; raw log remains authoritative.
/home/ayu23/v9_full_results/v9_20260927_121410/hardware_raw/network_node0/NETWORK_CAPPED_100G/alltoall_perf_nodes2_g1.log,536870912,67108864,49742.9,10.79,5.4,Candidate columns from standard nccl-tests row; raw log remains authoritative.
/home/ayu23/v9_full_results/v9_20260927_121410/hardware_raw/network_node0/NETWORK_CAPPED_100G/alltoall_perf_nodes2_g4.log,0,0,0.32,0.0,0.0,Candidate columns from standard nccl-tests row; raw log remains authoritative.
/home/ayu23/v9_full_results/v9_20260927_121410/hardware_raw/network_node0/NETWORK_CAPPED_100G/alltoall_perf_nodes2_g4.log,0,0,0.3,0.0,0.0,Candidate columns from standard nccl-tests row; raw log remains authoritative.
/home/ayu23/v9_full_results/v9_20260927_121410/hardware_raw/network_node0/NETWORK_CAPPED_100G/alltoall_perf_nodes2_g4.log,0,0,0.29,0.0,0.0,Candidate columns from standard nccl-tests row; raw log remains authoritative.
/home/ayu23/v9_full_results/v9_20260927_121410/hardware_raw/network_node0/NETWORK_CAPPED_100G/alltoall_perf_nodes2_g4.log,0,0,0.3,0.0,0.0,Candidate columns from standard nccl-tests row; raw log remains authoritative.
/home/ayu23/v9_full_results/v9_20260927_121410/hardware_raw/network_node0/NETWORK_CAPPED_100G/alltoall_perf_nodes2_g4.log,128,4,95.75,0.0,0.0,Candidate columns from standard nccl-tests row; raw log remains authoritative.
/home/ayu23/v9_full_results/v9_20260927_121410/hardware_raw/network_node0/NETWORK_CAPPED_100G/alltoall_perf_nodes2_g4.log,256,8,95.6,0.0,0.0,Candidate columns from standard nccl-tests row; raw log remains authoritative.
/home/ayu23/v9_full_results/v9_20260927_121410/hardware_raw/network_node0/NETWORK_CAPPED_100G/alltoall_perf_nodes2_g4.log,512,16,96.26,0.01,0.0,Candidate columns from standard nccl-tests row; raw log remains authoritative.
/home/ayu23/v9_full_results/v9_20260927_121410/hardware_raw/network_node0/NETWORK_CAPPED_100G/alltoall_perf_nodes2_g4.log,1024,32,93.09,0.01,0.01,Candidate columns from standard nccl-tests row; raw log remains authoritative.
/home/ayu23/v9_full_results/v9_20260927_121410/hardware_raw/network_node0/NETWORK_CAPPED_100G/alltoall_perf_nodes2_g4.log,2048,64,204.03,0.01,0.01,Candidate columns from standard nccl-tests row; raw log remains authoritative.
/home/ayu23/v9_full_results/v9_20260927_121410/hardware_raw/network_node0/NETWORK_CAPPED_100G/alltoall_perf_nodes2_g4.log,4096,128,154.28,0.03,0.02,Candidate columns from standard nccl-tests row; raw log remains authoritative.
/home/ayu23/v9_full_results/v9_20260927_121410/hardware_raw/network_node0/NETWORK_CAPPED_100G/alltoall_perf_nodes2_g4.log,8192,256,165.13,0.05,0.04,Candidate columns from standard nccl-tests row; raw log remains authoritative.
/home/ayu23/v9_full_results/v9_20260927_121410/hardware_raw/network_node0/NETWORK_CAPPED_100G/alltoall_perf_nodes2_g4.log,16384,512,153.03,0.11,0.09,Candidate columns from standard nccl-tests row; raw log remains authoritative.
/home/ayu23/v9_full_results/v9_20260927_121410/hardware_raw/network_node0/NETWORK_CAPPED_100G/alltoall_perf_nodes2_g4.log,32768,1024,167.74,0.2,0.17,Candidate columns from standard nccl-tests row; raw log remains authoritative.
/home/ayu23/v9_full_results/v9_20260927_121410/hardware_raw/network_node0/NETWORK_CAPPED_100G/alltoall_perf_nodes2_g4.log,65536,2048,178.74,0.37,0.32,Candidate columns from standard nccl-tests row; raw log remains authoritative.
/home/ayu23/v9_full_results/v9_20260927_121410/hardware_raw/network_node0/NETWORK_CAPPED_100G/alltoall_perf_nodes2_g4.log,131072,4096,198.84,0.66,0.58,Candidate columns from standard nccl-tests row; raw log remains authoritative.
/home/ayu23/v9_full_results/v9_20260927_121410/hardware_raw/network_node0/NETWORK_CAPPED_100G/alltoall_perf_nodes2_g4.log,262144,8192,225.94,1.16,1.02,Candidate columns from standard nccl-tests row; raw log remains authoritative.
/home/ayu23/v9_full_results/v9_20260927_121410/hardware_raw/network_node0/NETWORK_CAPPED_100G/alltoall_perf_nodes2_g4.log,524288,16384,400.46,1.31,1.15,Candidate columns from standard nccl-tests row; raw log remains authoritative.
/home/ayu23/v9_full_results/v9_20260927_121410/hardware_raw/network_node0/NETWORK_CAPPED_100G/alltoall_perf_nodes2_g4.log,1048576,32768,651.87,1.61,1.41,Candidate columns from standard nccl-tests row; raw log remains authoritative.
/home/ayu23/v9_full_results/v9_20260927_121410/hardware_raw/network_node0/NETWORK_CAPPED_100G/alltoall_perf_nodes2_g4.log,2097152,65536,1216.85,1.72,1.51,Candidate columns from standard nccl-tests row; raw log remains authoritative.
/home/ayu23/v9_full_results/v9_20260927_121410/hardware_raw/network_node0/NETWORK_CAPPED_100G/alltoall_perf_nodes2_g4.log,4194304,131072,1598.51,2.62,2.3,Candidate columns from standard nccl-tests row; raw log remains authoritative.
/home/ayu23/v9_full_results/v9_20260927_121410/hardware_raw/network_node0/NETWORK_CAPPED_100G/alltoall_perf_nodes2_g4.log,8388608,262144,2835.38,2.96,2.59,Candidate columns from standard nccl-tests row; raw log remains authoritative.
/home/ayu23/v9_full_results/v9_20260927_121410/hardware_raw/network_node0/NETWORK_CAPPED_100G/alltoall_perf_nodes2_g4.log,16777216,524288,5320.84,3.15,2.76,Candidate columns from standard nccl-tests row; raw log remains authoritative.
/home/ayu23/v9_full_results/v9_20260927_121410/hardware_raw/network_node0/NETWORK_CAPPED_100G/alltoall_perf_nodes2_g4.log,33554432,1048576,10228.5,3.28,2.87,Candidate columns from standard nccl-tests row; raw log remains authoritative.
/home/ayu23/v9_full_results/v9_20260927_121410/hardware_raw/network_node0/NETWORK_CAPPED_100G/alltoall_perf_nodes2_g4.log,67108864,2097152,20117.2,3.34,2.92,Candidate columns from standard nccl-tests row; raw log remains authoritative.
/home/ayu23/v9_full_results/v9_20260927_121410/hardware_raw/network_node0/NETWORK_CAPPED_100G/alltoall_perf_nodes2_g4.log,134217728,4194304,44123.8,3.04,2.66,Candidate columns from standard nccl-tests row; raw log remains authoritative.
/home/ayu23/v9_full_results/v9_20260927_121410/hardware_raw/network_node0/NETWORK_CAPPED_100G/alltoall_perf_nodes2_g4.log,268435456,8388608,81443.9,3.3,2.88,Candidate columns from standard nccl-tests row; raw log remains authoritative.
/home/ayu23/v9_full_results/v9_20260927_121410/hardware_raw/network_node0/NETWORK_CAPPED_100G/alltoall_perf_nodes2_g4.log,536870912,16777216,155312.0,3.46,3.02,Candidate columns from standard nccl-tests row; raw log remains authoritative.
/home/ayu23/v9_full_results/v9_20260927_121410/hardware_raw/network_node0/NETWORK_CAPPED_100G/alltoall_perf_nodes2_g8.log,0,0,0.53,0.0,0.0,Candidate columns from standard nccl-tests row; raw log remains authoritative.
/home/ayu23/v9_full_results/v9_20260927_121410/hardware_raw/network_node0/NETWORK_CAPPED_100G/alltoall_perf_nodes2_g8.log,0,0,0.52,0.0,0.0,Candidate columns from standard nccl-tests row; raw log remains authoritative.
/home/ayu23/v9_full_results/v9_20260927_121410/hardware_raw/network_node0/NETWORK_CAPPED_100G/alltoall_perf_nodes2_g8.log,0,0,0.51,0.0,0.0,Candidate columns from standard nccl-tests row; raw log remains authoritative.
/home/ayu23/v9_full_results/v9_20260927_121410/hardware_raw/network_node0/NETWORK_CAPPED_100G/alltoall_perf_nodes2_g8.log,0,0,0.51,0.0,0.0,Candidate columns from standard nccl-tests row; raw log remains authoritative.
/home/ayu23/v9_full_results/v9_20260927_121410/hardware_raw/network_node0/NETWORK_CAPPED_100G/alltoall_perf_nodes2_g8.log,0,0,0.51,0.0,0.0,Candidate columns from standard nccl-tests row; raw log remains authoritative.
/home/ayu23/v9_full_results/v9_20260927_121410/hardware_raw/network_node0/NETWORK_CAPPED_100G/alltoall_perf_nodes2_g8.log,256,4,362.09,0.0,0.0,Candidate columns from standard nccl-tests row; raw log remains authoritative.
/home/ayu23/v9_full_results/v9_20260927_121410/hardware_raw/network_node0/NETWORK_CAPPED_100G/alltoall_perf_nodes2_g8.log,512,8,427.74,0.0,0.0,Candidate columns from standard nccl-tests row; raw log remains authoritative.
/home/ayu23/v9_full_results/v9_20260927_121410/hardware_raw/network_node0/NETWORK_CAPPED_100G/alltoall_perf_nodes2_g8.log,1024,16,424.42,0.0,0.0,Candidate columns from standard nccl-tests row; raw log remains authoritative.
/home/ayu23/v9_full_results/v9_20260927_121410/hardware_raw/network_node0/NETWORK_CAPPED_100G/alltoall_perf_nodes2_g8.log,2048,32,416.09,0.0,0.0,Candidate columns from standard nccl-tests row; raw log remains authoritative.
/home/ayu23/v9_full_results/v9_20260927_121410/hardware_raw/network_node0/NETWORK_CAPPED_100G/alltoall_perf_nodes2_g8.log,4096,64,875.35,0.0,0.0,Candidate columns from standard nccl-tests row; raw log remains authoritative.
/home/ayu23/v9_full_results/v9_20260927_121410/hardware_raw/network_node0/NETWORK_CAPPED_100G/alltoall_perf_nodes2_g8.log,8192,128,749.24,0.01,0.01,Candidate columns from standard nccl-tests row; raw log remains authoritative.
/home/ayu23/v9_full_results/v9_20260927_121410/hardware_raw/network_node0/NETWORK_CAPPED_100G/alltoall_perf_nodes2_g8.log,16384,256,817.16,0.02,0.02,Candidate columns from standard nccl-tests row; raw log remains authoritative.
/home/ayu23/v9_full_results/v9_20260927_121410/hardware_raw/network_node0/NETWORK_CAPPED_100G/alltoall_perf_nodes2_g8.log,32768,512,818.09,0.04,0.04,Candidate columns from standard nccl-tests row; raw log remains authoritative.
/home/ayu23/v9_full_results/v9_20260927_121410/hardware_raw/network_node0/NETWORK_CAPPED_100G/alltoall_perf_nodes2_g8.log,65536,1024,891.76,0.07,0.07,Candidate columns from standard nccl-tests row; raw log remains authoritative.
/home/ayu23/v9_full_results/v9_20260927_121410/hardware_raw/network_node0/NETWORK_CAPPED_100G/alltoall_perf_nodes2_g8.log,131072,2048,881.32,0.15,0.14,Candidate columns from standard nccl-tests row; raw log remains authoritative.
/home/ayu23/v9_full_results/v9_20260927_121410/hardware_raw/network_node0/NETWORK_CAPPED_100G/alltoall_perf_nodes2_g8.log,262144,4096,1017.76,0.26,0.24,Candidate columns from standard nccl-tests row; raw log remains authoritative.
/home/ayu23/v9_full_results/v9_20260927_121410/hardware_raw/network_node0/NETWORK_CAPPED_100G/alltoall_perf_nodes2_g8.log,524288,8192,1237.85,0.42,0.4,Candidate columns from standard nccl-tests row; raw log remains authoritative.
/home/ayu23/v9_full_results/v9_20260927_121410/hardware_raw/network_node0/NETWORK_CAPPED_100G/alltoall_perf_nodes2_g8.log,1048576,16384,2151.33,0.49,0.46,Candidate columns from standard nccl-tests row; raw log remains authoritative.
/home/ayu23/v9_full_results/v9_20260927_121410/hardware_raw/network_node0/NETWORK_CAPPED_100G/alltoall_perf_nodes2_g8.log,2097152,32768,3430.49,0.61,0.57,Candidate columns from standard nccl-tests row; raw log remains authoritative.
/home/ayu23/v9_full_results/v9_20260927_121410/hardware_raw/network_node0/NETWORK_CAPPED_100G/alltoall_perf_nodes2_g8.log,4194304,65536,5845.35,0.72,0.67,Candidate columns from standard nccl-tests row; raw log remains authoritative.
/home/ayu23/v9_full_results/v9_20260927_121410/hardware_raw/network_node0/NETWORK_CAPPED_100G/alltoall_perf_nodes2_g8.log,8388608,131072,9596.14,0.87,0.82,Candidate columns from standard nccl-tests row; raw log remains authoritative.
/home/ayu23/v9_full_results/v9_20260927_121410/hardware_raw/network_node0/NETWORK_CAPPED_100G/alltoall_perf_nodes2_g8.log,16777216,262144,15191.0,1.1,1.04,Candidate columns from standard nccl-tests row; raw log remains authoritative.
/home/ayu23/v9_full_results/v9_20260927_121410/hardware_raw/network_node0/NETWORK_CAPPED_100G/alltoall_perf_nodes2_g8.log,33554432,524288,26252.5,1.28,1.2,Candidate columns from standard nccl-tests row; raw log remains authoritative.
/home/ayu23/v9_full_results/v9_20260927_121410/hardware_raw/network_node0/NETWORK_CAPPED_100G/alltoall_perf_nodes2_g8.log,67108864,1048576,48933.6,1.37,1.29,Candidate columns from standard nccl-tests row; raw log remains authoritative.
/home/ayu23/v9_full_results/v9_20260927_121410/hardware_raw/network_node0/NETWORK_CAPPED_100G/alltoall_perf_nodes2_g8.log,134217728,2097152,96447.6,1.39,1.3,Candidate columns from standard nccl-tests row; raw log remains authoritative.
/home/ayu23/v9_full_results/v9_20260927_121410/hardware_raw/network_node0/NETWORK_CAPPED_100G/alltoall_perf_nodes2_g8.log,268435456,4194304,189794.0,1.41,1.33,Candidate columns from standard nccl-tests row; raw log remains authoritative.
/home/ayu23/v9_full_results/v9_20260927_121410/hardware_raw/network_node0/NETWORK_CAPPED_100G/alltoall_perf_nodes2_g8.log,536870912,8388608,379943.0,1.41,1.32,Candidate columns from standard nccl-tests row; raw log remains authoritative.
/home/ayu23/v9_full_results/v9_20260927_121410/hardware_raw/network_node0/NETWORK_CAPPED_100G/ar_exact_8.log,8,2,79.17,0.0,0.0,Candidate columns from standard nccl-tests row; raw log remains authoritative.
/home/ayu23/v9_full_results/v9_20260927_121410/hardware_raw/network_node0/NETWORK_CAPPED_100G/ar_exact_16.log,16,4,79.21,0.0,0.0,Candidate columns from standard nccl-tests row; raw log remains authoritative.
/home/ayu23/v9_full_results/v9_20260927_121410/hardware_raw/network_node0/NETWORK_CAPPED_100G/ar_exact_1024.log,1024,256,175.87,0.01,0.01,Candidate columns from standard nccl-tests row; raw log remains authoritative.
/home/ayu23/v9_full_results/v9_20260927_121410/hardware_raw/network_node0/NETWORK_CAPPED_100G/ar_exact_2048.log,2048,512,183.99,0.01,0.02,Candidate columns from standard nccl-tests row; raw log remains authoritative.
/home/ayu23/v9_full_results/v9_20260927_121410/hardware_raw/network_node0/NETWORK_CAPPED_100G/ar_exact_4096.log,4096,1024,215.97,0.02,0.04,Candidate columns from standard nccl-tests row; raw log remains authoritative.
/home/ayu23/v9_full_results/v9_20260927_121410/hardware_raw/network_node0/NETWORK_CAPPED_100G/ar_exact_16384.log,16384,4096,215.57,0.08,0.14,Candidate columns from standard nccl-tests row; raw log remains authoritative.
/home/ayu23/v9_full_results/v9_20260927_121410/hardware_raw/network_node0/NETWORK_CAPPED_100G/ar_exact_32768.log,32768,8192,237.14,0.14,0.26,Candidate columns from standard nccl-tests row; raw log remains authoritative.
/home/ayu23/v9_full_results/v9_20260927_121410/hardware_raw/network_node0/NETWORK_CAPPED_100G/ar_exact_65536.log,65536,16384,419.22,0.16,0.29,Candidate columns from standard nccl-tests row; raw log remains authoritative.
/home/ayu23/v9_full_results/v9_20260927_121410/hardware_raw/network_node0/NETWORK_CAPPED_100G/ar_exact_131072.log,131072,32768,618.03,0.21,0.4,Candidate columns from standard nccl-tests row; raw log remains authoritative.
/home/ayu23/v9_full_results/v9_20260927_121410/hardware_raw/network_node0/NETWORK_CAPPED_100G/ar_exact_262144.log,262144,65536,633.13,0.41,0.78,Candidate columns from standard nccl-tests row; raw log remains authoritative.
/home/ayu23/v9_full_results/v9_20260927_121410/hardware_raw/network_node0/NETWORK_CAPPED_100G/ar_exact_524288.log,524288,131072,804.23,0.65,1.22,Candidate columns from standard nccl-tests row; raw log remains authoritative.
/home/ayu23/v9_full_results/v9_20260927_121410/hardware_raw/network_node0/NETWORK_CAPPED_100G/ar_exact_1048576.log,1048576,262144,1475.02,0.71,1.33,Candidate columns from standard nccl-tests row; raw log remains authoritative.
/home/ayu23/v9_full_results/v9_20260927_121410/hardware_raw/network_node0/NETWORK_CAPPED_100G/ar_exact_2097152.log,2097152,524288,1410.53,1.49,2.79,Candidate columns from standard nccl-tests row; raw log remains authoritative.
/home/ayu23/v9_full_results/v9_20260927_121410/hardware_raw/network_node0/NETWORK_CAPPED_100G/ar_exact_4194304.log,4194304,1048576,1953.82,2.15,4.03,Candidate columns from standard nccl-tests row; raw log remains authoritative.
/home/ayu23/v9_full_results/v9_20260927_121410/hardware_raw/network_node0/NETWORK_CAPPED_100G/ar_exact_8388608.log,8388608,2097152,3067.49,2.73,5.13,Candidate columns from standard nccl-tests row; raw log remains authoritative.
/home/ayu23/v9_full_results/v9_20260927_121410/hardware_raw/network_node0/NETWORK_CAPPED_100G/ar_exact_16777216.log,16777216,4194304,5537.56,3.03,5.68,Candidate columns from standard nccl-tests row; raw log remains authoritative.
/home/ayu23/v9_full_results/v9_20260927_121410/hardware_raw/network_node0/NETWORK_CAPPED_100G/ar_exact_33554432.log,33554432,8388608,9140.71,3.67,6.88,Candidate columns from standard nccl-tests row; raw log remains authoritative.
/home/ayu23/v9_full_results/v9_20260927_121410/hardware_raw/network_node0/NETWORK_CAPPED_100G/ar_exact_67108864.log,67108864,16777216,18131.2,3.7,6.94,Candidate columns from standard nccl-tests row; raw log remains authoritative.
/home/ayu23/v9_full_results/v9_20260927_121410/hardware_raw/network_node0/NETWORK_CAPPED_100G/ar_exact_134217728.log,134217728,33554432,36677.2,3.66,6.86,Candidate columns from standard nccl-tests row; raw log remains authoritative.
/home/ayu23/v9_full_results/v9_20260927_121410/hardware_raw/network_node0/NETWORK_CAPPED_100G/ar_exact_268435456.log,268435456,67108864,71307.0,3.76,7.06,Candidate columns from standard nccl-tests row; raw log remains authoritative.
/home/ayu23/v9_full_results/v9_20260927_121410/hardware_raw/network_node0/NETWORK_CAPPED_100G/ar_exact_536870912.log,536870912,134217728,157160.0,3.42,6.41,Candidate columns from standard nccl-tests row; raw log remains authoritative.
/home/ayu23/v9_full_results/v9_20260927_121410/hardware_raw/network_node0/NETWORK_CAPPED_20G/sendrecv_curve.log,8,2,43.09,0.0,0.0,Candidate columns from standard nccl-tests row; raw log remains authoritative.
/home/ayu23/v9_full_results/v9_20260927_121410/hardware_raw/network_node0/NETWORK_CAPPED_20G/sendrecv_curve.log,16,4,39.19,0.0,0.0,Candidate columns from standard nccl-tests row; raw log remains authoritative.
/home/ayu23/v9_full_results/v9_20260927_121410/hardware_raw/network_node0/NETWORK_CAPPED_20G/sendrecv_curve.log,32,8,39.23,0.0,0.0,Candidate columns from standard nccl-tests row; raw log remains authoritative.
/home/ayu23/v9_full_results/v9_20260927_121410/hardware_raw/network_node0/NETWORK_CAPPED_20G/sendrecv_curve.log,64,16,39.41,0.0,0.0,Candidate columns from standard nccl-tests row; raw log remains authoritative.
/home/ayu23/v9_full_results/v9_20260927_121410/hardware_raw/network_node0/NETWORK_CAPPED_20G/sendrecv_curve.log,128,32,39.65,0.0,0.0,Candidate columns from standard nccl-tests row; raw log remains authoritative.
/home/ayu23/v9_full_results/v9_20260927_121410/hardware_raw/network_node0/NETWORK_CAPPED_20G/sendrecv_curve.log,256,64,90.97,0.0,0.0,Candidate columns from standard nccl-tests row; raw log remains authoritative.
/home/ayu23/v9_full_results/v9_20260927_121410/hardware_raw/network_node0/NETWORK_CAPPED_20G/sendrecv_curve.log,512,128,62.15,0.01,0.01,Candidate columns from standard nccl-tests row; raw log remains authoritative.
/home/ayu23/v9_full_results/v9_20260927_121410/hardware_raw/network_node0/NETWORK_CAPPED_20G/sendrecv_curve.log,1024,256,59.39,0.02,0.02,Candidate columns from standard nccl-tests row; raw log remains authoritative.
/home/ayu23/v9_full_results/v9_20260927_121410/hardware_raw/network_node0/NETWORK_CAPPED_20G/sendrecv_curve.log,2048,512,64.32,0.03,0.03,Candidate columns from standard nccl-tests row; raw log remains authoritative.
/home/ayu23/v9_full_results/v9_20260927_121410/hardware_raw/network_node0/NETWORK_CAPPED_20G/sendrecv_curve.log,4096,1024,75.91,0.05,0.05,Candidate columns from standard nccl-tests row; raw log remains authoritative.
/home/ayu23/v9_full_results/v9_20260927_121410/hardware_raw/network_node0/NETWORK_CAPPED_20G/sendrecv_curve.log,8192,2048,79.6,0.1,0.1,Candidate columns from standard nccl-tests row; raw log remains authoritative.
/home/ayu23/v9_full_results/v9_20260927_121410/hardware_raw/network_node0/NETWORK_CAPPED_20G/sendrecv_curve.log,16384,4096,81.5,0.2,0.2,Candidate columns from standard nccl-tests row; raw log remains authoritative.
/home/ayu23/v9_full_results/v9_20260927_121410/hardware_raw/network_node0/NETWORK_CAPPED_20G/sendrecv_curve.log,32768,8192,86.11,0.38,0.38,Candidate columns from standard nccl-tests row; raw log remains authoritative.
/home/ayu23/v9_full_results/v9_20260927_121410/hardware_raw/network_node0/NETWORK_CAPPED_20G/sendrecv_curve.log,65536,16384,107.72,0.61,0.61,Candidate columns from standard nccl-tests row; raw log remains authoritative.
/home/ayu23/v9_full_results/v9_20260927_121410/hardware_raw/network_node0/NETWORK_CAPPED_20G/sendrecv_curve.log,131072,32768,155.47,0.84,0.84,Candidate columns from standard nccl-tests row; raw log remains authoritative.
/home/ayu23/v9_full_results/v9_20260927_121410/hardware_raw/network_node0/NETWORK_CAPPED_20G/sendrecv_curve.log,262144,65536,264.97,0.99,0.99,Candidate columns from standard nccl-tests row; raw log remains authoritative.
/home/ayu23/v9_full_results/v9_20260927_121410/hardware_raw/network_node0/NETWORK_CAPPED_20G/sendrecv_curve.log,524288,131072,387.53,1.35,1.35,Candidate columns from standard nccl-tests row; raw log remains authoritative.
/home/ayu23/v9_full_results/v9_20260927_121410/hardware_raw/network_node0/NETWORK_CAPPED_20G/sendrecv_curve.log,1048576,262144,617.79,1.7,1.7,Candidate columns from standard nccl-tests row; raw log remains authoritative.
/home/ayu23/v9_full_results/v9_20260927_121410/hardware_raw/network_node0/NETWORK_CAPPED_20G/sendrecv_curve.log,2097152,524288,1139.48,1.84,1.84,Candidate columns from standard nccl-tests row; raw log remains authoritative.
/home/ayu23/v9_full_results/v9_20260927_121410/hardware_raw/network_node0/NETWORK_CAPPED_20G/sendrecv_curve.log,4194304,1048576,2214.72,1.89,1.89,Candidate columns from standard nccl-tests row; raw log remains authoritative.
/home/ayu23/v9_full_results/v9_20260927_121410/hardware_raw/network_node0/NETWORK_CAPPED_20G/sendrecv_curve.log,8388608,2097152,4182.28,2.01,2.01,Candidate columns from standard nccl-tests row; raw log remains authoritative.
/home/ayu23/v9_full_results/v9_20260927_121410/hardware_raw/network_node0/NETWORK_CAPPED_20G/sendrecv_curve.log,16777216,4194304,8279.27,2.03,2.03,Candidate columns from standard nccl-tests row; raw log remains authoritative.
/home/ayu23/v9_full_results/v9_20260927_121410/hardware_raw/network_node0/NETWORK_CAPPED_20G/sendrecv_curve.log,33554432,8388608,16525.4,2.03,2.03,Candidate columns from standard nccl-tests row; raw log remains authoritative.
/home/ayu23/v9_full_results/v9_20260927_121410/hardware_raw/network_node0/NETWORK_CAPPED_20G/sendrecv_curve.log,67108864,16777216,32914.3,2.04,2.04,Candidate columns from standard nccl-tests row; raw log remains authoritative.
/home/ayu23/v9_full_results/v9_20260927_121410/hardware_raw/network_node0/NETWORK_CAPPED_20G/sendrecv_curve.log,134217728,33554432,65670.8,2.04,2.04,Candidate columns from standard nccl-tests row; raw log remains authoritative.
/home/ayu23/v9_full_results/v9_20260927_121410/hardware_raw/network_node0/NETWORK_CAPPED_20G/sendrecv_curve.log,268435456,67108864,131250.0,2.05,2.05,Candidate columns from standard nccl-tests row; raw log remains authoritative.
/home/ayu23/v9_full_results/v9_20260927_121410/hardware_raw/network_node0/NETWORK_CAPPED_20G/sendrecv_curve.log,536870912,134217728,262260.0,2.05,2.05,Candidate columns from standard nccl-tests row; raw log remains authoritative.
/home/ayu23/v9_full_results/v9_20260927_121410/hardware_raw/network_node0/NETWORK_CAPPED_20G/all_reduce_perf_nodes2_g1.log,8,2,65.31,0.0,0.0,Candidate columns from standard nccl-tests row; raw log remains authoritative.
/home/ayu23/v9_full_results/v9_20260927_121410/hardware_raw/network_node0/NETWORK_CAPPED_20G/all_reduce_perf_nodes2_g1.log,16,4,57.79,0.0,0.0,Candidate columns from standard nccl-tests row; raw log remains authoritative.
/home/ayu23/v9_full_results/v9_20260927_121410/hardware_raw/network_node0/NETWORK_CAPPED_20G/all_reduce_perf_nodes2_g1.log,32,8,70.82,0.0,0.0,Candidate columns from standard nccl-tests row; raw log remains authoritative.
/home/ayu23/v9_full_results/v9_20260927_121410/hardware_raw/network_node0/NETWORK_CAPPED_20G/all_reduce_perf_nodes2_g1.log,64,16,70.64,0.0,0.0,Candidate columns from standard nccl-tests row; raw log remains authoritative.
/home/ayu23/v9_full_results/v9_20260927_121410/hardware_raw/network_node0/NETWORK_CAPPED_20G/all_reduce_perf_nodes2_g1.log,128,32,69.8,0.0,0.0,Candidate columns from standard nccl-tests row; raw log remains authoritative.
/home/ayu23/v9_full_results/v9_20260927_121410/hardware_raw/network_node0/NETWORK_CAPPED_20G/all_reduce_perf_nodes2_g1.log,256,64,110.42,0.0,0.0,Candidate columns from standard nccl-tests row; raw log remains authoritative.
/home/ayu23/v9_full_results/v9_20260927_121410/hardware_raw/network_node0/NETWORK_CAPPED_20G/all_reduce_perf_nodes2_g1.log,512,128,84.67,0.01,0.01,Candidate columns from standard nccl-tests row; raw log remains authoritative.
/home/ayu23/v9_full_results/v9_20260927_121410/hardware_raw/network_node0/NETWORK_CAPPED_20G/all_reduce_perf_nodes2_g1.log,1024,256,87.07,0.01,0.01,Candidate columns from standard nccl-tests row; raw log remains authoritative.
/home/ayu23/v9_full_results/v9_20260927_121410/hardware_raw/network_node0/NETWORK_CAPPED_20G/all_reduce_perf_nodes2_g1.log,2048,512,92.01,0.02,0.02,Candidate columns from standard nccl-tests row; raw log remains authoritative.
/home/ayu23/v9_full_results/v9_20260927_121410/hardware_raw/network_node0/NETWORK_CAPPED_20G/all_reduce_perf_nodes2_g1.log,4096,1024,115.09,0.04,0.04,Candidate columns from standard nccl-tests row; raw log remains authoritative.
/home/ayu23/v9_full_results/v9_20260927_121410/hardware_raw/network_node0/NETWORK_CAPPED_20G/all_reduce_perf_nodes2_g1.log,8192,2048,115.1,0.07,0.07,Candidate columns from standard nccl-tests row; raw log remains authoritative.
/home/ayu23/v9_full_results/v9_20260927_121410/hardware_raw/network_node0/NETWORK_CAPPED_20G/all_reduce_perf_nodes2_g1.log,16384,4096,146.72,0.11,0.11,Candidate columns from standard nccl-tests row; raw log remains authoritative.
/home/ayu23/v9_full_results/v9_20260927_121410/hardware_raw/network_node0/NETWORK_CAPPED_20G/all_reduce_perf_nodes2_g1.log,32768,8192,144.81,0.23,0.23,Candidate columns from standard nccl-tests row; raw log remains authoritative.
/home/ayu23/v9_full_results/v9_20260927_121410/hardware_raw/network_node0/NETWORK_CAPPED_20G/all_reduce_perf_nodes2_g1.log,65536,16384,160.04,0.41,0.41,Candidate columns from standard nccl-tests row; raw log remains authoritative.
/home/ayu23/v9_full_results/v9_20260927_121410/hardware_raw/network_node0/NETWORK_CAPPED_20G/all_reduce_perf_nodes2_g1.log,131072,32768,294.41,0.45,0.45,Candidate columns from standard nccl-tests row; raw log remains authoritative.
/home/ayu23/v9_full_results/v9_20260927_121410/hardware_raw/network_node0/NETWORK_CAPPED_20G/all_reduce_perf_nodes2_g1.log,262144,65536,506.52,0.52,0.52,Candidate columns from standard nccl-tests row; raw log remains authoritative.
/home/ayu23/v9_full_results/v9_20260927_121410/hardware_raw/network_node0/NETWORK_CAPPED_20G/all_reduce_perf_nodes2_g1.log,524288,131072,408.33,1.28,1.28,Candidate columns from standard nccl-tests row; raw log remains authoritative.
/home/ayu23/v9_full_results/v9_20260927_121410/hardware_raw/network_node0/NETWORK_CAPPED_20G/all_reduce_perf_nodes2_g1.log,1048576,262144,703.65,1.49,1.49,Candidate columns from standard nccl-tests row; raw log remains authoritative.
/home/ayu23/v9_full_results/v9_20260927_121410/hardware_raw/network_node0/NETWORK_CAPPED_20G/all_reduce_perf_nodes2_g1.log,2097152,524288,1157.87,1.81,1.81,Candidate columns from standard nccl-tests row; raw log remains authoritative.
/home/ayu23/v9_full_results/v9_20260927_121410/hardware_raw/network_node0/NETWORK_CAPPED_20G/all_reduce_perf_nodes2_g1.log,4194304,1048576,2191.36,1.91,1.91,Candidate columns from standard nccl-tests row; raw log remains authoritative.
/home/ayu23/v9_full_results/v9_20260927_121410/hardware_raw/network_node0/NETWORK_CAPPED_20G/all_reduce_perf_nodes2_g1.log,8388608,2097152,4257.55,1.97,1.97,Candidate columns from standard nccl-tests row; raw log remains authoritative.
/home/ayu23/v9_full_results/v9_20260927_121410/hardware_raw/network_node0/NETWORK_CAPPED_20G/all_reduce_perf_nodes2_g1.log,16777216,4194304,8441.75,1.99,1.99,Candidate columns from standard nccl-tests row; raw log remains authoritative.
/home/ayu23/v9_full_results/v9_20260927_121410/hardware_raw/network_node0/NETWORK_CAPPED_20G/all_reduce_perf_nodes2_g1.log,33554432,8388608,16721.9,2.01,2.01,Candidate columns from standard nccl-tests row; raw log remains authoritative.
/home/ayu23/v9_full_results/v9_20260927_121410/hardware_raw/network_node0/NETWORK_CAPPED_20G/all_reduce_perf_nodes2_g1.log,67108864,16777216,33076.6,2.03,2.03,Candidate columns from standard nccl-tests row; raw log remains authoritative.
/home/ayu23/v9_full_results/v9_20260927_121410/hardware_raw/network_node0/NETWORK_CAPPED_20G/all_reduce_perf_nodes2_g1.log,134217728,33554432,66087.1,2.03,2.03,Candidate columns from standard nccl-tests row; raw log remains authoritative.
/home/ayu23/v9_full_results/v9_20260927_121410/hardware_raw/network_node0/NETWORK_CAPPED_20G/all_reduce_perf_nodes2_g1.log,268435456,67108864,131657.0,2.04,2.04,Candidate columns from standard nccl-tests row; raw log remains authoritative.
/home/ayu23/v9_full_results/v9_20260927_121410/hardware_raw/network_node0/NETWORK_CAPPED_20G/all_reduce_perf_nodes2_g1.log,536870912,134217728,263201.0,2.04,2.04,Candidate columns from standard nccl-tests row; raw log remains authoritative.
/home/ayu23/v9_full_results/v9_20260927_121410/hardware_raw/network_node0/NETWORK_CAPPED_20G/all_reduce_perf_nodes2_g4.log,8,2,63.68,0.0,0.0,Candidate columns from standard nccl-tests row; raw log remains authoritative.
/home/ayu23/v9_full_results/v9_20260927_121410/hardware_raw/network_node0/NETWORK_CAPPED_20G/all_reduce_perf_nodes2_g4.log,16,4,55.86,0.0,0.0,Candidate columns from standard nccl-tests row; raw log remains authoritative.
/home/ayu23/v9_full_results/v9_20260927_121410/hardware_raw/network_node0/NETWORK_CAPPED_20G/all_reduce_perf_nodes2_g4.log,32,8,55.47,0.0,0.0,Candidate columns from standard nccl-tests row; raw log remains authoritative.
/home/ayu23/v9_full_results/v9_20260927_121410/hardware_raw/network_node0/NETWORK_CAPPED_20G/all_reduce_perf_nodes2_g4.log,64,16,57.05,0.0,0.0,Candidate columns from standard nccl-tests row; raw log remains authoritative.
/home/ayu23/v9_full_results/v9_20260927_121410/hardware_raw/network_node0/NETWORK_CAPPED_20G/all_reduce_perf_nodes2_g4.log,128,32,140.32,0.0,0.0,Candidate columns from standard nccl-tests row; raw log remains authoritative.
/home/ayu23/v9_full_results/v9_20260927_121410/hardware_raw/network_node0/NETWORK_CAPPED_20G/all_reduce_perf_nodes2_g4.log,256,64,95.14,0.0,0.0,Candidate columns from standard nccl-tests row; raw log remains authoritative.
/home/ayu23/v9_full_results/v9_20260927_121410/hardware_raw/network_node0/NETWORK_CAPPED_20G/all_reduce_perf_nodes2_g4.log,512,128,95.15,0.01,0.01,Candidate columns from standard nccl-tests row; raw log remains authoritative.
/home/ayu23/v9_full_results/v9_20260927_121410/hardware_raw/network_node0/NETWORK_CAPPED_20G/all_reduce_perf_nodes2_g4.log,1024,256,99.91,0.01,0.02,Candidate columns from standard nccl-tests row; raw log remains authoritative.
/home/ayu23/v9_full_results/v9_20260927_121410/hardware_raw/network_node0/NETWORK_CAPPED_20G/all_reduce_perf_nodes2_g4.log,2048,512,119.24,0.02,0.03,Candidate columns from standard nccl-tests row; raw log remains authoritative.
/home/ayu23/v9_full_results/v9_20260927_121410/hardware_raw/network_node0/NETWORK_CAPPED_20G/all_reduce_perf_nodes2_g4.log,4096,1024,126.71,0.03,0.06,Candidate columns from standard nccl-tests row; raw log remains authoritative.
/home/ayu23/v9_full_results/v9_20260927_121410/hardware_raw/network_node0/NETWORK_CAPPED_20G/all_reduce_perf_nodes2_g4.log,8192,2048,148.5,0.06,0.1,Candidate columns from standard nccl-tests row; raw log remains authoritative.
/home/ayu23/v9_full_results/v9_20260927_121410/hardware_raw/network_node0/NETWORK_CAPPED_20G/all_reduce_perf_nodes2_g4.log,16384,4096,141.36,0.12,0.2,Candidate columns from standard nccl-tests row; raw log remains authoritative.
/home/ayu23/v9_full_results/v9_20260927_121410/hardware_raw/network_node0/NETWORK_CAPPED_20G/all_reduce_perf_nodes2_g4.log,32768,8192,236.61,0.14,0.24,Candidate columns from standard nccl-tests row; raw log remains authoritative.
/home/ayu23/v9_full_results/v9_20260927_121410/hardware_raw/network_node0/NETWORK_CAPPED_20G/all_reduce_perf_nodes2_g4.log,65536,16384,312.69,0.21,0.37,Candidate columns from standard nccl-tests row; raw log remains authoritative.
/home/ayu23/v9_full_results/v9_20260927_121410/hardware_raw/network_node0/NETWORK_CAPPED_20G/all_reduce_perf_nodes2_g4.log,131072,32768,319.91,0.41,0.72,Candidate columns from standard nccl-tests row; raw log remains authoritative.
/home/ayu23/v9_full_results/v9_20260927_121410/hardware_raw/network_node0/NETWORK_CAPPED_20G/all_reduce_perf_nodes2_g4.log,262144,65536,528.1,0.5,0.87,Candidate columns from standard nccl-tests row; raw log remains authoritative.
/home/ayu23/v9_full_results/v9_20260927_121410/hardware_raw/network_node0/NETWORK_CAPPED_20G/all_reduce_perf_nodes2_g4.log,524288,131072,981.95,0.53,0.93,Candidate columns from standard nccl-tests row; raw log remains authoritative.
/home/ayu23/v9_full_results/v9_20260927_121410/hardware_raw/network_node0/NETWORK_CAPPED_20G/all_reduce_perf_nodes2_g4.log,1048576,262144,1045.79,1.0,1.75,Candidate columns from standard nccl-tests row; raw log remains authoritative.
/home/ayu23/v9_full_results/v9_20260927_121410/hardware_raw/network_node0/NETWORK_CAPPED_20G/all_reduce_perf_nodes2_g4.log,2097152,524288,1886.28,1.11,1.95,Candidate columns from standard nccl-tests row; raw log remains authoritative.
/home/ayu23/v9_full_results/v9_20260927_121410/hardware_raw/network_node0/NETWORK_CAPPED_20G/all_reduce_perf_nodes2_g4.log,4194304,1048576,3686.33,1.14,1.99,Candidate columns from standard nccl-tests row; raw log remains authoritative.
/home/ayu23/v9_full_results/v9_20260927_121410/hardware_raw/network_node0/NETWORK_CAPPED_20G/all_reduce_perf_nodes2_g4.log,8388608,2097152,7221.72,1.16,2.03,Candidate columns from standard nccl-tests row; raw log remains authoritative.
/home/ayu23/v9_full_results/v9_20260927_121410/hardware_raw/network_node0/NETWORK_CAPPED_20G/all_reduce_perf_nodes2_g4.log,16777216,4194304,14282.9,1.17,2.06,Candidate columns from standard nccl-tests row; raw log remains authoritative.
/home/ayu23/v9_full_results/v9_20260927_121410/hardware_raw/network_node0/NETWORK_CAPPED_20G/all_reduce_perf_nodes2_g4.log,33554432,8388608,28281.7,1.19,2.08,Candidate columns from standard nccl-tests row; raw log remains authoritative.
/home/ayu23/v9_full_results/v9_20260927_121410/hardware_raw/network_node0/NETWORK_CAPPED_20G/all_reduce_perf_nodes2_g4.log,67108864,16777216,56859.1,1.18,2.07,Candidate columns from standard nccl-tests row; raw log remains authoritative.
/home/ayu23/v9_full_results/v9_20260927_121410/hardware_raw/network_node0/NETWORK_CAPPED_20G/all_reduce_perf_nodes2_g4.log,134217728,33554432,113356.0,1.18,2.07,Candidate columns from standard nccl-tests row; raw log remains authoritative.
/home/ayu23/v9_full_results/v9_20260927_121410/hardware_raw/network_node0/NETWORK_CAPPED_20G/all_reduce_perf_nodes2_g4.log,268435456,67108864,226988.0,1.18,2.07,Candidate columns from standard nccl-tests row; raw log remains authoritative.
/home/ayu23/v9_full_results/v9_20260927_121410/hardware_raw/network_node0/NETWORK_CAPPED_20G/all_reduce_perf_nodes2_g4.log,536870912,134217728,453976.0,1.18,2.07,Candidate columns from standard nccl-tests row; raw log remains authoritative.
/home/ayu23/v9_full_results/v9_20260927_121410/hardware_raw/network_node0/NETWORK_CAPPED_20G/all_reduce_perf_nodes2_g8.log,8,2,83.09,0.0,0.0,Candidate columns from standard nccl-tests row; raw log remains authoritative.
/home/ayu23/v9_full_results/v9_20260927_121410/hardware_raw/network_node0/NETWORK_CAPPED_20G/all_reduce_perf_nodes2_g8.log,16,4,70.47,0.0,0.0,Candidate columns from standard nccl-tests row; raw log remains authoritative.
/home/ayu23/v9_full_results/v9_20260927_121410/hardware_raw/network_node0/NETWORK_CAPPED_20G/all_reduce_perf_nodes2_g8.log,32,8,70.04,0.0,0.0,Candidate columns from standard nccl-tests row; raw log remains authoritative.
/home/ayu23/v9_full_results/v9_20260927_121410/hardware_raw/network_node0/NETWORK_CAPPED_20G/all_reduce_perf_nodes2_g8.log,64,16,70.71,0.0,0.0,Candidate columns from standard nccl-tests row; raw log remains authoritative.
/home/ayu23/v9_full_results/v9_20260927_121410/hardware_raw/network_node0/NETWORK_CAPPED_20G/all_reduce_perf_nodes2_g8.log,128,32,143.16,0.0,0.0,Candidate columns from standard nccl-tests row; raw log remains authoritative.
/home/ayu23/v9_full_results/v9_20260927_121410/hardware_raw/network_node0/NETWORK_CAPPED_20G/all_reduce_perf_nodes2_g8.log,256,64,104.63,0.0,0.0,Candidate columns from standard nccl-tests row; raw log remains authoritative.
/home/ayu23/v9_full_results/v9_20260927_121410/hardware_raw/network_node0/NETWORK_CAPPED_20G/all_reduce_perf_nodes2_g8.log,512,128,104.33,0.0,0.01,Candidate columns from standard nccl-tests row; raw log remains authoritative.
/home/ayu23/v9_full_results/v9_20260927_121410/hardware_raw/network_node0/NETWORK_CAPPED_20G/all_reduce_perf_nodes2_g8.log,1024,256,116.07,0.01,0.02,Candidate columns from standard nccl-tests row; raw log remains authoritative.
/home/ayu23/v9_full_results/v9_20260927_121410/hardware_raw/network_node0/NETWORK_CAPPED_20G/all_reduce_perf_nodes2_g8.log,2048,512,130.67,0.02,0.03,Candidate columns from standard nccl-tests row; raw log remains authoritative.
/home/ayu23/v9_full_results/v9_20260927_121410/hardware_raw/network_node0/NETWORK_CAPPED_20G/all_reduce_perf_nodes2_g8.log,4096,1024,142.9,0.03,0.05,Candidate columns from standard nccl-tests row; raw log remains authoritative.
/home/ayu23/v9_full_results/v9_20260927_121410/hardware_raw/network_node0/NETWORK_CAPPED_20G/all_reduce_perf_nodes2_g8.log,8192,2048,161.18,0.05,0.1,Candidate columns from standard nccl-tests row; raw log remains authoritative.
/home/ayu23/v9_full_results/v9_20260927_121410/hardware_raw/network_node0/NETWORK_CAPPED_20G/all_reduce_perf_nodes2_g8.log,16384,4096,149.65,0.11,0.21,Candidate columns from standard nccl-tests row; raw log remains authoritative.
/home/ayu23/v9_full_results/v9_20260927_121410/hardware_raw/network_node0/NETWORK_CAPPED_20G/all_reduce_perf_nodes2_g8.log,32768,8192,166.58,0.2,0.37,Candidate columns from standard nccl-tests row; raw log remains authoritative.
/home/ayu23/v9_full_results/v9_20260927_121410/hardware_raw/network_node0/NETWORK_CAPPED_20G/all_reduce_perf_nodes2_g8.log,65536,16384,460.36,0.14,0.27,Candidate columns from standard nccl-tests row; raw log remains authoritative.
/home/ayu23/v9_full_results/v9_20260927_121410/hardware_raw/network_node0/NETWORK_CAPPED_20G/all_reduce_perf_nodes2_g8.log,131072,32768,698.72,0.19,0.35,Candidate columns from standard nccl-tests row; raw log remains authoritative.
/home/ayu23/v9_full_results/v9_20260927_121410/hardware_raw/network_node0/NETWORK_CAPPED_20G/all_reduce_perf_nodes2_g8.log,262144,65536,753.49,0.35,0.65,Candidate columns from standard nccl-tests row; raw log remains authoritative.
/home/ayu23/v9_full_results/v9_20260927_121410/hardware_raw/network_node0/NETWORK_CAPPED_20G/all_reduce_perf_nodes2_g8.log,524288,131072,1144.17,0.46,0.86,Candidate columns from standard nccl-tests row; raw log remains authoritative.
/home/ayu23/v9_full_results/v9_20260927_121410/hardware_raw/network_node0/NETWORK_CAPPED_20G/all_reduce_perf_nodes2_g8.log,1048576,262144,2128.9,0.49,0.92,Candidate columns from standard nccl-tests row; raw log remains authoritative.
/home/ayu23/v9_full_results/v9_20260927_121410/hardware_raw/network_node0/NETWORK_CAPPED_20G/all_reduce_perf_nodes2_g8.log,2097152,524288,2252.01,0.93,1.75,Candidate columns from standard nccl-tests row; raw log remains authoritative.
/home/ayu23/v9_full_results/v9_20260927_121410/hardware_raw/network_node0/NETWORK_CAPPED_20G/all_reduce_perf_nodes2_g8.log,4194304,1048576,4068.56,1.03,1.93,Candidate columns from standard nccl-tests row; raw log remains authoritative.
/home/ayu23/v9_full_results/v9_20260927_121410/hardware_raw/network_node0/NETWORK_CAPPED_20G/all_reduce_perf_nodes2_g8.log,8388608,2097152,7914.91,1.06,1.99,Candidate columns from standard nccl-tests row; raw log remains authoritative.
/home/ayu23/v9_full_results/v9_20260927_121410/hardware_raw/network_node0/NETWORK_CAPPED_20G/all_reduce_perf_nodes2_g8.log,16777216,4194304,15408.4,1.09,2.04,Candidate columns from standard nccl-tests row; raw log remains authoritative.
/home/ayu23/v9_full_results/v9_20260927_121410/hardware_raw/network_node0/NETWORK_CAPPED_20G/all_reduce_perf_nodes2_g8.log,33554432,8388608,30631.8,1.1,2.05,Candidate columns from standard nccl-tests row; raw log remains authoritative.
/home/ayu23/v9_full_results/v9_20260927_121410/hardware_raw/network_node0/NETWORK_CAPPED_20G/all_reduce_perf_nodes2_g8.log,67108864,16777216,60888.0,1.1,2.07,Candidate columns from standard nccl-tests row; raw log remains authoritative.
/home/ayu23/v9_full_results/v9_20260927_121410/hardware_raw/network_node0/NETWORK_CAPPED_20G/all_reduce_perf_nodes2_g8.log,134217728,33554432,121880.0,1.1,2.06,Candidate columns from standard nccl-tests row; raw log remains authoritative.
/home/ayu23/v9_full_results/v9_20260927_121410/hardware_raw/network_node0/NETWORK_CAPPED_20G/all_reduce_perf_nodes2_g8.log,268435456,67108864,244028.0,1.1,2.06,Candidate columns from standard nccl-tests row; raw log remains authoritative.
/home/ayu23/v9_full_results/v9_20260927_121410/hardware_raw/network_node0/NETWORK_CAPPED_20G/all_reduce_perf_nodes2_g8.log,536870912,134217728,487490.0,1.1,2.06,Candidate columns from standard nccl-tests row; raw log remains authoritative.
/home/ayu23/v9_full_results/v9_20260927_121410/hardware_raw/network_node0/NETWORK_CAPPED_20G/all_gather_perf_nodes2_g1.log,0,0,0.12,0.0,0.0,Candidate columns from standard nccl-tests row; raw log remains authoritative.
/home/ayu23/v9_full_results/v9_20260927_121410/hardware_raw/network_node0/NETWORK_CAPPED_20G/all_gather_perf_nodes2_g1.log,0,0,0.12,0.0,0.0,Candidate columns from standard nccl-tests row; raw log remains authoritative.
/home/ayu23/v9_full_results/v9_20260927_121410/hardware_raw/network_node0/NETWORK_CAPPED_20G/all_gather_perf_nodes2_g1.log,32,4,40.5,0.0,0.0,Candidate columns from standard nccl-tests row; raw log remains authoritative.
/home/ayu23/v9_full_results/v9_20260927_121410/hardware_raw/network_node0/NETWORK_CAPPED_20G/all_gather_perf_nodes2_g1.log,64,8,35.47,0.0,0.0,Candidate columns from standard nccl-tests row; raw log remains authoritative.
/home/ayu23/v9_full_results/v9_20260927_121410/hardware_raw/network_node0/NETWORK_CAPPED_20G/all_gather_perf_nodes2_g1.log,128,16,34.84,0.0,0.0,Candidate columns from standard nccl-tests row; raw log remains authoritative.
/home/ayu23/v9_full_results/v9_20260927_121410/hardware_raw/network_node0/NETWORK_CAPPED_20G/all_gather_perf_nodes2_g1.log,256,32,78.28,0.0,0.0,Candidate columns from standard nccl-tests row; raw log remains authoritative.
/home/ayu23/v9_full_results/v9_20260927_121410/hardware_raw/network_node0/NETWORK_CAPPED_20G/all_gather_perf_nodes2_g1.log,512,64,51.44,0.01,0.0,Candidate columns from standard nccl-tests row; raw log remains authoritative.
/home/ayu23/v9_full_results/v9_20260927_121410/hardware_raw/network_node0/NETWORK_CAPPED_20G/all_gather_perf_nodes2_g1.log,1024,128,45.63,0.02,0.01,Candidate columns from standard nccl-tests row; raw log remains authoritative.
/home/ayu23/v9_full_results/v9_20260927_121410/hardware_raw/network_node0/NETWORK_CAPPED_20G/all_gather_perf_nodes2_g1.log,2048,256,56.28,0.04,0.02,Candidate columns from standard nccl-tests row; raw log remains authoritative.
/home/ayu23/v9_full_results/v9_20260927_121410/hardware_raw/network_node0/NETWORK_CAPPED_20G/all_gather_perf_nodes2_g1.log,4096,512,59.48,0.07,0.03,Candidate columns from standard nccl-tests row; raw log remains authoritative.
/home/ayu23/v9_full_results/v9_20260927_121410/hardware_raw/network_node0/NETWORK_CAPPED_20G/all_gather_perf_nodes2_g1.log,8192,1024,63.77,0.13,0.06,Candidate columns from standard nccl-tests row; raw log remains authoritative.
/home/ayu23/v9_full_results/v9_20260927_121410/hardware_raw/network_node0/NETWORK_CAPPED_20G/all_gather_perf_nodes2_g1.log,16384,2048,86.62,0.19,0.09,Candidate columns from standard nccl-tests row; raw log remains authoritative.
/home/ayu23/v9_full_results/v9_20260927_121410/hardware_raw/network_node0/NETWORK_CAPPED_20G/all_gather_perf_nodes2_g1.log,32768,4096,86.53,0.38,0.19,Candidate columns from standard nccl-tests row; raw log remains authoritative.
/home/ayu23/v9_full_results/v9_20260927_121410/hardware_raw/network_node0/NETWORK_CAPPED_20G/all_gather_perf_nodes2_g1.log,65536,8192,96.52,0.68,0.34,Candidate columns from standard nccl-tests row; raw log remains authoritative.
/home/ayu23/v9_full_results/v9_20260927_121410/hardware_raw/network_node0/NETWORK_CAPPED_20G/all_gather_perf_nodes2_g1.log,131072,16384,144.02,0.91,0.46,Candidate columns from standard nccl-tests row; raw log remains authoritative.
/home/ayu23/v9_full_results/v9_20260927_121410/hardware_raw/network_node0/NETWORK_CAPPED_20G/all_gather_perf_nodes2_g1.log,262144,32768,151.56,1.73,0.86,Candidate columns from standard nccl-tests row; raw log remains authoritative.
/home/ayu23/v9_full_results/v9_20260927_121410/hardware_raw/network_node0/NETWORK_CAPPED_20G/all_gather_perf_nodes2_g1.log,524288,65536,312.4,1.68,0.84,Candidate columns from standard nccl-tests row; raw log remains authoritative.
/home/ayu23/v9_full_results/v9_20260927_121410/hardware_raw/network_node0/NETWORK_CAPPED_20G/all_gather_perf_nodes2_g1.log,1048576,131072,491.94,2.13,1.07,Candidate columns from standard nccl-tests row; raw log remains authoritative.
/home/ayu23/v9_full_results/v9_20260927_121410/hardware_raw/network_node0/NETWORK_CAPPED_20G/all_gather_perf_nodes2_g1.log,2097152,262144,628.66,3.34,1.67,Candidate columns from standard nccl-tests row; raw log remains authoritative.
/home/ayu23/v9_full_results/v9_20260927_121410/hardware_raw/network_node0/NETWORK_CAPPED_20G/all_gather_perf_nodes2_g1.log,4194304,524288,1153.79,3.64,1.82,Candidate columns from standard nccl-tests row; raw log remains authoritative.
/home/ayu23/v9_full_results/v9_20260927_121410/hardware_raw/network_node0/NETWORK_CAPPED_20G/all_gather_perf_nodes2_g1.log,8388608,1048576,2187.25,3.84,1.92,Candidate columns from standard nccl-tests row; raw log remains authoritative.
/home/ayu23/v9_full_results/v9_20260927_121410/hardware_raw/network_node0/NETWORK_CAPPED_20G/all_gather_perf_nodes2_g1.log,16777216,2097152,4286.86,3.91,1.96,Candidate columns from standard nccl-tests row; raw log remains authoritative.
/home/ayu23/v9_full_results/v9_20260927_121410/hardware_raw/network_node0/NETWORK_CAPPED_20G/all_gather_perf_nodes2_g1.log,33554432,4194304,8525.86,3.94,1.97,Candidate columns from standard nccl-tests row; raw log remains authoritative.
/home/ayu23/v9_full_results/v9_20260927_121410/hardware_raw/network_node0/NETWORK_CAPPED_20G/all_gather_perf_nodes2_g1.log,67108864,8388608,16911.2,3.97,1.98,Candidate columns from standard nccl-tests row; raw log remains authoritative.
/home/ayu23/v9_full_results/v9_20260927_121410/hardware_raw/network_node0/NETWORK_CAPPED_20G/all_gather_perf_nodes2_g1.log,134217728,16777216,33605.4,3.99,2.0,Candidate columns from standard nccl-tests row; raw log remains authoritative.
/home/ayu23/v9_full_results/v9_20260927_121410/hardware_raw/network_node0/NETWORK_CAPPED_20G/all_gather_perf_nodes2_g1.log,268435456,33554432,66807.9,4.02,2.01,Candidate columns from standard nccl-tests row; raw log remains authoritative.
/home/ayu23/v9_full_results/v9_20260927_121410/hardware_raw/network_node0/NETWORK_CAPPED_20G/all_gather_perf_nodes2_g1.log,536870912,67108864,132964.0,4.04,2.02,Candidate columns from standard nccl-tests row; raw log remains authoritative.
/home/ayu23/v9_full_results/v9_20260927_121410/hardware_raw/network_node0/NETWORK_CAPPED_20G/all_gather_perf_nodes2_g4.log,0,0,0.31,0.0,0.0,Candidate columns from standard nccl-tests row; raw log remains authoritative.
/home/ayu23/v9_full_results/v9_20260927_121410/hardware_raw/network_node0/NETWORK_CAPPED_20G/all_gather_perf_nodes2_g4.log,0,0,0.29,0.0,0.0,Candidate columns from standard nccl-tests row; raw log remains authoritative.
/home/ayu23/v9_full_results/v9_20260927_121410/hardware_raw/network_node0/NETWORK_CAPPED_20G/all_gather_perf_nodes2_g4.log,0,0,0.29,0.0,0.0,Candidate columns from standard nccl-tests row; raw log remains authoritative.
/home/ayu23/v9_full_results/v9_20260927_121410/hardware_raw/network_node0/NETWORK_CAPPED_20G/all_gather_perf_nodes2_g4.log,0,0,0.3,0.0,0.0,Candidate columns from standard nccl-tests row; raw log remains authoritative.
/home/ayu23/v9_full_results/v9_20260927_121410/hardware_raw/network_node0/NETWORK_CAPPED_20G/all_gather_perf_nodes2_g4.log,128,4,87.34,0.0,0.0,Candidate columns from standard nccl-tests row; raw log remains authoritative.
/home/ayu23/v9_full_results/v9_20260927_121410/hardware_raw/network_node0/NETWORK_CAPPED_20G/all_gather_perf_nodes2_g4.log,256,8,85.74,0.0,0.0,Candidate columns from standard nccl-tests row; raw log remains authoritative.
/home/ayu23/v9_full_results/v9_20260927_121410/hardware_raw/network_node0/NETWORK_CAPPED_20G/all_gather_perf_nodes2_g4.log,512,16,83.85,0.01,0.01,Candidate columns from standard nccl-tests row; raw log remains authoritative.
/home/ayu23/v9_full_results/v9_20260927_121410/hardware_raw/network_node0/NETWORK_CAPPED_20G/all_gather_perf_nodes2_g4.log,1024,32,110.2,0.01,0.01,Candidate columns from standard nccl-tests row; raw log remains authoritative.
/home/ayu23/v9_full_results/v9_20260927_121410/hardware_raw/network_node0/NETWORK_CAPPED_20G/all_gather_perf_nodes2_g4.log,2048,64,106.0,0.02,0.02,Candidate columns from standard nccl-tests row; raw log remains authoritative.
/home/ayu23/v9_full_results/v9_20260927_121410/hardware_raw/network_node0/NETWORK_CAPPED_20G/all_gather_perf_nodes2_g4.log,4096,128,106.84,0.04,0.03,Candidate columns from standard nccl-tests row; raw log remains authoritative.
/home/ayu23/v9_full_results/v9_20260927_121410/hardware_raw/network_node0/NETWORK_CAPPED_20G/all_gather_perf_nodes2_g4.log,8192,256,110.57,0.07,0.06,Candidate columns from standard nccl-tests row; raw log remains authoritative.
/home/ayu23/v9_full_results/v9_20260927_121410/hardware_raw/network_node0/NETWORK_CAPPED_20G/all_gather_perf_nodes2_g4.log,16384,512,117.33,0.14,0.12,Candidate columns from standard nccl-tests row; raw log remains authoritative.
/home/ayu23/v9_full_results/v9_20260927_121410/hardware_raw/network_node0/NETWORK_CAPPED_20G/all_gather_perf_nodes2_g4.log,32768,1024,120.59,0.27,0.24,Candidate columns from standard nccl-tests row; raw log remains authoritative.
/home/ayu23/v9_full_results/v9_20260927_121410/hardware_raw/network_node0/NETWORK_CAPPED_20G/all_gather_perf_nodes2_g4.log,65536,2048,170.64,0.38,0.34,Candidate columns from standard nccl-tests row; raw log remains authoritative.
/home/ayu23/v9_full_results/v9_20260927_121410/hardware_raw/network_node0/NETWORK_CAPPED_20G/all_gather_perf_nodes2_g4.log,131072,4096,170.63,0.77,0.67,Candidate columns from standard nccl-tests row; raw log remains authoritative.
/home/ayu23/v9_full_results/v9_20260927_121410/hardware_raw/network_node0/NETWORK_CAPPED_20G/all_gather_perf_nodes2_g4.log,262144,8192,269.76,0.97,0.85,Candidate columns from standard nccl-tests row; raw log remains authoritative.
/home/ayu23/v9_full_results/v9_20260927_121410/hardware_raw/network_node0/NETWORK_CAPPED_20G/all_gather_perf_nodes2_g4.log,524288,16384,287.25,1.83,1.6,Candidate columns from standard nccl-tests row; raw log remains authoritative.
/home/ayu23/v9_full_results/v9_20260927_121410/hardware_raw/network_node0/NETWORK_CAPPED_20G/all_gather_perf_nodes2_g4.log,1048576,32768,524.18,2.0,1.75,Candidate columns from standard nccl-tests row; raw log remains authoritative.
/home/ayu23/v9_full_results/v9_20260927_121410/hardware_raw/network_node0/NETWORK_CAPPED_20G/all_gather_perf_nodes2_g4.log,2097152,65536,947.25,2.21,1.94,Candidate columns from standard nccl-tests row; raw log remains authoritative.
/home/ayu23/v9_full_results/v9_20260927_121410/hardware_raw/network_node0/NETWORK_CAPPED_20G/all_gather_perf_nodes2_g4.log,4194304,131072,1860.5,2.25,1.97,Candidate columns from standard nccl-tests row; raw log remains authoritative.
/home/ayu23/v9_full_results/v9_20260927_121410/hardware_raw/network_node0/NETWORK_CAPPED_20G/all_gather_perf_nodes2_g4.log,8388608,262144,3624.6,2.31,2.03,Candidate columns from standard nccl-tests row; raw log remains authoritative.
/home/ayu23/v9_full_results/v9_20260927_121410/hardware_raw/network_node0/NETWORK_CAPPED_20G/all_gather_perf_nodes2_g4.log,16777216,524288,7129.89,2.35,2.06,Candidate columns from standard nccl-tests row; raw log remains authoritative.
/home/ayu23/v9_full_results/v9_20260927_121410/hardware_raw/network_node0/NETWORK_CAPPED_20G/all_gather_perf_nodes2_g4.log,33554432,1048576,14202.2,2.36,2.07,Candidate columns from standard nccl-tests row; raw log remains authoritative.
/home/ayu23/v9_full_results/v9_20260927_121410/hardware_raw/network_node0/NETWORK_CAPPED_20G/all_gather_perf_nodes2_g4.log,67108864,2097152,28344.8,2.37,2.07,Candidate columns from standard nccl-tests row; raw log remains authoritative.
/home/ayu23/v9_full_results/v9_20260927_121410/hardware_raw/network_node0/NETWORK_CAPPED_20G/all_gather_perf_nodes2_g4.log,134217728,4194304,56894.5,2.36,2.06,Candidate columns from standard nccl-tests row; raw log remains authoritative.
/home/ayu23/v9_full_results/v9_20260927_121410/hardware_raw/network_node0/NETWORK_CAPPED_20G/all_gather_perf_nodes2_g4.log,268435456,8388608,113698.0,2.36,2.07,Candidate columns from standard nccl-tests row; raw log remains authoritative.
/home/ayu23/v9_full_results/v9_20260927_121410/hardware_raw/network_node0/NETWORK_CAPPED_20G/all_gather_perf_nodes2_g4.log,536870912,16777216,227604.0,2.36,2.06,Candidate columns from standard nccl-tests row; raw log remains authoritative.
/home/ayu23/v9_full_results/v9_20260927_121410/hardware_raw/network_node0/NETWORK_CAPPED_20G/all_gather_perf_nodes2_g8.log,0,0,0.52,0.0,0.0,Candidate columns from standard nccl-tests row; raw log remains authoritative.
/home/ayu23/v9_full_results/v9_20260927_121410/hardware_raw/network_node0/NETWORK_CAPPED_20G/all_gather_perf_nodes2_g8.log,0,0,0.5,0.0,0.0,Candidate columns from standard nccl-tests row; raw log remains authoritative.
/home/ayu23/v9_full_results/v9_20260927_121410/hardware_raw/network_node0/NETWORK_CAPPED_20G/all_gather_perf_nodes2_g8.log,0,0,0.5,0.0,0.0,Candidate columns from standard nccl-tests row; raw log remains authoritative.
/home/ayu23/v9_full_results/v9_20260927_121410/hardware_raw/network_node0/NETWORK_CAPPED_20G/all_gather_perf_nodes2_g8.log,0,0,0.5,0.0,0.0,Candidate columns from standard nccl-tests row; raw log remains authoritative.
/home/ayu23/v9_full_results/v9_20260927_121410/hardware_raw/network_node0/NETWORK_CAPPED_20G/all_gather_perf_nodes2_g8.log,0,0,0.5,0.0,0.0,Candidate columns from standard nccl-tests row; raw log remains authoritative.
/home/ayu23/v9_full_results/v9_20260927_121410/hardware_raw/network_node0/NETWORK_CAPPED_20G/all_gather_perf_nodes2_g8.log,256,4,108.87,0.0,0.0,Candidate columns from standard nccl-tests row; raw log remains authoritative.
/home/ayu23/v9_full_results/v9_20260927_121410/hardware_raw/network_node0/NETWORK_CAPPED_20G/all_gather_perf_nodes2_g8.log,512,8,107.12,0.0,0.0,Candidate columns from standard nccl-tests row; raw log remains authoritative.
/home/ayu23/v9_full_results/v9_20260927_121410/hardware_raw/network_node0/NETWORK_CAPPED_20G/all_gather_perf_nodes2_g8.log,1024,16,106.59,0.01,0.01,Candidate columns from standard nccl-tests row; raw log remains authoritative.
/home/ayu23/v9_full_results/v9_20260927_121410/hardware_raw/network_node0/NETWORK_CAPPED_20G/all_gather_perf_nodes2_g8.log,2048,32,187.37,0.01,0.01,Candidate columns from standard nccl-tests row; raw log remains authoritative.
/home/ayu23/v9_full_results/v9_20260927_121410/hardware_raw/network_node0/NETWORK_CAPPED_20G/all_gather_perf_nodes2_g8.log,4096,64,183.99,0.02,0.02,Candidate columns from standard nccl-tests row; raw log remains authoritative.
/home/ayu23/v9_full_results/v9_20260927_121410/hardware_raw/network_node0/NETWORK_CAPPED_20G/all_gather_perf_nodes2_g8.log,8192,128,188.38,0.04,0.04,Candidate columns from standard nccl-tests row; raw log remains authoritative.
/home/ayu23/v9_full_results/v9_20260927_121410/hardware_raw/network_node0/NETWORK_CAPPED_20G/all_gather_perf_nodes2_g8.log,16384,256,199.4,0.08,0.08,Candidate columns from standard nccl-tests row; raw log remains authoritative.
/home/ayu23/v9_full_results/v9_20260927_121410/hardware_raw/network_node0/NETWORK_CAPPED_20G/all_gather_perf_nodes2_g8.log,32768,512,192.1,0.17,0.16,Candidate columns from standard nccl-tests row; raw log remains authoritative.
/home/ayu23/v9_full_results/v9_20260927_121410/hardware_raw/network_node0/NETWORK_CAPPED_20G/all_gather_perf_nodes2_g8.log,65536,1024,207.09,0.32,0.3,Candidate columns from standard nccl-tests row; raw log remains authoritative.
/home/ayu23/v9_full_results/v9_20260927_121410/hardware_raw/network_node0/NETWORK_CAPPED_20G/all_gather_perf_nodes2_g8.log,131072,2048,358.14,0.37,0.34,Candidate columns from standard nccl-tests row; raw log remains authoritative.
/home/ayu23/v9_full_results/v9_20260927_121410/hardware_raw/network_node0/NETWORK_CAPPED_20G/all_gather_perf_nodes2_g8.log,262144,4096,395.48,0.66,0.62,Candidate columns from standard nccl-tests row; raw log remains authoritative.
/home/ayu23/v9_full_results/v9_20260927_121410/hardware_raw/network_node0/NETWORK_CAPPED_20G/all_gather_perf_nodes2_g8.log,524288,8192,576.07,0.91,0.85,Candidate columns from standard nccl-tests row; raw log remains authoritative.
/home/ayu23/v9_full_results/v9_20260927_121410/hardware_raw/network_node0/NETWORK_CAPPED_20G/all_gather_perf_nodes2_g8.log,1048576,16384,577.16,1.82,1.7,Candidate columns from standard nccl-tests row; raw log remains authoritative.
/home/ayu23/v9_full_results/v9_20260927_121410/hardware_raw/network_node0/NETWORK_CAPPED_20G/all_gather_perf_nodes2_g8.log,2097152,32768,1082.71,1.94,1.82,Candidate columns from standard nccl-tests row; raw log remains authoritative.
/home/ayu23/v9_full_results/v9_20260927_121410/hardware_raw/network_node0/NETWORK_CAPPED_20G/all_gather_perf_nodes2_g8.log,4194304,65536,2045.98,2.05,1.92,Candidate columns from standard nccl-tests row; raw log remains authoritative.
/home/ayu23/v9_full_results/v9_20260927_121410/hardware_raw/network_node0/NETWORK_CAPPED_20G/all_gather_perf_nodes2_g8.log,8388608,131072,3928.57,2.14,2.0,Candidate columns from standard nccl-tests row; raw log remains authoritative.
/home/ayu23/v9_full_results/v9_20260927_121410/hardware_raw/network_node0/NETWORK_CAPPED_20G/all_gather_perf_nodes2_g8.log,16777216,262144,7788.26,2.15,2.02,Candidate columns from standard nccl-tests row; raw log remains authoritative.
/home/ayu23/v9_full_results/v9_20260927_121410/hardware_raw/network_node0/NETWORK_CAPPED_20G/all_gather_perf_nodes2_g8.log,33554432,524288,15289.8,2.19,2.06,Candidate columns from standard nccl-tests row; raw log remains authoritative.
/home/ayu23/v9_full_results/v9_20260927_121410/hardware_raw/network_node0/NETWORK_CAPPED_20G/all_gather_perf_nodes2_g8.log,67108864,1048576,30357.8,2.21,2.07,Candidate columns from standard nccl-tests row; raw log remains authoritative.
/home/ayu23/v9_full_results/v9_20260927_121410/hardware_raw/network_node0/NETWORK_CAPPED_20G/all_gather_perf_nodes2_g8.log,134217728,2097152,61004.6,2.2,2.06,Candidate columns from standard nccl-tests row; raw log remains authoritative.
/home/ayu23/v9_full_results/v9_20260927_121410/hardware_raw/network_node0/NETWORK_CAPPED_20G/all_gather_perf_nodes2_g8.log,268435456,4194304,121947.0,2.2,2.06,Candidate columns from standard nccl-tests row; raw log remains authoritative.
/home/ayu23/v9_full_results/v9_20260927_121410/hardware_raw/network_node0/NETWORK_CAPPED_20G/all_gather_perf_nodes2_g8.log,536870912,8388608,243774.0,2.2,2.06,Candidate columns from standard nccl-tests row; raw log remains authoritative.
/home/ayu23/v9_full_results/v9_20260927_121410/hardware_raw/network_node0/NETWORK_CAPPED_20G/reduce_scatter_perf_nodes2_g1.log,0,0,0.13,0.0,0.0,Candidate columns from standard nccl-tests row; raw log remains authoritative.
/home/ayu23/v9_full_results/v9_20260927_121410/hardware_raw/network_node0/NETWORK_CAPPED_20G/reduce_scatter_perf_nodes2_g1.log,0,0,0.12,0.0,0.0,Candidate columns from standard nccl-tests row; raw log remains authoritative.
/home/ayu23/v9_full_results/v9_20260927_121410/hardware_raw/network_node0/NETWORK_CAPPED_20G/reduce_scatter_perf_nodes2_g1.log,32,4,45.12,0.0,0.0,Candidate columns from standard nccl-tests row; raw log remains authoritative.
/home/ayu23/v9_full_results/v9_20260927_121410/hardware_raw/network_node0/NETWORK_CAPPED_20G/reduce_scatter_perf_nodes2_g1.log,64,8,40.4,0.0,0.0,Candidate columns from standard nccl-tests row; raw log remains authoritative.
/home/ayu23/v9_full_results/v9_20260927_121410/hardware_raw/network_node0/NETWORK_CAPPED_20G/reduce_scatter_perf_nodes2_g1.log,128,16,39.65,0.0,0.0,Candidate columns from standard nccl-tests row; raw log remains authoritative.
/home/ayu23/v9_full_results/v9_20260927_121410/hardware_raw/network_node0/NETWORK_CAPPED_20G/reduce_scatter_perf_nodes2_g1.log,256,32,74.64,0.0,0.0,Candidate columns from standard nccl-tests row; raw log remains authoritative.
/home/ayu23/v9_full_results/v9_20260927_121410/hardware_raw/network_node0/NETWORK_CAPPED_20G/reduce_scatter_perf_nodes2_g1.log,512,64,49.37,0.01,0.01,Candidate columns from standard nccl-tests row; raw log remains authoritative.
/home/ayu23/v9_full_results/v9_20260927_121410/hardware_raw/network_node0/NETWORK_CAPPED_20G/reduce_scatter_perf_nodes2_g1.log,1024,128,46.8,0.02,0.01,Candidate columns from standard nccl-tests row; raw log remains authoritative.
/home/ayu23/v9_full_results/v9_20260927_121410/hardware_raw/network_node0/NETWORK_CAPPED_20G/reduce_scatter_perf_nodes2_g1.log,2048,256,52.57,0.04,0.02,Candidate columns from standard nccl-tests row; raw log remains authoritative.
/home/ayu23/v9_full_results/v9_20260927_121410/hardware_raw/network_node0/NETWORK_CAPPED_20G/reduce_scatter_perf_nodes2_g1.log,4096,512,62.08,0.07,0.03,Candidate columns from standard nccl-tests row; raw log remains authoritative.
/home/ayu23/v9_full_results/v9_20260927_121410/hardware_raw/network_node0/NETWORK_CAPPED_20G/reduce_scatter_perf_nodes2_g1.log,8192,1024,65.68,0.12,0.06,Candidate columns from standard nccl-tests row; raw log remains authoritative.
/home/ayu23/v9_full_results/v9_20260927_121410/hardware_raw/network_node0/NETWORK_CAPPED_20G/reduce_scatter_perf_nodes2_g1.log,16384,2048,88.79,0.18,0.09,Candidate columns from standard nccl-tests row; raw log remains authoritative.
/home/ayu23/v9_full_results/v9_20260927_121410/hardware_raw/network_node0/NETWORK_CAPPED_20G/reduce_scatter_perf_nodes2_g1.log,32768,4096,83.94,0.39,0.2,Candidate columns from standard nccl-tests row; raw log remains authoritative.
/home/ayu23/v9_full_results/v9_20260927_121410/hardware_raw/network_node0/NETWORK_CAPPED_20G/reduce_scatter_perf_nodes2_g1.log,65536,8192,93.22,0.7,0.35,Candidate columns from standard nccl-tests row; raw log remains authoritative.
/home/ayu23/v9_full_results/v9_20260927_121410/hardware_raw/network_node0/NETWORK_CAPPED_20G/reduce_scatter_perf_nodes2_g1.log,131072,16384,140.8,0.93,0.47,Candidate columns from standard nccl-tests row; raw log remains authoritative.
/home/ayu23/v9_full_results/v9_20260927_121410/hardware_raw/network_node0/NETWORK_CAPPED_20G/reduce_scatter_perf_nodes2_g1.log,262144,32768,153.14,1.71,0.86,Candidate columns from standard nccl-tests row; raw log remains authoritative.
/home/ayu23/v9_full_results/v9_20260927_121410/hardware_raw/network_node0/NETWORK_CAPPED_20G/reduce_scatter_perf_nodes2_g1.log,524288,65536,292.16,1.79,0.9,Candidate columns from standard nccl-tests row; raw log remains authoritative.
/home/ayu23/v9_full_results/v9_20260927_121410/hardware_raw/network_node0/NETWORK_CAPPED_20G/reduce_scatter_perf_nodes2_g1.log,1048576,131072,516.1,2.03,1.02,Candidate columns from standard nccl-tests row; raw log remains authoritative.
/home/ayu23/v9_full_results/v9_20260927_121410/hardware_raw/network_node0/NETWORK_CAPPED_20G/reduce_scatter_perf_nodes2_g1.log,2097152,262144,640.09,3.28,1.64,Candidate columns from standard nccl-tests row; raw log remains authoritative.
/home/ayu23/v9_full_results/v9_20260927_121410/hardware_raw/network_node0/NETWORK_CAPPED_20G/reduce_scatter_perf_nodes2_g1.log,4194304,524288,1148.08,3.65,1.83,Candidate columns from standard nccl-tests row; raw log remains authoritative.
/home/ayu23/v9_full_results/v9_20260927_121410/hardware_raw/network_node0/NETWORK_CAPPED_20G/reduce_scatter_perf_nodes2_g1.log,8388608,1048576,2196.34,3.82,1.91,Candidate columns from standard nccl-tests row; raw log remains authoritative.
/home/ayu23/v9_full_results/v9_20260927_121410/hardware_raw/network_node0/NETWORK_CAPPED_20G/reduce_scatter_perf_nodes2_g1.log,16777216,2097152,4295.66,3.91,1.95,Candidate columns from standard nccl-tests row; raw log remains authoritative.
/home/ayu23/v9_full_results/v9_20260927_121410/hardware_raw/network_node0/NETWORK_CAPPED_20G/reduce_scatter_perf_nodes2_g1.log,33554432,4194304,8531.61,3.93,1.97,Candidate columns from standard nccl-tests row; raw log remains authoritative.
/home/ayu23/v9_full_results/v9_20260927_121410/hardware_raw/network_node0/NETWORK_CAPPED_20G/reduce_scatter_perf_nodes2_g1.log,67108864,8388608,16836.9,3.99,1.99,Candidate columns from standard nccl-tests row; raw log remains authoritative.
/home/ayu23/v9_full_results/v9_20260927_121410/hardware_raw/network_node0/NETWORK_CAPPED_20G/reduce_scatter_perf_nodes2_g1.log,134217728,16777216,33475.3,4.01,2.0,Candidate columns from standard nccl-tests row; raw log remains authoritative.
/home/ayu23/v9_full_results/v9_20260927_121410/hardware_raw/network_node0/NETWORK_CAPPED_20G/reduce_scatter_perf_nodes2_g1.log,268435456,33554432,66362.0,4.05,2.02,Candidate columns from standard nccl-tests row; raw log remains authoritative.
/home/ayu23/v9_full_results/v9_20260927_121410/hardware_raw/network_node0/NETWORK_CAPPED_20G/reduce_scatter_perf_nodes2_g1.log,536870912,67108864,132670.0,4.05,2.02,Candidate columns from standard nccl-tests row; raw log remains authoritative.
/home/ayu23/v9_full_results/v9_20260927_121410/hardware_raw/network_node0/NETWORK_CAPPED_20G/reduce_scatter_perf_nodes2_g4.log,0,0,0.31,0.0,0.0,Candidate columns from standard nccl-tests row; raw log remains authoritative.
/home/ayu23/v9_full_results/v9_20260927_121410/hardware_raw/network_node0/NETWORK_CAPPED_20G/reduce_scatter_perf_nodes2_g4.log,0,0,0.29,0.0,0.0,Candidate columns from standard nccl-tests row; raw log remains authoritative.
/home/ayu23/v9_full_results/v9_20260927_121410/hardware_raw/network_node0/NETWORK_CAPPED_20G/reduce_scatter_perf_nodes2_g4.log,0,0,0.29,0.0,0.0,Candidate columns from standard nccl-tests row; raw log remains authoritative.
/home/ayu23/v9_full_results/v9_20260927_121410/hardware_raw/network_node0/NETWORK_CAPPED_20G/reduce_scatter_perf_nodes2_g4.log,0,0,0.29,0.0,0.0,Candidate columns from standard nccl-tests row; raw log remains authoritative.
/home/ayu23/v9_full_results/v9_20260927_121410/hardware_raw/network_node0/NETWORK_CAPPED_20G/reduce_scatter_perf_nodes2_g4.log,128,4,79.14,0.0,0.0,Candidate columns from standard nccl-tests row; raw log remains authoritative.
/home/ayu23/v9_full_results/v9_20260927_121410/hardware_raw/network_node0/NETWORK_CAPPED_20G/reduce_scatter_perf_nodes2_g4.log,256,8,79.27,0.0,0.0,Candidate columns from standard nccl-tests row; raw log remains authoritative.
/home/ayu23/v9_full_results/v9_20260927_121410/hardware_raw/network_node0/NETWORK_CAPPED_20G/reduce_scatter_perf_nodes2_g4.log,512,16,78.12,0.01,0.01,Candidate columns from standard nccl-tests row; raw log remains authoritative.
/home/ayu23/v9_full_results/v9_20260927_121410/hardware_raw/network_node0/NETWORK_CAPPED_20G/reduce_scatter_perf_nodes2_g4.log,1024,32,104.52,0.01,0.01,Candidate columns from standard nccl-tests row; raw log remains authoritative.
/home/ayu23/v9_full_results/v9_20260927_121410/hardware_raw/network_node0/NETWORK_CAPPED_20G/reduce_scatter_perf_nodes2_g4.log,2048,64,106.71,0.02,0.02,Candidate columns from standard nccl-tests row; raw log remains authoritative.
/home/ayu23/v9_full_results/v9_20260927_121410/hardware_raw/network_node0/NETWORK_CAPPED_20G/reduce_scatter_perf_nodes2_g4.log,4096,128,101.18,0.04,0.04,Candidate columns from standard nccl-tests row; raw log remains authoritative.
/home/ayu23/v9_full_results/v9_20260927_121410/hardware_raw/network_node0/NETWORK_CAPPED_20G/reduce_scatter_perf_nodes2_g4.log,8192,256,110.49,0.07,0.06,Candidate columns from standard nccl-tests row; raw log remains authoritative.
/home/ayu23/v9_full_results/v9_20260927_121410/hardware_raw/network_node0/NETWORK_CAPPED_20G/reduce_scatter_perf_nodes2_g4.log,16384,512,122.61,0.13,0.12,Candidate columns from standard nccl-tests row; raw log remains authoritative.
/home/ayu23/v9_full_results/v9_20260927_121410/hardware_raw/network_node0/NETWORK_CAPPED_20G/reduce_scatter_perf_nodes2_g4.log,32768,1024,121.07,0.27,0.24,Candidate columns from standard nccl-tests row; raw log remains authoritative.
/home/ayu23/v9_full_results/v9_20260927_121410/hardware_raw/network_node0/NETWORK_CAPPED_20G/reduce_scatter_perf_nodes2_g4.log,65536,2048,178.94,0.37,0.32,Candidate columns from standard nccl-tests row; raw log remains authoritative.
/home/ayu23/v9_full_results/v9_20260927_121410/hardware_raw/network_node0/NETWORK_CAPPED_20G/reduce_scatter_perf_nodes2_g4.log,131072,4096,179.88,0.73,0.64,Candidate columns from standard nccl-tests row; raw log remains authoritative.
/home/ayu23/v9_full_results/v9_20260927_121410/hardware_raw/network_node0/NETWORK_CAPPED_20G/reduce_scatter_perf_nodes2_g4.log,262144,8192,270.43,0.97,0.85,Candidate columns from standard nccl-tests row; raw log remains authoritative.
/home/ayu23/v9_full_results/v9_20260927_121410/hardware_raw/network_node0/NETWORK_CAPPED_20G/reduce_scatter_perf_nodes2_g4.log,524288,16384,277.44,1.89,1.65,Candidate columns from standard nccl-tests row; raw log remains authoritative.
/home/ayu23/v9_full_results/v9_20260927_121410/hardware_raw/network_node0/NETWORK_CAPPED_20G/reduce_scatter_perf_nodes2_g4.log,1048576,32768,520.82,2.01,1.76,Candidate columns from standard nccl-tests row; raw log remains authoritative.
/home/ayu23/v9_full_results/v9_20260927_121410/hardware_raw/network_node0/NETWORK_CAPPED_20G/reduce_scatter_perf_nodes2_g4.log,2097152,65536,947.55,2.21,1.94,Candidate columns from standard nccl-tests row; raw log remains authoritative.
/home/ayu23/v9_full_results/v9_20260927_121410/hardware_raw/network_node0/NETWORK_CAPPED_20G/reduce_scatter_perf_nodes2_g4.log,4194304,131072,1865.16,2.25,1.97,Candidate columns from standard nccl-tests row; raw log remains authoritative.
/home/ayu23/v9_full_results/v9_20260927_121410/hardware_raw/network_node0/NETWORK_CAPPED_20G/reduce_scatter_perf_nodes2_g4.log,8388608,262144,3632.95,2.31,2.02,Candidate columns from standard nccl-tests row; raw log remains authoritative.
/home/ayu23/v9_full_results/v9_20260927_121410/hardware_raw/network_node0/NETWORK_CAPPED_20G/reduce_scatter_perf_nodes2_g4.log,16777216,524288,7117.58,2.36,2.06,Candidate columns from standard nccl-tests row; raw log remains authoritative.
/home/ayu23/v9_full_results/v9_20260927_121410/hardware_raw/network_node0/NETWORK_CAPPED_20G/reduce_scatter_perf_nodes2_g4.log,33554432,1048576,14205.0,2.36,2.07,Candidate columns from standard nccl-tests row; raw log remains authoritative.
/home/ayu23/v9_full_results/v9_20260927_121410/hardware_raw/network_node0/NETWORK_CAPPED_20G/reduce_scatter_perf_nodes2_g4.log,67108864,2097152,28444.5,2.36,2.06,Candidate columns from standard nccl-tests row; raw log remains authoritative.
/home/ayu23/v9_full_results/v9_20260927_121410/hardware_raw/network_node0/NETWORK_CAPPED_20G/reduce_scatter_perf_nodes2_g4.log,134217728,4194304,56979.1,2.36,2.06,Candidate columns from standard nccl-tests row; raw log remains authoritative.
/home/ayu23/v9_full_results/v9_20260927_121410/hardware_raw/network_node0/NETWORK_CAPPED_20G/reduce_scatter_perf_nodes2_g4.log,268435456,8388608,113971.0,2.36,2.06,Candidate columns from standard nccl-tests row; raw log remains authoritative.
/home/ayu23/v9_full_results/v9_20260927_121410/hardware_raw/network_node0/NETWORK_CAPPED_20G/reduce_scatter_perf_nodes2_g4.log,536870912,16777216,228038.0,2.35,2.06,Candidate columns from standard nccl-tests row; raw log remains authoritative.
/home/ayu23/v9_full_results/v9_20260927_121410/hardware_raw/network_node0/NETWORK_CAPPED_20G/reduce_scatter_perf_nodes2_g8.log,0,0,0.52,0.0,0.0,Candidate columns from standard nccl-tests row; raw log remains authoritative.
/home/ayu23/v9_full_results/v9_20260927_121410/hardware_raw/network_node0/NETWORK_CAPPED_20G/reduce_scatter_perf_nodes2_g8.log,0,0,0.51,0.0,0.0,Candidate columns from standard nccl-tests row; raw log remains authoritative.
/home/ayu23/v9_full_results/v9_20260927_121410/hardware_raw/network_node0/NETWORK_CAPPED_20G/reduce_scatter_perf_nodes2_g8.log,0,0,0.5,0.0,0.0,Candidate columns from standard nccl-tests row; raw log remains authoritative.
/home/ayu23/v9_full_results/v9_20260927_121410/hardware_raw/network_node0/NETWORK_CAPPED_20G/reduce_scatter_perf_nodes2_g8.log,0,0,0.5,0.0,0.0,Candidate columns from standard nccl-tests row; raw log remains authoritative.
/home/ayu23/v9_full_results/v9_20260927_121410/hardware_raw/network_node0/NETWORK_CAPPED_20G/reduce_scatter_perf_nodes2_g8.log,0,0,0.5,0.0,0.0,Candidate columns from standard nccl-tests row; raw log remains authoritative.
/home/ayu23/v9_full_results/v9_20260927_121410/hardware_raw/network_node0/NETWORK_CAPPED_20G/reduce_scatter_perf_nodes2_g8.log,256,4,105.72,0.0,0.0,Candidate columns from standard nccl-tests row; raw log remains authoritative.
/home/ayu23/v9_full_results/v9_20260927_121410/hardware_raw/network_node0/NETWORK_CAPPED_20G/reduce_scatter_perf_nodes2_g8.log,512,8,104.1,0.0,0.0,Candidate columns from standard nccl-tests row; raw log remains authoritative.
/home/ayu23/v9_full_results/v9_20260927_121410/hardware_raw/network_node0/NETWORK_CAPPED_20G/reduce_scatter_perf_nodes2_g8.log,1024,16,109.96,0.01,0.01,Candidate columns from standard nccl-tests row; raw log remains authoritative.
/home/ayu23/v9_full_results/v9_20260927_121410/hardware_raw/network_node0/NETWORK_CAPPED_20G/reduce_scatter_perf_nodes2_g8.log,2048,32,182.75,0.01,0.01,Candidate columns from standard nccl-tests row; raw log remains authoritative.
/home/ayu23/v9_full_results/v9_20260927_121410/hardware_raw/network_node0/NETWORK_CAPPED_20G/reduce_scatter_perf_nodes2_g8.log,4096,64,177.75,0.02,0.02,Candidate columns from standard nccl-tests row; raw log remains authoritative.
/home/ayu23/v9_full_results/v9_20260927_121410/hardware_raw/network_node0/NETWORK_CAPPED_20G/reduce_scatter_perf_nodes2_g8.log,8192,128,178.95,0.05,0.04,Candidate columns from standard nccl-tests row; raw log remains authoritative.
/home/ayu23/v9_full_results/v9_20260927_121410/hardware_raw/network_node0/NETWORK_CAPPED_20G/reduce_scatter_perf_nodes2_g8.log,16384,256,194.12,0.08,0.08,Candidate columns from standard nccl-tests row; raw log remains authoritative.
/home/ayu23/v9_full_results/v9_20260927_121410/hardware_raw/network_node0/NETWORK_CAPPED_20G/reduce_scatter_perf_nodes2_g8.log,32768,512,188.76,0.17,0.16,Candidate columns from standard nccl-tests row; raw log remains authoritative.
/home/ayu23/v9_full_results/v9_20260927_121410/hardware_raw/network_node0/NETWORK_CAPPED_20G/reduce_scatter_perf_nodes2_g8.log,65536,1024,201.57,0.33,0.3,Candidate columns from standard nccl-tests row; raw log remains authoritative.
/home/ayu23/v9_full_results/v9_20260927_121410/hardware_raw/network_node0/NETWORK_CAPPED_20G/reduce_scatter_perf_nodes2_g8.log,131072,2048,344.68,0.38,0.36,Candidate columns from standard nccl-tests row; raw log remains authoritative.
/home/ayu23/v9_full_results/v9_20260927_121410/hardware_raw/network_node0/NETWORK_CAPPED_20G/reduce_scatter_perf_nodes2_g8.log,262144,4096,376.79,0.7,0.65,Candidate columns from standard nccl-tests row; raw log remains authoritative.
/home/ayu23/v9_full_results/v9_20260927_121410/hardware_raw/network_node0/NETWORK_CAPPED_20G/reduce_scatter_perf_nodes2_g8.log,524288,8192,563.09,0.93,0.87,Candidate columns from standard nccl-tests row; raw log remains authoritative.
/home/ayu23/v9_full_results/v9_20260927_121410/hardware_raw/network_node0/NETWORK_CAPPED_20G/reduce_scatter_perf_nodes2_g8.log,1048576,16384,575.48,1.82,1.71,Candidate columns from standard nccl-tests row; raw log remains authoritative.
/home/ayu23/v9_full_results/v9_20260927_121410/hardware_raw/network_node0/NETWORK_CAPPED_20G/reduce_scatter_perf_nodes2_g8.log,2097152,32768,1078.23,1.94,1.82,Candidate columns from standard nccl-tests row; raw log remains authoritative.
/home/ayu23/v9_full_results/v9_20260927_121410/hardware_raw/network_node0/NETWORK_CAPPED_20G/reduce_scatter_perf_nodes2_g8.log,4194304,65536,2050.14,2.05,1.92,Candidate columns from standard nccl-tests row; raw log remains authoritative.
/home/ayu23/v9_full_results/v9_20260927_121410/hardware_raw/network_node0/NETWORK_CAPPED_20G/reduce_scatter_perf_nodes2_g8.log,8388608,131072,3914.24,2.14,2.01,Candidate columns from standard nccl-tests row; raw log remains authoritative.
/home/ayu23/v9_full_results/v9_20260927_121410/hardware_raw/network_node0/NETWORK_CAPPED_20G/reduce_scatter_perf_nodes2_g8.log,16777216,262144,7736.43,2.17,2.03,Candidate columns from standard nccl-tests row; raw log remains authoritative.
/home/ayu23/v9_full_results/v9_20260927_121410/hardware_raw/network_node0/NETWORK_CAPPED_20G/reduce_scatter_perf_nodes2_g8.log,33554432,524288,15416.8,2.18,2.04,Candidate columns from standard nccl-tests row; raw log remains authoritative.
/home/ayu23/v9_full_results/v9_20260927_121410/hardware_raw/network_node0/NETWORK_CAPPED_20G/reduce_scatter_perf_nodes2_g8.log,67108864,1048576,30254.5,2.22,2.08,Candidate columns from standard nccl-tests row; raw log remains authoritative.
/home/ayu23/v9_full_results/v9_20260927_121410/hardware_raw/network_node0/NETWORK_CAPPED_20G/reduce_scatter_perf_nodes2_g8.log,134217728,2097152,60793.2,2.21,2.07,Candidate columns from standard nccl-tests row; raw log remains authoritative.
/home/ayu23/v9_full_results/v9_20260927_121410/hardware_raw/network_node0/NETWORK_CAPPED_20G/reduce_scatter_perf_nodes2_g8.log,268435456,4194304,122397.0,2.19,2.06,Candidate columns from standard nccl-tests row; raw log remains authoritative.
/home/ayu23/v9_full_results/v9_20260927_121410/hardware_raw/network_node0/NETWORK_CAPPED_20G/reduce_scatter_perf_nodes2_g8.log,536870912,8388608,245230.0,2.19,2.05,Candidate columns from standard nccl-tests row; raw log remains authoritative.
/home/ayu23/v9_full_results/v9_20260927_121410/hardware_raw/network_node0/NETWORK_CAPPED_20G/alltoall_perf_nodes2_g1.log,0,0,0.13,0.0,0.0,Candidate columns from standard nccl-tests row; raw log remains authoritative.
/home/ayu23/v9_full_results/v9_20260927_121410/hardware_raw/network_node0/NETWORK_CAPPED_20G/alltoall_perf_nodes2_g1.log,0,0,0.12,0.0,0.0,Candidate columns from standard nccl-tests row; raw log remains authoritative.
/home/ayu23/v9_full_results/v9_20260927_121410/hardware_raw/network_node0/NETWORK_CAPPED_20G/alltoall_perf_nodes2_g1.log,32,4,345.51,0.0,0.0,Candidate columns from standard nccl-tests row; raw log remains authoritative.
/home/ayu23/v9_full_results/v9_20260927_121410/hardware_raw/network_node0/NETWORK_CAPPED_20G/alltoall_perf_nodes2_g1.log,64,8,42.07,0.0,0.0,Candidate columns from standard nccl-tests row; raw log remains authoritative.
/home/ayu23/v9_full_results/v9_20260927_121410/hardware_raw/network_node0/NETWORK_CAPPED_20G/alltoall_perf_nodes2_g1.log,128,16,43.01,0.0,0.0,Candidate columns from standard nccl-tests row; raw log remains authoritative.
/home/ayu23/v9_full_results/v9_20260927_121410/hardware_raw/network_node0/NETWORK_CAPPED_20G/alltoall_perf_nodes2_g1.log,256,32,42.57,0.01,0.0,Candidate columns from standard nccl-tests row; raw log remains authoritative.
/home/ayu23/v9_full_results/v9_20260927_121410/hardware_raw/network_node0/NETWORK_CAPPED_20G/alltoall_perf_nodes2_g1.log,512,64,76.47,0.01,0.0,Candidate columns from standard nccl-tests row; raw log remains authoritative.
/home/ayu23/v9_full_results/v9_20260927_121410/hardware_raw/network_node0/NETWORK_CAPPED_20G/alltoall_perf_nodes2_g1.log,1024,128,58.36,0.02,0.01,Candidate columns from standard nccl-tests row; raw log remains authoritative.
/home/ayu23/v9_full_results/v9_20260927_121410/hardware_raw/network_node0/NETWORK_CAPPED_20G/alltoall_perf_nodes2_g1.log,2048,256,60.05,0.03,0.02,Candidate columns from standard nccl-tests row; raw log remains authoritative.
/home/ayu23/v9_full_results/v9_20260927_121410/hardware_raw/network_node0/NETWORK_CAPPED_20G/alltoall_perf_nodes2_g1.log,4096,512,65.36,0.06,0.03,Candidate columns from standard nccl-tests row; raw log remains authoritative.
/home/ayu23/v9_full_results/v9_20260927_121410/hardware_raw/network_node0/NETWORK_CAPPED_20G/alltoall_perf_nodes2_g1.log,8192,1024,73.38,0.11,0.06,Candidate columns from standard nccl-tests row; raw log remains authoritative.
/home/ayu23/v9_full_results/v9_20260927_121410/hardware_raw/network_node0/NETWORK_CAPPED_20G/alltoall_perf_nodes2_g1.log,16384,2048,76.58,0.21,0.11,Candidate columns from standard nccl-tests row; raw log remains authoritative.
/home/ayu23/v9_full_results/v9_20260927_121410/hardware_raw/network_node0/NETWORK_CAPPED_20G/alltoall_perf_nodes2_g1.log,32768,4096,77.02,0.43,0.21,Candidate columns from standard nccl-tests row; raw log remains authoritative.
/home/ayu23/v9_full_results/v9_20260927_121410/hardware_raw/network_node0/NETWORK_CAPPED_20G/alltoall_perf_nodes2_g1.log,65536,8192,83.23,0.79,0.39,Candidate columns from standard nccl-tests row; raw log remains authoritative.
/home/ayu23/v9_full_results/v9_20260927_121410/hardware_raw/network_node0/NETWORK_CAPPED_20G/alltoall_perf_nodes2_g1.log,131072,16384,106.4,1.23,0.62,Candidate columns from standard nccl-tests row; raw log remains authoritative.
/home/ayu23/v9_full_results/v9_20260927_121410/hardware_raw/network_node0/NETWORK_CAPPED_20G/alltoall_perf_nodes2_g1.log,262144,32768,158.81,1.65,0.83,Candidate columns from standard nccl-tests row; raw log remains authoritative.
/home/ayu23/v9_full_results/v9_20260927_121410/hardware_raw/network_node0/NETWORK_CAPPED_20G/alltoall_perf_nodes2_g1.log,524288,65536,270.43,1.94,0.97,Candidate columns from standard nccl-tests row; raw log remains authoritative.
/home/ayu23/v9_full_results/v9_20260927_121410/hardware_raw/network_node0/NETWORK_CAPPED_20G/alltoall_perf_nodes2_g1.log,1048576,131072,382.64,2.74,1.37,Candidate columns from standard nccl-tests row; raw log remains authoritative.
/home/ayu23/v9_full_results/v9_20260927_121410/hardware_raw/network_node0/NETWORK_CAPPED_20G/alltoall_perf_nodes2_g1.log,2097152,262144,617.55,3.4,1.7,Candidate columns from standard nccl-tests row; raw log remains authoritative.
/home/ayu23/v9_full_results/v9_20260927_121410/hardware_raw/network_node0/NETWORK_CAPPED_20G/alltoall_perf_nodes2_g1.log,4194304,524288,1140.95,3.68,1.84,Candidate columns from standard nccl-tests row; raw log remains authoritative.
/home/ayu23/v9_full_results/v9_20260927_121410/hardware_raw/network_node0/NETWORK_CAPPED_20G/alltoall_perf_nodes2_g1.log,8388608,1048576,2210.74,3.79,1.9,Candidate columns from standard nccl-tests row; raw log remains authoritative.
/home/ayu23/v9_full_results/v9_20260927_121410/hardware_raw/network_node0/NETWORK_CAPPED_20G/alltoall_perf_nodes2_g1.log,16777216,2097152,4170.8,4.02,2.01,Candidate columns from standard nccl-tests row; raw log remains authoritative.
/home/ayu23/v9_full_results/v9_20260927_121410/hardware_raw/network_node0/NETWORK_CAPPED_20G/alltoall_perf_nodes2_g1.log,33554432,4194304,8263.08,4.06,2.03,Candidate columns from standard nccl-tests row; raw log remains authoritative.
/home/ayu23/v9_full_results/v9_20260927_121410/hardware_raw/network_node0/NETWORK_CAPPED_20G/alltoall_perf_nodes2_g1.log,67108864,8388608,16547.5,4.06,2.03,Candidate columns from standard nccl-tests row; raw log remains authoritative.
/home/ayu23/v9_full_results/v9_20260927_121410/hardware_raw/network_node0/NETWORK_CAPPED_20G/alltoall_perf_nodes2_g1.log,134217728,16777216,32868.7,4.08,2.04,Candidate columns from standard nccl-tests row; raw log remains authoritative.
/home/ayu23/v9_full_results/v9_20260927_121410/hardware_raw/network_node0/NETWORK_CAPPED_20G/alltoall_perf_nodes2_g1.log,268435456,33554432,65616.7,4.09,2.05,Candidate columns from standard nccl-tests row; raw log remains authoritative.
/home/ayu23/v9_full_results/v9_20260927_121410/hardware_raw/network_node0/NETWORK_CAPPED_20G/alltoall_perf_nodes2_g1.log,536870912,67108864,131160.0,4.09,2.05,Candidate columns from standard nccl-tests row; raw log remains authoritative.
/home/ayu23/v9_full_results/v9_20260927_121410/hardware_raw/network_node0/NETWORK_CAPPED_20G/alltoall_perf_nodes2_g4.log,0,0,0.32,0.0,0.0,Candidate columns from standard nccl-tests row; raw log remains authoritative.
/home/ayu23/v9_full_results/v9_20260927_121410/hardware_raw/network_node0/NETWORK_CAPPED_20G/alltoall_perf_nodes2_g4.log,0,0,0.3,0.0,0.0,Candidate columns from standard nccl-tests row; raw log remains authoritative.
/home/ayu23/v9_full_results/v9_20260927_121410/hardware_raw/network_node0/NETWORK_CAPPED_20G/alltoall_perf_nodes2_g4.log,0,0,0.3,0.0,0.0,Candidate columns from standard nccl-tests row; raw log remains authoritative.
/home/ayu23/v9_full_results/v9_20260927_121410/hardware_raw/network_node0/NETWORK_CAPPED_20G/alltoall_perf_nodes2_g4.log,0,0,0.3,0.0,0.0,Candidate columns from standard nccl-tests row; raw log remains authoritative.
/home/ayu23/v9_full_results/v9_20260927_121410/hardware_raw/network_node0/NETWORK_CAPPED_20G/alltoall_perf_nodes2_g4.log,128,4,101.46,0.0,0.0,Candidate columns from standard nccl-tests row; raw log remains authoritative.
/home/ayu23/v9_full_results/v9_20260927_121410/hardware_raw/network_node0/NETWORK_CAPPED_20G/alltoall_perf_nodes2_g4.log,256,8,101.53,0.0,0.0,Candidate columns from standard nccl-tests row; raw log remains authoritative.
/home/ayu23/v9_full_results/v9_20260927_121410/hardware_raw/network_node0/NETWORK_CAPPED_20G/alltoall_perf_nodes2_g4.log,512,16,101.19,0.01,0.0,Candidate columns from standard nccl-tests row; raw log remains authoritative.
/home/ayu23/v9_full_results/v9_20260927_121410/hardware_raw/network_node0/NETWORK_CAPPED_20G/alltoall_perf_nodes2_g4.log,1024,32,97.14,0.01,0.01,Candidate columns from standard nccl-tests row; raw log remains authoritative.
/home/ayu23/v9_full_results/v9_20260927_121410/hardware_raw/network_node0/NETWORK_CAPPED_20G/alltoall_perf_nodes2_g4.log,2048,64,219.52,0.01,0.01,Candidate columns from standard nccl-tests row; raw log remains authoritative.
/home/ayu23/v9_full_results/v9_20260927_121410/hardware_raw/network_node0/NETWORK_CAPPED_20G/alltoall_perf_nodes2_g4.log,4096,128,166.15,0.02,0.02,Candidate columns from standard nccl-tests row; raw log remains authoritative.
/home/ayu23/v9_full_results/v9_20260927_121410/hardware_raw/network_node0/NETWORK_CAPPED_20G/alltoall_perf_nodes2_g4.log,8192,256,173.04,0.05,0.04,Candidate columns from standard nccl-tests row; raw log remains authoritative.
/home/ayu23/v9_full_results/v9_20260927_121410/hardware_raw/network_node0/NETWORK_CAPPED_20G/alltoall_perf_nodes2_g4.log,16384,512,171.72,0.1,0.08,Candidate columns from standard nccl-tests row; raw log remains authoritative.
/home/ayu23/v9_full_results/v9_20260927_121410/hardware_raw/network_node0/NETWORK_CAPPED_20G/alltoall_perf_nodes2_g4.log,32768,1024,208.11,0.16,0.14,Candidate columns from standard nccl-tests row; raw log remains authoritative.
/home/ayu23/v9_full_results/v9_20260927_121410/hardware_raw/network_node0/NETWORK_CAPPED_20G/alltoall_perf_nodes2_g4.log,65536,2048,227.74,0.29,0.25,Candidate columns from standard nccl-tests row; raw log remains authoritative.
/home/ayu23/v9_full_results/v9_20260927_121410/hardware_raw/network_node0/NETWORK_CAPPED_20G/alltoall_perf_nodes2_g4.log,131072,4096,216.79,0.6,0.53,Candidate columns from standard nccl-tests row; raw log remains authoritative.
/home/ayu23/v9_full_results/v9_20260927_121410/hardware_raw/network_node0/NETWORK_CAPPED_20G/alltoall_perf_nodes2_g4.log,262144,8192,333.72,0.79,0.69,Candidate columns from standard nccl-tests row; raw log remains authoritative.
/home/ayu23/v9_full_results/v9_20260927_121410/hardware_raw/network_node0/NETWORK_CAPPED_20G/alltoall_perf_nodes2_g4.log,524288,16384,684.99,0.77,0.67,Candidate columns from standard nccl-tests row; raw log remains authoritative.
/home/ayu23/v9_full_results/v9_20260927_121410/hardware_raw/network_node0/NETWORK_CAPPED_20G/alltoall_perf_nodes2_g4.log,1048576,32768,1178.54,0.89,0.78,Candidate columns from standard nccl-tests row; raw log remains authoritative.
/home/ayu23/v9_full_results/v9_20260927_121410/hardware_raw/network_node0/NETWORK_CAPPED_20G/alltoall_perf_nodes2_g4.log,2097152,65536,2274.51,0.92,0.81,Candidate columns from standard nccl-tests row; raw log remains authoritative.
/home/ayu23/v9_full_results/v9_20260927_121410/hardware_raw/network_node0/NETWORK_CAPPED_20G/alltoall_perf_nodes2_g4.log,4194304,131072,4390.83,0.96,0.84,Candidate columns from standard nccl-tests row; raw log remains authoritative.
/home/ayu23/v9_full_results/v9_20260927_121410/hardware_raw/network_node0/NETWORK_CAPPED_20G/alltoall_perf_nodes2_g4.log,8388608,262144,8564.9,0.98,0.86,Candidate columns from standard nccl-tests row; raw log remains authoritative.
/home/ayu23/v9_full_results/v9_20260927_121410/hardware_raw/network_node0/NETWORK_CAPPED_20G/alltoall_perf_nodes2_g4.log,16777216,524288,16969.1,0.99,0.87,Candidate columns from standard nccl-tests row; raw log remains authoritative.
/home/ayu23/v9_full_results/v9_20260927_121410/hardware_raw/network_node0/NETWORK_CAPPED_20G/alltoall_perf_nodes2_g4.log,33554432,1048576,33474.7,1.0,0.88,Candidate columns from standard nccl-tests row; raw log remains authoritative.
/home/ayu23/v9_full_results/v9_20260927_121410/hardware_raw/network_node0/NETWORK_CAPPED_20G/alltoall_perf_nodes2_g4.log,67108864,2097152,66582.2,1.01,0.88,Candidate columns from standard nccl-tests row; raw log remains authoritative.
/home/ayu23/v9_full_results/v9_20260927_121410/hardware_raw/network_node0/NETWORK_CAPPED_20G/alltoall_perf_nodes2_g4.log,134217728,4194304,133539.0,1.01,0.88,Candidate columns from standard nccl-tests row; raw log remains authoritative.
/home/ayu23/v9_full_results/v9_20260927_121410/hardware_raw/network_node0/NETWORK_CAPPED_20G/alltoall_perf_nodes2_g4.log,268435456,8388608,266736.0,1.01,0.88,Candidate columns from standard nccl-tests row; raw log remains authoritative.
/home/ayu23/v9_full_results/v9_20260927_121410/hardware_raw/network_node0/NETWORK_CAPPED_20G/alltoall_perf_nodes2_g4.log,536870912,16777216,534995.0,1.0,0.88,Candidate columns from standard nccl-tests row; raw log remains authoritative.
/home/ayu23/v9_full_results/v9_20260927_121410/hardware_raw/network_node0/NETWORK_CAPPED_20G/alltoall_perf_nodes2_g8.log,0,0,0.62,0.0,0.0,Candidate columns from standard nccl-tests row; raw log remains authoritative.
/home/ayu23/v9_full_results/v9_20260927_121410/hardware_raw/network_node0/NETWORK_CAPPED_20G/alltoall_perf_nodes2_g8.log,0,0,0.52,0.0,0.0,Candidate columns from standard nccl-tests row; raw log remains authoritative.
/home/ayu23/v9_full_results/v9_20260927_121410/hardware_raw/network_node0/NETWORK_CAPPED_20G/alltoall_perf_nodes2_g8.log,0,0,0.51,0.0,0.0,Candidate columns from standard nccl-tests row; raw log remains authoritative.
/home/ayu23/v9_full_results/v9_20260927_121410/hardware_raw/network_node0/NETWORK_CAPPED_20G/alltoall_perf_nodes2_g8.log,0,0,0.51,0.0,0.0,Candidate columns from standard nccl-tests row; raw log remains authoritative.
/home/ayu23/v9_full_results/v9_20260927_121410/hardware_raw/network_node0/NETWORK_CAPPED_20G/alltoall_perf_nodes2_g8.log,0,0,0.51,0.0,0.0,Candidate columns from standard nccl-tests row; raw log remains authoritative.
/home/ayu23/v9_full_results/v9_20260927_121410/hardware_raw/network_node0/NETWORK_CAPPED_20G/alltoall_perf_nodes2_g8.log,256,4,364.97,0.0,0.0,Candidate columns from standard nccl-tests row; raw log remains authoritative.
/home/ayu23/v9_full_results/v9_20260927_121410/hardware_raw/network_node0/NETWORK_CAPPED_20G/alltoall_perf_nodes2_g8.log,512,8,443.5,0.0,0.0,Candidate columns from standard nccl-tests row; raw log remains authoritative.
/home/ayu23/v9_full_results/v9_20260927_121410/hardware_raw/network_node0/NETWORK_CAPPED_20G/alltoall_perf_nodes2_g8.log,1024,16,464.3,0.0,0.0,Candidate columns from standard nccl-tests row; raw log remains authoritative.
/home/ayu23/v9_full_results/v9_20260927_121410/hardware_raw/network_node0/NETWORK_CAPPED_20G/alltoall_perf_nodes2_g8.log,2048,32,457.11,0.0,0.0,Candidate columns from standard nccl-tests row; raw log remains authoritative.
/home/ayu23/v9_full_results/v9_20260927_121410/hardware_raw/network_node0/NETWORK_CAPPED_20G/alltoall_perf_nodes2_g8.log,4096,64,883.54,0.0,0.0,Candidate columns from standard nccl-tests row; raw log remains authoritative.
/home/ayu23/v9_full_results/v9_20260927_121410/hardware_raw/network_node0/NETWORK_CAPPED_20G/alltoall_perf_nodes2_g8.log,8192,128,726.84,0.01,0.01,Candidate columns from standard nccl-tests row; raw log remains authoritative.
/home/ayu23/v9_full_results/v9_20260927_121410/hardware_raw/network_node0/NETWORK_CAPPED_20G/alltoall_perf_nodes2_g8.log,16384,256,816.74,0.02,0.02,Candidate columns from standard nccl-tests row; raw log remains authoritative.
/home/ayu23/v9_full_results/v9_20260927_121410/hardware_raw/network_node0/NETWORK_CAPPED_20G/alltoall_perf_nodes2_g8.log,32768,512,846.06,0.04,0.04,Candidate columns from standard nccl-tests row; raw log remains authoritative.
/home/ayu23/v9_full_results/v9_20260927_121410/hardware_raw/network_node0/NETWORK_CAPPED_20G/alltoall_perf_nodes2_g8.log,65536,1024,979.06,0.07,0.06,Candidate columns from standard nccl-tests row; raw log remains authoritative.
/home/ayu23/v9_full_results/v9_20260927_121410/hardware_raw/network_node0/NETWORK_CAPPED_20G/alltoall_perf_nodes2_g8.log,131072,2048,1065.62,0.12,0.12,Candidate columns from standard nccl-tests row; raw log remains authoritative.
/home/ayu23/v9_full_results/v9_20260927_121410/hardware_raw/network_node0/NETWORK_CAPPED_20G/alltoall_perf_nodes2_g8.log,262144,4096,1361.41,0.19,0.18,Candidate columns from standard nccl-tests row; raw log remains authoritative.
/home/ayu23/v9_full_results/v9_20260927_121410/hardware_raw/network_node0/NETWORK_CAPPED_20G/alltoall_perf_nodes2_g8.log,524288,8192,2045.45,0.26,0.24,Candidate columns from standard nccl-tests row; raw log remains authoritative.
/home/ayu23/v9_full_results/v9_20260927_121410/hardware_raw/network_node0/NETWORK_CAPPED_20G/alltoall_perf_nodes2_g8.log,1048576,16384,3012.81,0.35,0.33,Candidate columns from standard nccl-tests row; raw log remains authoritative.
/home/ayu23/v9_full_results/v9_20260927_121410/hardware_raw/network_node0/NETWORK_CAPPED_20G/alltoall_perf_nodes2_g8.log,2097152,32768,5567.09,0.38,0.35,Candidate columns from standard nccl-tests row; raw log remains authoritative.
/home/ayu23/v9_full_results/v9_20260927_121410/hardware_raw/network_node0/NETWORK_CAPPED_20G/alltoall_perf_nodes2_g8.log,4194304,65536,10079.7,0.42,0.39,Candidate columns from standard nccl-tests row; raw log remains authoritative.
/home/ayu23/v9_full_results/v9_20260927_121410/hardware_raw/network_node0/NETWORK_CAPPED_20G/alltoall_perf_nodes2_g8.log,8388608,131072,40781.8,0.21,0.19,Candidate columns from standard nccl-tests row; raw log remains authoritative.
/home/ayu23/v9_full_results/v9_20260927_121410/hardware_raw/network_node0/NETWORK_CAPPED_20G/alltoall_perf_nodes2_g8.log,16777216,262144,64419.7,0.26,0.24,Candidate columns from standard nccl-tests row; raw log remains authoritative.
/home/ayu23/v9_full_results/v9_20260927_121410/hardware_raw/network_node0/NETWORK_CAPPED_20G/alltoall_perf_nodes2_g8.log,33554432,524288,84551.4,0.4,0.37,Candidate columns from standard nccl-tests row; raw log remains authoritative.
/home/ayu23/v9_full_results/v9_20260927_121410/hardware_raw/network_node0/NETWORK_CAPPED_20G/alltoall_perf_nodes2_g8.log,67108864,1048576,159909.0,0.42,0.39,Candidate columns from standard nccl-tests row; raw log remains authoritative.
/home/ayu23/v9_full_results/v9_20260927_121410/hardware_raw/network_node0/NETWORK_CAPPED_20G/alltoall_perf_nodes2_g8.log,134217728,2097152,304947.0,0.44,0.41,Candidate columns from standard nccl-tests row; raw log remains authoritative.
/home/ayu23/v9_full_results/v9_20260927_121410/hardware_raw/network_node0/NETWORK_CAPPED_20G/alltoall_perf_nodes2_g8.log,268435456,4194304,589139.0,0.46,0.43,Candidate columns from standard nccl-tests row; raw log remains authoritative.
/home/ayu23/v9_full_results/v9_20260927_121410/hardware_raw/network_node0/NETWORK_CAPPED_20G/alltoall_perf_nodes2_g8.log,536870912,8388608,1206920.0,0.44,0.42,Candidate columns from standard nccl-tests row; raw log remains authoritative.
/home/ayu23/v9_full_results/v9_20260927_121410/hardware_raw/network_node0/NETWORK_CAPPED_20G/ar_exact_8.log,8,2,82.13,0.0,0.0,Candidate columns from standard nccl-tests row; raw log remains authoritative.
/home/ayu23/v9_full_results/v9_20260927_121410/hardware_raw/network_node0/NETWORK_CAPPED_20G/ar_exact_16.log,16,4,83.98,0.0,0.0,Candidate columns from standard nccl-tests row; raw log remains authoritative.
/home/ayu23/v9_full_results/v9_20260927_121410/hardware_raw/network_node0/NETWORK_CAPPED_20G/ar_exact_1024.log,1024,256,178.69,0.01,0.01,Candidate columns from standard nccl-tests row; raw log remains authoritative.
/home/ayu23/v9_full_results/v9_20260927_121410/hardware_raw/network_node0/NETWORK_CAPPED_20G/ar_exact_2048.log,2048,512,194.0,0.01,0.02,Candidate columns from standard nccl-tests row; raw log remains authoritative.
/home/ayu23/v9_full_results/v9_20260927_121410/hardware_raw/network_node0/NETWORK_CAPPED_20G/ar_exact_4096.log,4096,1024,195.97,0.02,0.04,Candidate columns from standard nccl-tests row; raw log remains authoritative.
/home/ayu23/v9_full_results/v9_20260927_121410/hardware_raw/network_node0/NETWORK_CAPPED_20G/ar_exact_16384.log,16384,4096,218.72,0.07,0.14,Candidate columns from standard nccl-tests row; raw log remains authoritative.
/home/ayu23/v9_full_results/v9_20260927_121410/hardware_raw/network_node0/NETWORK_CAPPED_20G/ar_exact_32768.log,32768,8192,246.75,0.13,0.25,Candidate columns from standard nccl-tests row; raw log remains authoritative.
/home/ayu23/v9_full_results/v9_20260927_121410/hardware_raw/network_node0/NETWORK_CAPPED_20G/ar_exact_65536.log,65536,16384,430.38,0.15,0.29,Candidate columns from standard nccl-tests row; raw log remains authoritative.
/home/ayu23/v9_full_results/v9_20260927_121410/hardware_raw/network_node0/NETWORK_CAPPED_20G/ar_exact_131072.log,131072,32768,705.86,0.19,0.35,Candidate columns from standard nccl-tests row; raw log remains authoritative.
/home/ayu23/v9_full_results/v9_20260927_121410/hardware_raw/network_node0/NETWORK_CAPPED_20G/ar_exact_262144.log,262144,65536,782.72,0.33,0.63,Candidate columns from standard nccl-tests row; raw log remains authoritative.
/home/ayu23/v9_full_results/v9_20260927_121410/hardware_raw/network_node0/NETWORK_CAPPED_20G/ar_exact_524288.log,524288,131072,1261.72,0.42,0.78,Candidate columns from standard nccl-tests row; raw log remains authoritative.
/home/ayu23/v9_full_results/v9_20260927_121410/hardware_raw/network_node0/NETWORK_CAPPED_20G/ar_exact_1048576.log,1048576,262144,2384.12,0.44,0.82,Candidate columns from standard nccl-tests row; raw log remains authoritative.
/home/ayu23/v9_full_results/v9_20260927_121410/hardware_raw/network_node0/NETWORK_CAPPED_20G/ar_exact_2097152.log,2097152,524288,2310.43,0.91,1.7,Candidate columns from standard nccl-tests row; raw log remains authoritative.
/home/ayu23/v9_full_results/v9_20260927_121410/hardware_raw/network_node0/NETWORK_CAPPED_20G/ar_exact_4194304.log,4194304,1048576,4295.5,0.98,1.83,Candidate columns from standard nccl-tests row; raw log remains authoritative.
/home/ayu23/v9_full_results/v9_20260927_121410/hardware_raw/network_node0/NETWORK_CAPPED_20G/ar_exact_8388608.log,8388608,2097152,8004.51,1.05,1.96,Candidate columns from standard nccl-tests row; raw log remains authoritative.
/home/ayu23/v9_full_results/v9_20260927_121410/hardware_raw/network_node0/NETWORK_CAPPED_20G/ar_exact_16777216.log,16777216,4194304,15738.3,1.07,2.0,Candidate columns from standard nccl-tests row; raw log remains authoritative.
/home/ayu23/v9_full_results/v9_20260927_121410/hardware_raw/network_node0/NETWORK_CAPPED_20G/ar_exact_33554432.log,33554432,8388608,30839.2,1.09,2.04,Candidate columns from standard nccl-tests row; raw log remains authoritative.
/home/ayu23/v9_full_results/v9_20260927_121410/hardware_raw/network_node0/NETWORK_CAPPED_20G/ar_exact_67108864.log,67108864,16777216,60677.9,1.11,2.07,Candidate columns from standard nccl-tests row; raw log remains authoritative.
/home/ayu23/v9_full_results/v9_20260927_121410/hardware_raw/network_node0/NETWORK_CAPPED_20G/ar_exact_134217728.log,134217728,33554432,121535.0,1.1,2.07,Candidate columns from standard nccl-tests row; raw log remains authoritative.
/home/ayu23/v9_full_results/v9_20260927_121410/hardware_raw/network_node0/NETWORK_CAPPED_20G/ar_exact_268435456.log,268435456,67108864,244645.0,1.1,2.06,Candidate columns from standard nccl-tests row; raw log remains authoritative.
/home/ayu23/v9_full_results/v9_20260927_121410/hardware_raw/network_node0/NETWORK_CAPPED_20G/ar_exact_536870912.log,536870912,134217728,491717.0,1.09,2.05,Candidate columns from standard nccl-tests row; raw log remains authoritative.
